Category,Name,Offset,NameByCN,NameByEN,NameByVI
PLC/上料轴1_Axis_Pos,上料轴1_Axis_Pos_0,24000,上料轴1_Axis_Pos_0,Loading shaft 1_Axis_Pos_0,Tr?c cho ?n 1_tr?c_??a ?i?m_0
PLC/上料轴1_Axis_Pos,上料轴1_Axis_Pos_1,24002,上料轴1_Axis_Pos_1,Loading shaft 1_Axis_Pos_1,Tr?c cho ?n 1_tr?c_??a ?i?m_1
PLC/上料轴1_Axis_Pos,上料轴1_Axis_Pos_2,24004,上料轴1_Axis_Pos_2,Loading shaft 1_Axis_Pos_2,Tr?c cho ?n 1_tr?c_??a ?i?m_2
PLC/上料轴1_Axis_Pos,上料轴1_Axis_Pos_3,24006,上料轴1_Axis_Pos_3,Loading shaft 1_Axis_Pos_3,Tr?c cho ?n 1_tr?c_??a ?i?m_3
PLC/上料轴1_Axis_Pos,上料轴1_Axis_Pos_4,24008,上料轴1_Axis_Pos_4,Loading shaft 1_Axis_Pos_4,Tr?c cho ?n 1_tr?c_??a ?i?m_4
PLC/上料轴1_Axis_Pos,上料轴1_Axis_Pos_5,24010,上料轴1_Axis_Pos_5,Loading shaft 1_Axis_Pos_5,Tr?c cho ?n 1_tr?c_??a ?i?m_5
PLC/上料轴1_Axis_Pos,上料轴1_Axis_Pos_6,24012,上料轴1_Axis_Pos_6,Loading shaft 1_Axis_Pos_6,Tr?c cho ?n 1_tr?c_??a ?i?m_6
PLC/上料轴1_Axis_Pos,上料轴1_Axis_Pos_7,24014,上料轴1_Axis_Pos_7,Loading shaft 1_Axis_Pos_7,Tr?c cho ?n 1_tr?c_??a ?i?m_7
PLC/上料轴1_Axis_Pos,上料轴1_Axis_Pos_8,24016,上料轴1_Axis_Pos_8,Loading shaft 1_Axis_Pos_8,Tr?c cho ?n 1_tr?c_??a ?i?m_8
PLC/上料轴1_Axis_Pos,上料轴1_Axis_Pos_9,24018,上料轴1_Axis_Pos_9,Loading shaft 1_Axis_Pos_9,Tr?c cho ?n 1_tr?c_??a ?i?m_9
PLC/上料轴1_Axis_Pos,上料轴1_Axis_Pos_10,24020,上料轴1_Axis_Pos_10,Loading shaft 1_Axis_Pos_10,Tr?c cho ?n 1_tr?c_??a ?i?m_10
PLC/上料轴1_Axis_Pos,上料轴1_Axis_Pos_11,24022,上料轴1_Axis_Pos_11,Loading shaft 1_Axis_Pos_11,Tr?c cho ?n 1_tr?c_??a ?i?m_11
PLC/上料轴1_Axis_Pos,上料轴1_Axis_Pos_12,24024,上料轴1_Axis_Pos_12,Loading shaft 1_Axis_Pos_12,Tr?c cho ?n 1_tr?c_??a ?i?m_12
PLC/上料轴1_Axis_Pos,上料轴1_Axis_Pos_13,24026,上料轴1_Axis_Pos_13,Loading shaft 1_Axis_Pos_13,Tr?c cho ?n 1_tr?c_??a ?i?m_13
PLC/上料轴1_Axis_Pos,上料轴1_Axis_Pos_14,24028,上料轴1_Axis_Pos_14,Loading shaft 1_Axis_Pos_14,Tr?c cho ?n 1_tr?c_??a ?i?m_14
PLC/上料轴1_Axis_Pos,上料轴1_Axis_Pos_15,24030,上料轴1_Axis_Pos_15,Loading shaft 1_Axis_Pos_15,Tr?c cho ?n 1_tr?c_??a ?i?m_15
PLC/上料轴1_Axis_Pos,上料轴1_Axis_Pos_16,24032,上料轴1_Axis_Pos_16,Loading shaft 1_Axis_Pos_16,Tr?c cho ?n 1_tr?c_??a ?i?m_16
PLC/上料轴1_Axis_Pos,上料轴1_Axis_Pos_17,24034,上料轴1_Axis_Pos_17,Loading shaft 1_Axis_Pos_17,Tr?c cho ?n 1_tr?c_??a ?i?m_17
PLC/上料轴1_Axis_Pos,上料轴1_Axis_Pos_18,24036,上料轴1_Axis_Pos_18,Loading shaft 1_Axis_Pos_18,Tr?c cho ?n 1_tr?c_??a ?i?m_18
PLC/上料轴1_Axis_Pos,上料轴1_Axis_Pos_19,24038,上料轴1_Axis_Pos_19,Loading shaft 1_Axis_Pos_19,Tr?c cho ?n 1_tr?c_??a ?i?m_19
PLC/上料轴1_Axis_Pos,上料轴1_Axis_Pos_20,24040,上料轴1_Axis_Pos_20,Loading shaft 1_Axis_Pos_20,Tr?c cho ?n 1_tr?c_??a ?i?m_20
PLC/上料轴1_Axis_Pos,上料轴1_Axis_Pos_21,24042,上料轴1_Axis_Pos_21,Loading shaft 1_Axis_Pos_21,Tr?c cho ?n 1_tr?c_??a ?i?m_21
PLC/上料轴1_Axis_Pos,上料轴1_Axis_Pos_22,24044,上料轴1_Axis_Pos_22,Loading shaft 1_Axis_Pos_22,Tr?c cho ?n 1_tr?c_??a ?i?m_22
PLC/上料轴1_Axis_Pos,上料轴1_Axis_Pos_23,24046,上料轴1_Axis_Pos_23,Loading shaft 1_Axis_Pos_23,Tr?c cho ?n 1_tr?c_??a ?i?m_23
PLC/上料轴1_Axis_Pos,上料轴1_Axis_Pos_24,24048,上料轴1_Axis_Pos_24,Loading shaft 1_Axis_Pos_24,Tr?c cho ?n 1_tr?c_??a ?i?m_24
PLC/上料轴1_Axis_Pos,上料轴1_Axis_Pos_25,24050,上料轴1_Axis_Pos_25,Loading shaft 1_Axis_Pos_25,Tr?c cho ?n 1_tr?c_??a ?i?m_25
PLC/上料轴1_Axis_Pos,上料轴1_Axis_Pos_26,24052,上料轴1_Axis_Pos_26,Loading shaft 1_Axis_Pos_26,Tr?c cho ?n 1_tr?c_??a ?i?m_26
PLC/上料轴1_Axis_Pos,上料轴1_Axis_Pos_27,24054,上料轴1_Axis_Pos_27,Loading shaft 1_Axis_Pos_27,Tr?c cho ?n 1_tr?c_??a ?i?m_27
PLC/上料轴1_Axis_Pos,上料轴1_Axis_Pos_28,24056,上料轴1_Axis_Pos_28,Loading shaft 1_Axis_Pos_28,Tr?c cho ?n 1_tr?c_??a ?i?m_28
PLC/上料轴1_Axis_Pos,上料轴1_Axis_Pos_29,24058,上料轴1_Axis_Pos_29,Loading shaft 1_Axis_Pos_29,Tr?c cho ?n 1_tr?c_??a ?i?m_29
PLC/上料轴1_Axis_Pos,上料轴1_Axis_Pos_30,24060,上料轴1_Axis_Pos_30,Loading shaft 1_Axis_Pos_30,Tr?c cho ?n 1_tr?c_??a ?i?m_30
PLC/上料轴1_Axis_Pos,上料轴1_Axis_Pos_31,24062,上料轴1_Axis_Pos_31,Loading shaft 1_Axis_Pos_31,Tr?c cho ?n 1_tr?c_??a ?i?m_31
PLC/上料轴1_Axis_Pos,上料轴1_Axis_Pos_32,24064,上料轴1_Axis_Pos_32,Loading shaft 1_Axis_Pos_32,Tr?c cho ?n 1_tr?c_??a ?i?m_32
PLC/上料轴1_Axis_Pos,上料轴1_Axis_Pos_33,24066,上料轴1_Axis_Pos_33,Loading shaft 1_Axis_Pos_33,Tr?c cho ?n 1_tr?c_??a ?i?m_33
PLC/上料轴1_Axis_Pos,上料轴1_Axis_Pos_34,24068,上料轴1_Axis_Pos_34,Loading shaft 1_Axis_Pos_34,Tr?c cho ?n 1_tr?c_??a ?i?m_34
PLC/上料轴1_Axis_Pos,上料轴1_Axis_Pos_35,24070,上料轴1_Axis_Pos_35,Loading shaft 1_Axis_Pos_35,Tr?c cho ?n 1_tr?c_??a ?i?m_35
PLC/上料轴1_Axis_Pos,上料轴1_Axis_Pos_36,24072,上料轴1_Axis_Pos_36,Loading shaft 1_Axis_Pos_36,Tr?c cho ?n 1_tr?c_??a ?i?m_36
PLC/上料轴1_Axis_Pos,上料轴1_Axis_Pos_37,24074,上料轴1_Axis_Pos_37,Loading shaft 1_Axis_Pos_37,Tr?c cho ?n 1_tr?c_??a ?i?m_37
PLC/上料轴1_Axis_Pos,上料轴1_Axis_Pos_38,24076,上料轴1_Axis_Pos_38,Loading shaft 1_Axis_Pos_38,Tr?c cho ?n 1_tr?c_??a ?i?m_38
PLC/上料轴1_Axis_Pos,上料轴1_Axis_Pos_39,24078,上料轴1_Axis_Pos_39,Loading shaft 1_Axis_Pos_39,Tr?c cho ?n 1_tr?c_??a ?i?m_39
PLC/上料轴1_Axis_Pos,上料轴1_Axis_Pos_40,24080,上料轴1_Axis_Pos_40,Loading shaft 1_Axis_Pos_40,Tr?c cho ?n 1_tr?c_??a ?i?m_40
PLC/上料轴1_Axis_Pos,上料轴1_Axis_Pos_41,24082,上料轴1_Axis_Pos_41,Loading shaft 1_Axis_Pos_41,Tr?c cho ?n 1_tr?c_??a ?i?m_41
PLC/上料轴1_Axis_Pos,上料轴1_Axis_Pos_42,24084,上料轴1_Axis_Pos_42,Loading shaft 1_Axis_Pos_42,Tr?c cho ?n 1_tr?c_??a ?i?m_42
PLC/上料轴1_Axis_Pos,上料轴1_Axis_Pos_43,24086,上料轴1_Axis_Pos_43,Loading shaft 1_Axis_Pos_43,Tr?c cho ?n 1_tr?c_??a ?i?m_43
PLC/上料轴1_Axis_Pos,上料轴1_Axis_Pos_44,24088,上料轴1_Axis_Pos_44,Loading shaft 1_Axis_Pos_44,Tr?c cho ?n 1_tr?c_??a ?i?m_44
PLC/上料轴1_Axis_Pos,上料轴1_Axis_Pos_45,24090,上料轴1_Axis_Pos_45,Loading shaft 1_Axis_Pos_45,Tr?c cho ?n 1_tr?c_??a ?i?m_45
PLC/上料轴1_Axis_Pos,上料轴1_Axis_Pos_46,24092,上料轴1_Axis_Pos_46,Loading shaft 1_Axis_Pos_46,Tr?c cho ?n 1_tr?c_??a ?i?m_46
PLC/上料轴1_Axis_Pos,上料轴1_Axis_Pos_47,24094,上料轴1_Axis_Pos_47,Loading shaft 1_Axis_Pos_47,Tr?c cho ?n 1_tr?c_??a ?i?m_47
PLC/上料轴1_Axis_Pos,上料轴1_Axis_Pos_48,24096,上料轴1_Axis_Pos_48,Loading shaft 1_Axis_Pos_48,Tr?c cho ?n 1_tr?c_??a ?i?m_48
PLC/上料轴1_Axis_Pos,上料轴1_Axis_Pos_49,24098,上料轴1_Axis_Pos_49,Loading shaft 1_Axis_Pos_49,Tr?c cho ?n 1_tr?c_??a ?i?m_49
PLC/上料轴1_Axis_Pos,上料轴1_Axis_Pos_50,24100,上料轴1_Axis_Pos_50,Loading shaft 1_Axis_Pos_50,Tr?c cho ?n 1_tr?c_??a ?i?m_50
PLC/上料轴1_Axis_Pos,上料轴1_Axis_Pos_51,24102,上料轴1_Axis_Pos_51,Loading shaft 1_Axis_Pos_51,Tr?c cho ?n 1_tr?c_??a ?i?m_51
PLC/上料轴1_Axis_Pos,上料轴1_Axis_Pos_52,24104,上料轴1_Axis_Pos_52,Loading shaft 1_Axis_Pos_52,Tr?c cho ?n 1_tr?c_??a ?i?m_52
PLC/上料轴1_Axis_Pos,上料轴1_Axis_Pos_53,24106,上料轴1_Axis_Pos_53,Loading shaft 1_Axis_Pos_53,Tr?c cho ?n 1_tr?c_??a ?i?m_53
PLC/上料轴1_Axis_Pos,上料轴1_Axis_Pos_54,24108,上料轴1_Axis_Pos_54,Loading shaft 1_Axis_Pos_54,Tr?c cho ?n 1_tr?c_??a ?i?m_54
PLC/上料轴1_Axis_Pos,上料轴1_Axis_Pos_55,24110,上料轴1_Axis_Pos_55,Loading shaft 1_Axis_Pos_55,Tr?c cho ?n 1_tr?c_??a ?i?m_55

PLC/上料轴1_Axis_Vel,上料轴1_Axis_Vel_0,24200,上料轴1_Axis_Vel_0,Loading shaft 1_Axis_Vel_0,Tr?c cho ?n 1_tr?c_t?c ??_0
PLC/上料轴1_Axis_Vel,上料轴1_Axis_Vel_1,24202,上料轴1_Axis_Vel_1,Loading shaft 1_Axis_Vel_1,Tr?c cho ?n 1_tr?c_t?c ??_1
PLC/上料轴1_Axis_Vel,上料轴1_Axis_Vel_2,24204,上料轴1_Axis_Vel_2,Loading shaft 1_Axis_Vel_2,Tr?c cho ?n 1_tr?c_t?c ??_2
PLC/上料轴1_Axis_Vel,上料轴1_Axis_Vel_3,24206,上料轴1_Axis_Vel_3,Loading shaft 1_Axis_Vel_3,Tr?c cho ?n 1_tr?c_t?c ??_3
PLC/上料轴1_Axis_Vel,上料轴1_Axis_Vel_4,24208,上料轴1_Axis_Vel_4,Loading shaft 1_Axis_Vel_4,Tr?c cho ?n 1_tr?c_t?c ??_4
PLC/上料轴1_Axis_Vel,上料轴1_Axis_Vel_5,24210,上料轴1_Axis_Vel_5,Loading shaft 1_Axis_Vel_5,Tr?c cho ?n 1_tr?c_t?c ??_5
PLC/上料轴1_Axis_Vel,上料轴1_Axis_Vel_6,24212,上料轴1_Axis_Vel_6,Loading shaft 1_Axis_Vel_6,Tr?c cho ?n 1_tr?c_t?c ??_6
PLC/上料轴1_Axis_Vel,上料轴1_Axis_Vel_7,24214,上料轴1_Axis_Vel_7,Loading shaft 1_Axis_Vel_7,Tr?c cho ?n 1_tr?c_t?c ??_7
PLC/上料轴1_Axis_Vel,上料轴1_Axis_Vel_8,24216,上料轴1_Axis_Vel_8,Loading shaft 1_Axis_Vel_8,Tr?c cho ?n 1_tr?c_t?c ??_8
PLC/上料轴1_Axis_Vel,上料轴1_Axis_Vel_9,24218,上料轴1_Axis_Vel_9,Loading shaft 1_Axis_Vel_9,Tr?c cho ?n 1_tr?c_t?c ??_9
PLC/上料轴1_Axis_Vel,上料轴1_Axis_Vel_10,24220,上料轴1_Axis_Vel_10,Loading shaft 1_Axis_Vel_10,Tr?c cho ?n 1_tr?c_t?c ??_10
PLC/上料轴1_Axis_Vel,上料轴1_Axis_Vel_11,24222,上料轴1_Axis_Vel_11,Loading shaft 1_Axis_Vel_11,Tr?c cho ?n 1_tr?c_t?c ??_11
PLC/上料轴1_Axis_Vel,上料轴1_Axis_Vel_12,24224,上料轴1_Axis_Vel_12,Loading shaft 1_Axis_Vel_12,Tr?c cho ?n 1_tr?c_t?c ??_12
PLC/上料轴1_Axis_Vel,上料轴1_Axis_Vel_13,24226,上料轴1_Axis_Vel_13,Loading shaft 1_Axis_Vel_13,Tr?c cho ?n 1_tr?c_t?c ??_13
PLC/上料轴1_Axis_Vel,上料轴1_Axis_Vel_14,24228,上料轴1_Axis_Vel_14,Loading shaft 1_Axis_Vel_14,Tr?c cho ?n 1_tr?c_t?c ??_14
PLC/上料轴1_Axis_Vel,上料轴1_Axis_Vel_15,24230,上料轴1_Axis_Vel_15,Loading shaft 1_Axis_Vel_15,Tr?c cho ?n 1_tr?c_t?c ??_15
PLC/上料轴1_Axis_Vel,上料轴1_Axis_Vel_16,24232,上料轴1_Axis_Vel_16,Loading shaft 1_Axis_Vel_16,Tr?c cho ?n 1_tr?c_t?c ??_16
PLC/上料轴1_Axis_Vel,上料轴1_Axis_Vel_17,24234,上料轴1_Axis_Vel_17,Loading shaft 1_Axis_Vel_17,Tr?c cho ?n 1_tr?c_t?c ??_17
PLC/上料轴1_Axis_Vel,上料轴1_Axis_Vel_18,24236,上料轴1_Axis_Vel_18,Loading shaft 1_Axis_Vel_18,Tr?c cho ?n 1_tr?c_t?c ??_18
PLC/上料轴1_Axis_Vel,上料轴1_Axis_Vel_19,24238,上料轴1_Axis_Vel_19,Loading shaft 1_Axis_Vel_19,Tr?c cho ?n 1_tr?c_t?c ??_19
PLC/上料轴1_Axis_Vel,上料轴1_Axis_Vel_20,24240,上料轴1_Axis_Vel_20,Loading shaft 1_Axis_Vel_20,Tr?c cho ?n 1_tr?c_t?c ??_20
PLC/上料轴1_Axis_Vel,上料轴1_Axis_Vel_21,24242,上料轴1_Axis_Vel_21,Loading shaft 1_Axis_Vel_21,Tr?c cho ?n 1_tr?c_t?c ??_21
PLC/上料轴1_Axis_Vel,上料轴1_Axis_Vel_22,24244,上料轴1_Axis_Vel_22,Loading shaft 1_Axis_Vel_22,Tr?c cho ?n 1_tr?c_t?c ??_22
PLC/上料轴1_Axis_Vel,上料轴1_Axis_Vel_23,24246,上料轴1_Axis_Vel_23,Loading shaft 1_Axis_Vel_23,Tr?c cho ?n 1_tr?c_t?c ??_23
PLC/上料轴1_Axis_Vel,上料轴1_Axis_Vel_24,24248,上料轴1_Axis_Vel_24,Loading shaft 1_Axis_Vel_24,Tr?c cho ?n 1_tr?c_t?c ??_24
PLC/上料轴1_Axis_Vel,上料轴1_Axis_Vel_25,24250,上料轴1_Axis_Vel_25,Loading shaft 1_Axis_Vel_25,Tr?c cho ?n 1_tr?c_t?c ??_25
PLC/上料轴1_Axis_Vel,上料轴1_Axis_Vel_26,24252,上料轴1_Axis_Vel_26,Loading shaft 1_Axis_Vel_26,Tr?c cho ?n 1_tr?c_t?c ??_26
PLC/上料轴1_Axis_Vel,上料轴1_Axis_Vel_27,24254,上料轴1_Axis_Vel_27,Loading shaft 1_Axis_Vel_27,Tr?c cho ?n 1_tr?c_t?c ??_27
PLC/上料轴1_Axis_Vel,上料轴1_Axis_Vel_28,24256,上料轴1_Axis_Vel_28,Loading shaft 1_Axis_Vel_28,Tr?c cho ?n 1_tr?c_t?c ??_28
PLC/上料轴1_Axis_Vel,上料轴1_Axis_Vel_29,24258,上料轴1_Axis_Vel_29,Loading shaft 1_Axis_Vel_29,Tr?c cho ?n 1_tr?c_t?c ??_29
PLC/上料轴1_Axis_Vel,上料轴1_Axis_Vel_30,24260,上料轴1_Axis_Vel_30,Loading shaft 1_Axis_Vel_30,Tr?c cho ?n 1_tr?c_t?c ??_30
PLC/上料轴1_Axis_Vel,上料轴1_Axis_Vel_31,24262,上料轴1_Axis_Vel_31,Loading shaft 1_Axis_Vel_31,Tr?c cho ?n 1_tr?c_t?c ??_31
PLC/上料轴1_Axis_Vel,上料轴1_Axis_Vel_32,24264,上料轴1_Axis_Vel_32,Loading shaft 1_Axis_Vel_32,Tr?c cho ?n 1_tr?c_t?c ??_32
PLC/上料轴1_Axis_Vel,上料轴1_Axis_Vel_33,24266,上料轴1_Axis_Vel_33,Loading shaft 1_Axis_Vel_33,Tr?c cho ?n 1_tr?c_t?c ??_33
PLC/上料轴1_Axis_Vel,上料轴1_Axis_Vel_34,24268,上料轴1_Axis_Vel_34,Loading shaft 1_Axis_Vel_34,Tr?c cho ?n 1_tr?c_t?c ??_34
PLC/上料轴1_Axis_Vel,上料轴1_Axis_Vel_35,24270,上料轴1_Axis_Vel_35,Loading shaft 1_Axis_Vel_35,Tr?c cho ?n 1_tr?c_t?c ??_35
PLC/上料轴1_Axis_Vel,上料轴1_Axis_Vel_36,24272,上料轴1_Axis_Vel_36,Loading shaft 1_Axis_Vel_36,Tr?c cho ?n 1_tr?c_t?c ??_36
PLC/上料轴1_Axis_Vel,上料轴1_Axis_Vel_37,24274,上料轴1_Axis_Vel_37,Loading shaft 1_Axis_Vel_37,Tr?c cho ?n 1_tr?c_t?c ??_37
PLC/上料轴1_Axis_Vel,上料轴1_Axis_Vel_38,24276,上料轴1_Axis_Vel_38,Loading shaft 1_Axis_Vel_38,Tr?c cho ?n 1_tr?c_t?c ??_38
PLC/上料轴1_Axis_Vel,上料轴1_Axis_Vel_39,24278,上料轴1_Axis_Vel_39,Loading shaft 1_Axis_Vel_39,Tr?c cho ?n 1_tr?c_t?c ??_39
PLC/上料轴1_Axis_Vel,上料轴1_Axis_Vel_40,24280,上料轴1_Axis_Vel_40,Loading shaft 1_Axis_Vel_40,Tr?c cho ?n 1_tr?c_t?c ??_40
PLC/上料轴1_Axis_Vel,上料轴1_Axis_Vel_41,24282,上料轴1_Axis_Vel_41,Loading shaft 1_Axis_Vel_41,Tr?c cho ?n 1_tr?c_t?c ??_41
PLC/上料轴1_Axis_Vel,上料轴1_Axis_Vel_42,24284,上料轴1_Axis_Vel_42,Loading shaft 1_Axis_Vel_42,Tr?c cho ?n 1_tr?c_t?c ??_42
PLC/上料轴1_Axis_Vel,上料轴1_Axis_Vel_43,24286,上料轴1_Axis_Vel_43,Loading shaft 1_Axis_Vel_43,Tr?c cho ?n 1_tr?c_t?c ??_43
PLC/上料轴1_Axis_Vel,上料轴1_Axis_Vel_44,24288,上料轴1_Axis_Vel_44,Loading shaft 1_Axis_Vel_44,Tr?c cho ?n 1_tr?c_t?c ??_44
PLC/上料轴1_Axis_Vel,上料轴1_Axis_Vel_45,24290,上料轴1_Axis_Vel_45,Loading shaft 1_Axis_Vel_45,Tr?c cho ?n 1_tr?c_t?c ??_45
PLC/上料轴1_Axis_Vel,上料轴1_Axis_Vel_46,24292,上料轴1_Axis_Vel_46,Loading shaft 1_Axis_Vel_46,Tr?c cho ?n 1_tr?c_t?c ??_46
PLC/上料轴1_Axis_Vel,上料轴1_Axis_Vel_47,24294,上料轴1_Axis_Vel_47,Loading shaft 1_Axis_Vel_47,Tr?c cho ?n 1_tr?c_t?c ??_47
PLC/上料轴1_Axis_Vel,上料轴1_Axis_Vel_48,24296,上料轴1_Axis_Vel_48,Loading shaft 1_Axis_Vel_48,Tr?c cho ?n 1_tr?c_t?c ??_48
PLC/上料轴1_Axis_Vel,上料轴1_Axis_Vel_49,24298,上料轴1_Axis_Vel_49,Loading shaft 1_Axis_Vel_49,Tr?c cho ?n 1_tr?c_t?c ??_49
PLC/上料轴1_Axis_Vel,上料轴1_Axis_Vel_50,24300,上料轴1_Axis_Vel_50,Loading shaft 1_Axis_Vel_50,Tr?c cho ?n 1_tr?c_t?c ??_50
PLC/上料轴1_Axis_Vel,上料轴1_Axis_Vel_51,24302,上料轴1_Axis_Vel_51,Loading shaft 1_Axis_Vel_51,Tr?c cho ?n 1_tr?c_t?c ??_51
PLC/上料轴1_Axis_Vel,上料轴1_Axis_Vel_52,24304,上料轴1_Axis_Vel_52,Loading shaft 1_Axis_Vel_52,Tr?c cho ?n 1_tr?c_t?c ??_52
PLC/上料轴1_Axis_Vel,上料轴1_Axis_Vel_53,24306,上料轴1_Axis_Vel_53,Loading shaft 1_Axis_Vel_53,Tr?c cho ?n 1_tr?c_t?c ??_53
PLC/上料轴1_Axis_Vel,上料轴1_Axis_Vel_54,24308,上料轴1_Axis_Vel_54,Loading shaft 1_Axis_Vel_54,Tr?c cho ?n 1_tr?c_t?c ??_54
PLC/上料轴1_Axis_Vel,上料轴1_Axis_Vel_55,24310,上料轴1_Axis_Vel_55,Loading shaft 1_Axis_Vel_55,Tr?c cho ?n 1_tr?c_t?c ??_55

PLC/上料轴2_Axis_Pos,上料轴2_Axis_Pos_0,24400,上料轴2_Axis_Pos_0,Loading shaft 2_Axis_Pos_0,Tr?c cho ?n 2_tr?c_??a ?i?m_0
PLC/上料轴2_Axis_Pos,上料轴2_Axis_Pos_1,24402,上料轴2_Axis_Pos_1,Loading shaft 2_Axis_Pos_1,Tr?c cho ?n 2_tr?c_??a ?i?m_1
PLC/上料轴2_Axis_Pos,上料轴2_Axis_Pos_2,24404,上料轴2_Axis_Pos_2,Loading shaft 2_Axis_Pos_2,Tr?c cho ?n 2_tr?c_??a ?i?m_2
PLC/上料轴2_Axis_Pos,上料轴2_Axis_Pos_3,24406,上料轴2_Axis_Pos_3,Loading shaft 2_Axis_Pos_3,Tr?c cho ?n 2_tr?c_??a ?i?m_3
PLC/上料轴2_Axis_Pos,上料轴2_Axis_Pos_4,24408,上料轴2_Axis_Pos_4,Loading shaft 2_Axis_Pos_4,Tr?c cho ?n 2_tr?c_??a ?i?m_4
PLC/上料轴2_Axis_Pos,上料轴2_Axis_Pos_5,24410,上料轴2_Axis_Pos_5,Loading shaft 2_Axis_Pos_5,Tr?c cho ?n 2_tr?c_??a ?i?m_5
PLC/上料轴2_Axis_Pos,上料轴2_Axis_Pos_6,24412,上料轴2_Axis_Pos_6,Loading shaft 2_Axis_Pos_6,Tr?c cho ?n 2_tr?c_??a ?i?m_6
PLC/上料轴2_Axis_Pos,上料轴2_Axis_Pos_7,24414,上料轴2_Axis_Pos_7,Loading shaft 2_Axis_Pos_7,Tr?c cho ?n 2_tr?c_??a ?i?m_7
PLC/上料轴2_Axis_Pos,上料轴2_Axis_Pos_8,24416,上料轴2_Axis_Pos_8,Loading shaft 2_Axis_Pos_8,Tr?c cho ?n 2_tr?c_??a ?i?m_8
PLC/上料轴2_Axis_Pos,上料轴2_Axis_Pos_9,24418,上料轴2_Axis_Pos_9,Loading shaft 2_Axis_Pos_9,Tr?c cho ?n 2_tr?c_??a ?i?m_9
PLC/上料轴2_Axis_Pos,上料轴2_Axis_Pos_10,24420,上料轴2_Axis_Pos_10,Loading shaft 2_Axis_Pos_10,Tr?c cho ?n 2_tr?c_??a ?i?m_10
PLC/上料轴2_Axis_Pos,上料轴2_Axis_Pos_11,24422,上料轴2_Axis_Pos_11,Loading shaft 2_Axis_Pos_11,Tr?c cho ?n 2_tr?c_??a ?i?m_11
PLC/上料轴2_Axis_Pos,上料轴2_Axis_Pos_12,24424,上料轴2_Axis_Pos_12,Loading shaft 2_Axis_Pos_12,Tr?c cho ?n 2_tr?c_??a ?i?m_12
PLC/上料轴2_Axis_Pos,上料轴2_Axis_Pos_13,24426,上料轴2_Axis_Pos_13,Loading shaft 2_Axis_Pos_13,Tr?c cho ?n 2_tr?c_??a ?i?m_13
PLC/上料轴2_Axis_Pos,上料轴2_Axis_Pos_14,24428,上料轴2_Axis_Pos_14,Loading shaft 2_Axis_Pos_14,Tr?c cho ?n 2_tr?c_??a ?i?m_14
PLC/上料轴2_Axis_Pos,上料轴2_Axis_Pos_15,24430,上料轴2_Axis_Pos_15,Loading shaft 2_Axis_Pos_15,Tr?c cho ?n 2_tr?c_??a ?i?m_15
PLC/上料轴2_Axis_Pos,上料轴2_Axis_Pos_16,24432,上料轴2_Axis_Pos_16,Loading shaft 2_Axis_Pos_16,Tr?c cho ?n 2_tr?c_??a ?i?m_16
PLC/上料轴2_Axis_Pos,上料轴2_Axis_Pos_17,24434,上料轴2_Axis_Pos_17,Loading shaft 2_Axis_Pos_17,Tr?c cho ?n 2_tr?c_??a ?i?m_17
PLC/上料轴2_Axis_Pos,上料轴2_Axis_Pos_18,24436,上料轴2_Axis_Pos_18,Loading shaft 2_Axis_Pos_18,Tr?c cho ?n 2_tr?c_??a ?i?m_18
PLC/上料轴2_Axis_Pos,上料轴2_Axis_Pos_19,24438,上料轴2_Axis_Pos_19,Loading shaft 2_Axis_Pos_19,Tr?c cho ?n 2_tr?c_??a ?i?m_19
PLC/上料轴2_Axis_Pos,上料轴2_Axis_Pos_20,24440,上料轴2_Axis_Pos_20,Loading shaft 2_Axis_Pos_20,Tr?c cho ?n 2_tr?c_??a ?i?m_20
PLC/上料轴2_Axis_Pos,上料轴2_Axis_Pos_21,24442,上料轴2_Axis_Pos_21,Loading shaft 2_Axis_Pos_21,Tr?c cho ?n 2_tr?c_??a ?i?m_21
PLC/上料轴2_Axis_Pos,上料轴2_Axis_Pos_22,24444,上料轴2_Axis_Pos_22,Loading shaft 2_Axis_Pos_22,Tr?c cho ?n 2_tr?c_??a ?i?m_22
PLC/上料轴2_Axis_Pos,上料轴2_Axis_Pos_23,24446,上料轴2_Axis_Pos_23,Loading shaft 2_Axis_Pos_23,Tr?c cho ?n 2_tr?c_??a ?i?m_23
PLC/上料轴2_Axis_Pos,上料轴2_Axis_Pos_24,24448,上料轴2_Axis_Pos_24,Loading shaft 2_Axis_Pos_24,Tr?c cho ?n 2_tr?c_??a ?i?m_24
PLC/上料轴2_Axis_Pos,上料轴2_Axis_Pos_25,24450,上料轴2_Axis_Pos_25,Loading shaft 2_Axis_Pos_25,Tr?c cho ?n 2_tr?c_??a ?i?m_25
PLC/上料轴2_Axis_Pos,上料轴2_Axis_Pos_26,24452,上料轴2_Axis_Pos_26,Loading shaft 2_Axis_Pos_26,Tr?c cho ?n 2_tr?c_??a ?i?m_26
PLC/上料轴2_Axis_Pos,上料轴2_Axis_Pos_27,24454,上料轴2_Axis_Pos_27,Loading shaft 2_Axis_Pos_27,Tr?c cho ?n 2_tr?c_??a ?i?m_27
PLC/上料轴2_Axis_Pos,上料轴2_Axis_Pos_28,24456,上料轴2_Axis_Pos_28,Loading shaft 2_Axis_Pos_28,Tr?c cho ?n 2_tr?c_??a ?i?m_28
PLC/上料轴2_Axis_Pos,上料轴2_Axis_Pos_29,24458,上料轴2_Axis_Pos_29,Loading shaft 2_Axis_Pos_29,Tr?c cho ?n 2_tr?c_??a ?i?m_29
PLC/上料轴2_Axis_Pos,上料轴2_Axis_Pos_30,24460,上料轴2_Axis_Pos_30,Loading shaft 2_Axis_Pos_30,Tr?c cho ?n 2_tr?c_??a ?i?m_30
PLC/上料轴2_Axis_Pos,上料轴2_Axis_Pos_31,24462,上料轴2_Axis_Pos_31,Loading shaft 2_Axis_Pos_31,Tr?c cho ?n 2_tr?c_??a ?i?m_31
PLC/上料轴2_Axis_Pos,上料轴2_Axis_Pos_32,24464,上料轴2_Axis_Pos_32,Loading shaft 2_Axis_Pos_32,Tr?c cho ?n 2_tr?c_??a ?i?m_32
PLC/上料轴2_Axis_Pos,上料轴2_Axis_Pos_33,24466,上料轴2_Axis_Pos_33,Loading shaft 2_Axis_Pos_33,Tr?c cho ?n 2_tr?c_??a ?i?m_33
PLC/上料轴2_Axis_Pos,上料轴2_Axis_Pos_34,24468,上料轴2_Axis_Pos_34,Loading shaft 2_Axis_Pos_34,Tr?c cho ?n 2_tr?c_??a ?i?m_34
PLC/上料轴2_Axis_Pos,上料轴2_Axis_Pos_35,24470,上料轴2_Axis_Pos_35,Loading shaft 2_Axis_Pos_35,Tr?c cho ?n 2_tr?c_??a ?i?m_35
PLC/上料轴2_Axis_Pos,上料轴2_Axis_Pos_36,24472,上料轴2_Axis_Pos_36,Loading shaft 2_Axis_Pos_36,Tr?c cho ?n 2_tr?c_??a ?i?m_36
PLC/上料轴2_Axis_Pos,上料轴2_Axis_Pos_37,24474,上料轴2_Axis_Pos_37,Loading shaft 2_Axis_Pos_37,Tr?c cho ?n 2_tr?c_??a ?i?m_37
PLC/上料轴2_Axis_Pos,上料轴2_Axis_Pos_38,24476,上料轴2_Axis_Pos_38,Loading shaft 2_Axis_Pos_38,Tr?c cho ?n 2_tr?c_??a ?i?m_38
PLC/上料轴2_Axis_Pos,上料轴2_Axis_Pos_39,24478,上料轴2_Axis_Pos_39,Loading shaft 2_Axis_Pos_39,Tr?c cho ?n 2_tr?c_??a ?i?m_39
PLC/上料轴2_Axis_Pos,上料轴2_Axis_Pos_40,24480,上料轴2_Axis_Pos_40,Loading shaft 2_Axis_Pos_40,Tr?c cho ?n 2_tr?c_??a ?i?m_40
PLC/上料轴2_Axis_Pos,上料轴2_Axis_Pos_41,24482,上料轴2_Axis_Pos_41,Loading shaft 2_Axis_Pos_41,Tr?c cho ?n 2_tr?c_??a ?i?m_41
PLC/上料轴2_Axis_Pos,上料轴2_Axis_Pos_42,24484,上料轴2_Axis_Pos_42,Loading shaft 2_Axis_Pos_42,Tr?c cho ?n 2_tr?c_??a ?i?m_42
PLC/上料轴2_Axis_Pos,上料轴2_Axis_Pos_43,24486,上料轴2_Axis_Pos_43,Loading shaft 2_Axis_Pos_43,Tr?c cho ?n 2_tr?c_??a ?i?m_43
PLC/上料轴2_Axis_Pos,上料轴2_Axis_Pos_44,24488,上料轴2_Axis_Pos_44,Loading shaft 2_Axis_Pos_44,Tr?c cho ?n 2_tr?c_??a ?i?m_44
PLC/上料轴2_Axis_Pos,上料轴2_Axis_Pos_45,24490,上料轴2_Axis_Pos_45,Loading shaft 2_Axis_Pos_45,Tr?c cho ?n 2_tr?c_??a ?i?m_45
PLC/上料轴2_Axis_Pos,上料轴2_Axis_Pos_46,24492,上料轴2_Axis_Pos_46,Loading shaft 2_Axis_Pos_46,Tr?c cho ?n 2_tr?c_??a ?i?m_46
PLC/上料轴2_Axis_Pos,上料轴2_Axis_Pos_47,24494,上料轴2_Axis_Pos_47,Loading shaft 2_Axis_Pos_47,Tr?c cho ?n 2_tr?c_??a ?i?m_47
PLC/上料轴2_Axis_Pos,上料轴2_Axis_Pos_48,24496,上料轴2_Axis_Pos_48,Loading shaft 2_Axis_Pos_48,Tr?c cho ?n 2_tr?c_??a ?i?m_48
PLC/上料轴2_Axis_Pos,上料轴2_Axis_Pos_49,24498,上料轴2_Axis_Pos_49,Loading shaft 2_Axis_Pos_49,Tr?c cho ?n 2_tr?c_??a ?i?m_49
PLC/上料轴2_Axis_Pos,上料轴2_Axis_Pos_50,24500,上料轴2_Axis_Pos_50,Loading shaft 2_Axis_Pos_50,Tr?c cho ?n 2_tr?c_??a ?i?m_50
PLC/上料轴2_Axis_Pos,上料轴2_Axis_Pos_51,24502,上料轴2_Axis_Pos_51,Loading shaft 2_Axis_Pos_51,Tr?c cho ?n 2_tr?c_??a ?i?m_51
PLC/上料轴2_Axis_Pos,上料轴2_Axis_Pos_52,24504,上料轴2_Axis_Pos_52,Loading shaft 2_Axis_Pos_52,Tr?c cho ?n 2_tr?c_??a ?i?m_52
PLC/上料轴2_Axis_Pos,上料轴2_Axis_Pos_53,24506,上料轴2_Axis_Pos_53,Loading shaft 2_Axis_Pos_53,Tr?c cho ?n 2_tr?c_??a ?i?m_53
PLC/上料轴2_Axis_Pos,上料轴2_Axis_Pos_54,24508,上料轴2_Axis_Pos_54,Loading shaft 2_Axis_Pos_54,Tr?c cho ?n 2_tr?c_??a ?i?m_54
PLC/上料轴2_Axis_Pos,上料轴2_Axis_Pos_55,24510,上料轴2_Axis_Pos_55,Loading shaft 2_Axis_Pos_55,Tr?c cho ?n 2_tr?c_??a ?i?m_55

PLC/上料轴2_Axis_Vel,上料轴2_Axis_Vel_0,24600,上料轴2_Axis_Vel_0,Loading shaft 2_Axis_Vel_0,Tr?c cho ?n 2_tr?c_t?c ??_0
PLC/上料轴2_Axis_Vel,上料轴2_Axis_Vel_1,24602,上料轴2_Axis_Vel_1,Loading shaft 2_Axis_Vel_1,Tr?c cho ?n 2_tr?c_t?c ??_1
PLC/上料轴2_Axis_Vel,上料轴2_Axis_Vel_2,24604,上料轴2_Axis_Vel_2,Loading shaft 2_Axis_Vel_2,Tr?c cho ?n 2_tr?c_t?c ??_2
PLC/上料轴2_Axis_Vel,上料轴2_Axis_Vel_3,24606,上料轴2_Axis_Vel_3,Loading shaft 2_Axis_Vel_3,Tr?c cho ?n 2_tr?c_t?c ??_3
PLC/上料轴2_Axis_Vel,上料轴2_Axis_Vel_4,24608,上料轴2_Axis_Vel_4,Loading shaft 2_Axis_Vel_4,Tr?c cho ?n 2_tr?c_t?c ??_4
PLC/上料轴2_Axis_Vel,上料轴2_Axis_Vel_5,24610,上料轴2_Axis_Vel_5,Loading shaft 2_Axis_Vel_5,Tr?c cho ?n 2_tr?c_t?c ??_5
PLC/上料轴2_Axis_Vel,上料轴2_Axis_Vel_6,24612,上料轴2_Axis_Vel_6,Loading shaft 2_Axis_Vel_6,Tr?c cho ?n 2_tr?c_t?c ??_6
PLC/上料轴2_Axis_Vel,上料轴2_Axis_Vel_7,24614,上料轴2_Axis_Vel_7,Loading shaft 2_Axis_Vel_7,Tr?c cho ?n 2_tr?c_t?c ??_7
PLC/上料轴2_Axis_Vel,上料轴2_Axis_Vel_8,24616,上料轴2_Axis_Vel_8,Loading shaft 2_Axis_Vel_8,Tr?c cho ?n 2_tr?c_t?c ??_8
PLC/上料轴2_Axis_Vel,上料轴2_Axis_Vel_9,24618,上料轴2_Axis_Vel_9,Loading shaft 2_Axis_Vel_9,Tr?c cho ?n 2_tr?c_t?c ??_9
PLC/上料轴2_Axis_Vel,上料轴2_Axis_Vel_10,24620,上料轴2_Axis_Vel_10,Loading shaft 2_Axis_Vel_10,Tr?c cho ?n 2_tr?c_t?c ??_10
PLC/上料轴2_Axis_Vel,上料轴2_Axis_Vel_11,24622,上料轴2_Axis_Vel_11,Loading shaft 2_Axis_Vel_11,Tr?c cho ?n 2_tr?c_t?c ??_11
PLC/上料轴2_Axis_Vel,上料轴2_Axis_Vel_12,24624,上料轴2_Axis_Vel_12,Loading shaft 2_Axis_Vel_12,Tr?c cho ?n 2_tr?c_t?c ??_12
PLC/上料轴2_Axis_Vel,上料轴2_Axis_Vel_13,24626,上料轴2_Axis_Vel_13,Loading shaft 2_Axis_Vel_13,Tr?c cho ?n 2_tr?c_t?c ??_13
PLC/上料轴2_Axis_Vel,上料轴2_Axis_Vel_14,24628,上料轴2_Axis_Vel_14,Loading shaft 2_Axis_Vel_14,Tr?c cho ?n 2_tr?c_t?c ??_14
PLC/上料轴2_Axis_Vel,上料轴2_Axis_Vel_15,24630,上料轴2_Axis_Vel_15,Loading shaft 2_Axis_Vel_15,Tr?c cho ?n 2_tr?c_t?c ??_15
PLC/上料轴2_Axis_Vel,上料轴2_Axis_Vel_16,24632,上料轴2_Axis_Vel_16,Loading shaft 2_Axis_Vel_16,Tr?c cho ?n 2_tr?c_t?c ??_16
PLC/上料轴2_Axis_Vel,上料轴2_Axis_Vel_17,24634,上料轴2_Axis_Vel_17,Loading shaft 2_Axis_Vel_17,Tr?c cho ?n 2_tr?c_t?c ??_17
PLC/上料轴2_Axis_Vel,上料轴2_Axis_Vel_18,24636,上料轴2_Axis_Vel_18,Loading shaft 2_Axis_Vel_18,Tr?c cho ?n 2_tr?c_t?c ??_18
PLC/上料轴2_Axis_Vel,上料轴2_Axis_Vel_19,24638,上料轴2_Axis_Vel_19,Loading shaft 2_Axis_Vel_19,Tr?c cho ?n 2_tr?c_t?c ??_19
PLC/上料轴2_Axis_Vel,上料轴2_Axis_Vel_20,24640,上料轴2_Axis_Vel_20,Loading shaft 2_Axis_Vel_20,Tr?c cho ?n 2_tr?c_t?c ??_20
PLC/上料轴2_Axis_Vel,上料轴2_Axis_Vel_21,24642,上料轴2_Axis_Vel_21,Loading shaft 2_Axis_Vel_21,Tr?c cho ?n 2_tr?c_t?c ??_21
PLC/上料轴2_Axis_Vel,上料轴2_Axis_Vel_22,24644,上料轴2_Axis_Vel_22,Loading shaft 2_Axis_Vel_22,Tr?c cho ?n 2_tr?c_t?c ??_22
PLC/上料轴2_Axis_Vel,上料轴2_Axis_Vel_23,24646,上料轴2_Axis_Vel_23,Loading shaft 2_Axis_Vel_23,Tr?c cho ?n 2_tr?c_t?c ??_23
PLC/上料轴2_Axis_Vel,上料轴2_Axis_Vel_24,24648,上料轴2_Axis_Vel_24,Loading shaft 2_Axis_Vel_24,Tr?c cho ?n 2_tr?c_t?c ??_24
PLC/上料轴2_Axis_Vel,上料轴2_Axis_Vel_25,24650,上料轴2_Axis_Vel_25,Loading shaft 2_Axis_Vel_25,Tr?c cho ?n 2_tr?c_t?c ??_25
PLC/上料轴2_Axis_Vel,上料轴2_Axis_Vel_26,24652,上料轴2_Axis_Vel_26,Loading shaft 2_Axis_Vel_26,Tr?c cho ?n 2_tr?c_t?c ??_26
PLC/上料轴2_Axis_Vel,上料轴2_Axis_Vel_27,24654,上料轴2_Axis_Vel_27,Loading shaft 2_Axis_Vel_27,Tr?c cho ?n 2_tr?c_t?c ??_27
PLC/上料轴2_Axis_Vel,上料轴2_Axis_Vel_28,24656,上料轴2_Axis_Vel_28,Loading shaft 2_Axis_Vel_28,Tr?c cho ?n 2_tr?c_t?c ??_28
PLC/上料轴2_Axis_Vel,上料轴2_Axis_Vel_29,24658,上料轴2_Axis_Vel_29,Loading shaft 2_Axis_Vel_29,Tr?c cho ?n 2_tr?c_t?c ??_29
PLC/上料轴2_Axis_Vel,上料轴2_Axis_Vel_30,24660,上料轴2_Axis_Vel_30,Loading shaft 2_Axis_Vel_30,Tr?c cho ?n 2_tr?c_t?c ??_30
PLC/上料轴2_Axis_Vel,上料轴2_Axis_Vel_31,24662,上料轴2_Axis_Vel_31,Loading shaft 2_Axis_Vel_31,Tr?c cho ?n 2_tr?c_t?c ??_31
PLC/上料轴2_Axis_Vel,上料轴2_Axis_Vel_32,24664,上料轴2_Axis_Vel_32,Loading shaft 2_Axis_Vel_32,Tr?c cho ?n 2_tr?c_t?c ??_32
PLC/上料轴2_Axis_Vel,上料轴2_Axis_Vel_33,24666,上料轴2_Axis_Vel_33,Loading shaft 2_Axis_Vel_33,Tr?c cho ?n 2_tr?c_t?c ??_33
PLC/上料轴2_Axis_Vel,上料轴2_Axis_Vel_34,24668,上料轴2_Axis_Vel_34,Loading shaft 2_Axis_Vel_34,Tr?c cho ?n 2_tr?c_t?c ??_34
PLC/上料轴2_Axis_Vel,上料轴2_Axis_Vel_35,24670,上料轴2_Axis_Vel_35,Loading shaft 2_Axis_Vel_35,Tr?c cho ?n 2_tr?c_t?c ??_35
PLC/上料轴2_Axis_Vel,上料轴2_Axis_Vel_36,24672,上料轴2_Axis_Vel_36,Loading shaft 2_Axis_Vel_36,Tr?c cho ?n 2_tr?c_t?c ??_36
PLC/上料轴2_Axis_Vel,上料轴2_Axis_Vel_37,24674,上料轴2_Axis_Vel_37,Loading shaft 2_Axis_Vel_37,Tr?c cho ?n 2_tr?c_t?c ??_37
PLC/上料轴2_Axis_Vel,上料轴2_Axis_Vel_38,24676,上料轴2_Axis_Vel_38,Loading shaft 2_Axis_Vel_38,Tr?c cho ?n 2_tr?c_t?c ??_38
PLC/上料轴2_Axis_Vel,上料轴2_Axis_Vel_39,24678,上料轴2_Axis_Vel_39,Loading shaft 2_Axis_Vel_39,Tr?c cho ?n 2_tr?c_t?c ??_39
PLC/上料轴2_Axis_Vel,上料轴2_Axis_Vel_40,24680,上料轴2_Axis_Vel_40,Loading shaft 2_Axis_Vel_40,Tr?c cho ?n 2_tr?c_t?c ??_40
PLC/上料轴2_Axis_Vel,上料轴2_Axis_Vel_41,24682,上料轴2_Axis_Vel_41,Loading shaft 2_Axis_Vel_41,Tr?c cho ?n 2_tr?c_t?c ??_41
PLC/上料轴2_Axis_Vel,上料轴2_Axis_Vel_42,24684,上料轴2_Axis_Vel_42,Loading shaft 2_Axis_Vel_42,Tr?c cho ?n 2_tr?c_t?c ??_42
PLC/上料轴2_Axis_Vel,上料轴2_Axis_Vel_43,24686,上料轴2_Axis_Vel_43,Loading shaft 2_Axis_Vel_43,Tr?c cho ?n 2_tr?c_t?c ??_43
PLC/上料轴2_Axis_Vel,上料轴2_Axis_Vel_44,24688,上料轴2_Axis_Vel_44,Loading shaft 2_Axis_Vel_44,Tr?c cho ?n 2_tr?c_t?c ??_44
PLC/上料轴2_Axis_Vel,上料轴2_Axis_Vel_45,24690,上料轴2_Axis_Vel_45,Loading shaft 2_Axis_Vel_45,Tr?c cho ?n 2_tr?c_t?c ??_45
PLC/上料轴2_Axis_Vel,上料轴2_Axis_Vel_46,24692,上料轴2_Axis_Vel_46,Loading shaft 2_Axis_Vel_46,Tr?c cho ?n 2_tr?c_t?c ??_46
PLC/上料轴2_Axis_Vel,上料轴2_Axis_Vel_47,24694,上料轴2_Axis_Vel_47,Loading shaft 2_Axis_Vel_47,Tr?c cho ?n 2_tr?c_t?c ??_47
PLC/上料轴2_Axis_Vel,上料轴2_Axis_Vel_48,24696,上料轴2_Axis_Vel_48,Loading shaft 2_Axis_Vel_48,Tr?c cho ?n 2_tr?c_t?c ??_48
PLC/上料轴2_Axis_Vel,上料轴2_Axis_Vel_49,24698,上料轴2_Axis_Vel_49,Loading shaft 2_Axis_Vel_49,Tr?c cho ?n 2_tr?c_t?c ??_49
PLC/上料轴2_Axis_Vel,上料轴2_Axis_Vel_50,24700,上料轴2_Axis_Vel_50,Loading shaft 2_Axis_Vel_50,Tr?c cho ?n 2_tr?c_t?c ??_50
PLC/上料轴2_Axis_Vel,上料轴2_Axis_Vel_51,24702,上料轴2_Axis_Vel_51,Loading shaft 2_Axis_Vel_51,Tr?c cho ?n 2_tr?c_t?c ??_51
PLC/上料轴2_Axis_Vel,上料轴2_Axis_Vel_52,24704,上料轴2_Axis_Vel_52,Loading shaft 2_Axis_Vel_52,Tr?c cho ?n 2_tr?c_t?c ??_52
PLC/上料轴2_Axis_Vel,上料轴2_Axis_Vel_53,24706,上料轴2_Axis_Vel_53,Loading shaft 2_Axis_Vel_53,Tr?c cho ?n 2_tr?c_t?c ??_53
PLC/上料轴2_Axis_Vel,上料轴2_Axis_Vel_54,24708,上料轴2_Axis_Vel_54,Loading shaft 2_Axis_Vel_54,Tr?c cho ?n 2_tr?c_t?c ??_54
PLC/上料轴2_Axis_Vel,上料轴2_Axis_Vel_55,24710,上料轴2_Axis_Vel_55,Loading shaft 2_Axis_Vel_55,Tr?c cho ?n 2_tr?c_t?c ??_55

PLC/X轴_Axis_Pos,X轴_Axis_Pos_0,24800,X轴_Axis_Pos_0,X axis_Axis_Pos_0,Tr?c X_V? trí_0
PLC/X轴_Axis_Pos,X轴_Axis_Pos_1,24802,X轴_Axis_Pos_1,X axis_Axis_Pos_1,Tr?c X_V? trí_1
PLC/X轴_Axis_Pos,X轴_Axis_Pos_2,24804,X轴_Axis_Pos_2,X axis_Axis_Pos_2,Tr?c X_V? trí_2
PLC/X轴_Axis_Pos,X轴_Axis_Pos_3,24806,X轴_Axis_Pos_3,X axis_Axis_Pos_3,Tr?c X_V? trí_3
PLC/X轴_Axis_Pos,X轴_Axis_Pos_4,24808,X轴_Axis_Pos_4,X axis_Axis_Phos_4,Tr?c X_V? trí_4
PLC/X轴_Axis_Pos,X轴_Axis_Pos_5,24810,X轴_Axis_Pos_5,X axis_Axis_Pos_5,Tr?c X_V? trí_5
PLC/X轴_Axis_Pos,X轴_Axis_Pos_6,24812,X轴_Axis_Pos_6,X axis_Axis_Phos_6,Tr?c X_V? trí_6
PLC/X轴_Axis_Pos,X轴_Axis_Pos_7,24814,X轴_Axis_Pos_7,X axis_Axis_Pos_7,Tr?c X_V? trí_7
PLC/X轴_Axis_Pos,X轴_Axis_Pos_8,24816,X轴_Axis_Pos_8,X axis_Axis_Pos_8,Tr?c X_V? trí_8
PLC/X轴_Axis_Pos,X轴_Axis_Pos_9,24818,X轴_Axis_Pos_9,X axis_Axis_Pos_9,Tr?c X_V? trí_9
PLC/X轴_Axis_Pos,X轴_Axis_Pos_10,24820,X轴_Axis_Pos_10,X axis_Axis_Pos_10,Tr?c X_V? trí_10
PLC/X轴_Axis_Pos,X轴_Axis_Pos_11,24822,X轴_Axis_Pos_11,X axis_Axis_Pos_11,Tr?c X_V? trí_11
PLC/X轴_Axis_Pos,X轴_Axis_Pos_12,24824,X轴_Axis_Pos_12,X axis_Axis_Pos_12,Tr?c X_V? trí_12
PLC/X轴_Axis_Pos,X轴_Axis_Pos_13,24826,X轴_Axis_Pos_13,X axis_Axis_Pos_13,Tr?c X_V? trí_13
PLC/X轴_Axis_Pos,X轴_Axis_Pos_14,24828,X轴_Axis_Pos_14,X axis_Axis_Pos_14,Tr?c X_V? trí_14
PLC/X轴_Axis_Pos,X轴_Axis_Pos_15,24830,X轴_Axis_Pos_15,X axis_Axis_Pos_15,Tr?c X_V? trí_15
PLC/X轴_Axis_Pos,X轴_Axis_Pos_16,24832,X轴_Axis_Pos_16,X axis_Axis_Pos_16,Tr?c X_V? trí_16
PLC/X轴_Axis_Pos,X轴_Axis_Pos_17,24834,X轴_Axis_Pos_17,X axis_Axis_Pos_17,Tr?c X_V? trí_17
PLC/X轴_Axis_Pos,X轴_Axis_Pos_18,24836,X轴_Axis_Pos_18,X axis_Axis_Pos_18,Tr?c X_V? trí_18
PLC/X轴_Axis_Pos,X轴_Axis_Pos_19,24838,X轴_Axis_Pos_19,X axis_Axis_Pos_19,Tr?c X_V? trí_19
PLC/X轴_Axis_Pos,X轴_Axis_Pos_20,24840,X轴_Axis_Pos_20,X axis_Axis_Pos_20,Tr?c X_V? trí_20
PLC/X轴_Axis_Pos,X轴_Axis_Pos_21,24842,X轴_Axis_Pos_21,X axis_Axis_Pos_21,Tr?c X_V? trí_21
PLC/X轴_Axis_Pos,X轴_Axis_Pos_22,24844,X轴_Axis_Pos_22,X axis_Axis_Pos_22,Tr?c X_V? trí_22
PLC/X轴_Axis_Pos,X轴_Axis_Pos_23,24846,X轴_Axis_Pos_23,X axis_Axis_Pos_23,Tr?c X_V? trí_23
PLC/X轴_Axis_Pos,X轴_Axis_Pos_24,24848,X轴_Axis_Pos_24,X axis_Axis_Pos_24,Tr?c X_V? trí_24
PLC/X轴_Axis_Pos,X轴_Axis_Pos_25,24850,X轴_Axis_Pos_25,X axis_Axis_Pos_25,Tr?c X_V? trí_25
PLC/X轴_Axis_Pos,X轴_Axis_Pos_26,24852,X轴_Axis_Pos_26,X axis_Axis_Pos_26,Tr?c X_V? trí_26
PLC/X轴_Axis_Pos,X轴_Axis_Pos_27,24854,X轴_Axis_Pos_27,X axis_Axis_Pos_27,Tr?c X_V? trí_27
PLC/X轴_Axis_Pos,X轴_Axis_Pos_28,24856,X轴_Axis_Pos_28,X axis_Axis_Pos_28,Tr?c X_V? trí_28
PLC/X轴_Axis_Pos,X轴_Axis_Pos_29,24858,X轴_Axis_Pos_29,X axis_Axis_Pos_29,Tr?c X_V? trí_29
PLC/X轴_Axis_Pos,X轴_Axis_Pos_30,24860,X轴_Axis_Pos_30,X axis_Axis_Pos_30,Tr?c X_V? trí_30
PLC/X轴_Axis_Pos,X轴_Axis_Pos_31,24862,X轴_Axis_Pos_31,X axis_Axis_Pos_31,Tr?c X_V? trí_31
PLC/X轴_Axis_Pos,X轴_Axis_Pos_32,24864,X轴_Axis_Pos_32,X axis_Axis_Pos_32,Tr?c X_V? trí_32
PLC/X轴_Axis_Pos,X轴_Axis_Pos_33,24866,X轴_Axis_Pos_33,X axis_Axis_Pos_33,Tr?c X_V? trí_33
PLC/X轴_Axis_Pos,X轴_Axis_Pos_34,24868,X轴_Axis_Pos_34,X axis_Axis_Pos_34,Tr?c X_V? trí_34
PLC/X轴_Axis_Pos,X轴_Axis_Pos_35,24870,X轴_Axis_Pos_35,X axis_Axis_Pos_35,Tr?c X_V? trí_35
PLC/X轴_Axis_Pos,X轴_Axis_Pos_36,24872,X轴_Axis_Pos_36,X axis_Axis_Pos_36,Tr?c X_V? trí_36
PLC/X轴_Axis_Pos,X轴_Axis_Pos_37,24874,X轴_Axis_Pos_37,X axis_Axis_Pos_37,Tr?c X_V? trí_37
PLC/X轴_Axis_Pos,X轴_Axis_Pos_38,24876,X轴_Axis_Pos_38,X axis_Axis_Pos_38,Tr?c X_V? trí_38
PLC/X轴_Axis_Pos,X轴_Axis_Pos_39,24878,X轴_Axis_Pos_39,X axis_Axis_Pos_39,Tr?c X_V? trí_39
PLC/X轴_Axis_Pos,X轴_Axis_Pos_40,24880,X轴_Axis_Pos_40,X axis_Axis_Pos-40,Tr?c X_V? trí_40
PLC/X轴_Axis_Pos,X轴_Axis_Pos_41,24882,X轴_Axis_Pos_41,X axis_Axis_Pos_41,Tr?c X_V? trí_41
PLC/X轴_Axis_Pos,X轴_Axis_Pos_42,24884,X轴_Axis_Pos_42,X axis_Axis_Pos_42,Tr?c X_V? trí_42
PLC/X轴_Axis_Pos,X轴_Axis_Pos_43,24886,X轴_Axis_Pos_43,X axis_Axis_Pos-43,Tr?c X_V? trí_43
PLC/X轴_Axis_Pos,X轴_Axis_Pos_44,24888,X轴_Axis_Pos_44,X axis_Axis_Pos_44,Tr?c X_V? trí_44
PLC/X轴_Axis_Pos,X轴_Axis_Pos_45,24890,X轴_Axis_Pos_45,X axis_Axis_Pos_45,Tr?c X_V? trí_45
PLC/X轴_Axis_Pos,X轴_Axis_Pos_46,24892,X轴_Axis_Pos_46,X axis_Axis_Pos-46,Tr?c X_V? trí_46
PLC/X轴_Axis_Pos,X轴_Axis_Pos_47,24894,X轴_Axis_Pos_47,X axis_Axis_Pos_47,Tr?c X_V? trí_47
PLC/X轴_Axis_Pos,X轴_Axis_Pos_48,24896,X轴_Axis_Pos_48,X axis_Axis_Pos_48,Tr?c X_V? trí_48
PLC/X轴_Axis_Pos,X轴_Axis_Pos_49,24898,X轴_Axis_Pos_49,X axis_Axis_Pos-49,Tr?c X_V? trí_49
PLC/X轴_Axis_Pos,X轴_Axis_Pos_50,24900,X轴_Axis_Pos_50,X axis_Axis_Pos-50,Tr?c X_V? trí_50
PLC/X轴_Axis_Pos,X轴_Axis_Pos_51,24902,X轴_Axis_Pos_51,X axis_Axis_Pos-51,Tr?c X_V? trí_51
PLC/X轴_Axis_Pos,X轴_Axis_Pos_52,24904,X轴_Axis_Pos_52,X axis_Axis_Pos-52,Tr?c X_V? trí_52
PLC/X轴_Axis_Pos,X轴_Axis_Pos_53,24906,X轴_Axis_Pos_53,X axis_Axis_Pos-53,Tr?c X_V? trí_53
PLC/X轴_Axis_Pos,X轴_Axis_Pos_54,24908,X轴_Axis_Pos_54,X axis_Axis_Pos-54,Tr?c X_V? trí_54
PLC/X轴_Axis_Pos,X轴_Axis_Pos_55,24910,X轴_Axis_Pos_55,X axis_Axis_Pos-55,Tr?c X_V? trí_55

PLC/X轴_Axis_Vel,X轴_Axis_Vel_0,25000,X轴_Axis_Vel_0,X axis_Axis_Vel_0,Tr?c X_T?c ??_0
PLC/X轴_Axis_Vel,X轴_Axis_Vel_1,25002,X轴_Axis_Vel_1,X axis_Axis_Vel_1,Tr?c X_T?c ??_1
PLC/X轴_Axis_Vel,X轴_Axis_Vel_2,25004,X轴_Axis_Vel_2,X axis_Axis_Vel_2,Tr?c X_T?c ??_2
PLC/X轴_Axis_Vel,X轴_Axis_Vel_3,25006,X轴_Axis_Vel_3,X axis_Axis_Vel_3,Tr?c X_T?c ??_3
PLC/X轴_Axis_Vel,X轴_Axis_Vel_4,25008,X轴_Axis_Vel_4,X axis_Axis_Vel_4,Tr?c X_T?c ??_4
PLC/X轴_Axis_Vel,X轴_Axis_Vel_5,25010,X轴_Axis_Vel_5,X axis_Axis_Vel_5,Tr?c X_T?c ??_5
PLC/X轴_Axis_Vel,X轴_Axis_Vel_6,25012,X轴_Axis_Vel_6,X axis_Axis_Vel-6,Tr?c X_T?c ??_6
PLC/X轴_Axis_Vel,X轴_Axis_Vel_7,25014,X轴_Axis_Vel_7,X axis_Axis_Vel_7,Tr?c X_T?c ??_7
PLC/X轴_Axis_Vel,X轴_Axis_Vel_8,25016,X轴_Axis_Vel_8,X axis_Axis_Vel_8,Tr?c X_T?c ??_8
PLC/X轴_Axis_Vel,X轴_Axis_Vel_9,25018,X轴_Axis_Vel_9,X axis_Axis_Vel_9,Tr?c X_T?c ??_9
PLC/X轴_Axis_Vel,X轴_Axis_Vel_10,25020,X轴_Axis_Vel_10,X axis_Axis_Vel_10,Tr?c X_T?c ??_10
PLC/X轴_Axis_Vel,X轴_Axis_Vel_11,25022,X轴_Axis_Vel_11,X axis_Axis_Vel_11,Tr?c X_T?c ??_11
PLC/X轴_Axis_Vel,X轴_Axis_Vel_12,25024,X轴_Axis_Vel_12,X axis_Axis_Vel_12,Tr?c X_T?c ??_12
PLC/X轴_Axis_Vel,X轴_Axis_Vel_13,25026,X轴_Axis_Vel_13,X axis_Axis_Vel_13,Tr?c X_T?c ??_13
PLC/X轴_Axis_Vel,X轴_Axis_Vel_14,25028,X轴_Axis_Vel_14,X axis_Axis_Vel_14,Tr?c X_T?c ??_14
PLC/X轴_Axis_Vel,X轴_Axis_Vel_15,25030,X轴_Axis_Vel_15,X axis_Axis_Vel_15,Tr?c X_T?c ??_15
PLC/X轴_Axis_Vel,X轴_Axis_Vel_16,25032,X轴_Axis_Vel_16,X axis_Axis_Vel_16,Tr?c X_T?c ??_16
PLC/X轴_Axis_Vel,X轴_Axis_Vel_17,25034,X轴_Axis_Vel_17,X axis_Axis_Vel_17,Tr?c X_T?c ??_17
PLC/X轴_Axis_Vel,X轴_Axis_Vel_18,25036,X轴_Axis_Vel_18,X axis_Axis_Vel_18,Tr?c X_T?c ??_18
PLC/X轴_Axis_Vel,X轴_Axis_Vel_19,25038,X轴_Axis_Vel_19,X axis_Axis_Vel_19,Tr?c X_T?c ??_19
PLC/X轴_Axis_Vel,X轴_Axis_Vel_20,25040,X轴_Axis_Vel_20,X axis_Axis_Vel_20,Tr?c X_T?c ??_20
PLC/X轴_Axis_Vel,X轴_Axis_Vel_21,25042,X轴_Axis_Vel_21,X axis_Axis_Vel_21,Tr?c X_T?c ??_21
PLC/X轴_Axis_Vel,X轴_Axis_Vel_22,25044,X轴_Axis_Vel_22,X axis_Axis_Vel_22,Tr?c X_T?c ??_22
PLC/X轴_Axis_Vel,X轴_Axis_Vel_23,25046,X轴_Axis_Vel_23,X axis_Axis_Vel_23,Tr?c X_T?c ??_23
PLC/X轴_Axis_Vel,X轴_Axis_Vel_24,25048,X轴_Axis_Vel_24,X axis_Axis_Vel_24,Tr?c X_T?c ??_24
PLC/X轴_Axis_Vel,X轴_Axis_Vel_25,25050,X轴_Axis_Vel_25,X axis_Axis_Vel_25,Tr?c X_T?c ??_25
PLC/X轴_Axis_Vel,X轴_Axis_Vel_26,25052,X轴_Axis_Vel_26,X axis_Axis_Vel_26,Tr?c X_T?c ??_26
PLC/X轴_Axis_Vel,X轴_Axis_Vel_27,25054,X轴_Axis_Vel_27,X axis_Axis_Vel_27,Tr?c X_T?c ??_27
PLC/X轴_Axis_Vel,X轴_Axis_Vel_28,25056,X轴_Axis_Vel_28,X axis_Axis_Vel_28,Tr?c X_T?c ??_28
PLC/X轴_Axis_Vel,X轴_Axis_Vel_29,25058,X轴_Axis_Vel_29,X axis_Axis_Vel_29,Tr?c X_T?c ??_29
PLC/X轴_Axis_Vel,X轴_Axis_Vel_30,25060,X轴_Axis_Vel_30,X axis_Axis_Vel_30,Tr?c X_T?c ??_30
PLC/X轴_Axis_Vel,X轴_Axis_Vel_31,25062,X轴_Axis_Vel_31,X axis_Axis_Vel_31,Tr?c X_T?c ??_31
PLC/X轴_Axis_Vel,X轴_Axis_Vel_32,25064,X轴_Axis_Vel_32,X axis_Axis_Vel_32,Tr?c X_T?c ??_32
PLC/X轴_Axis_Vel,X轴_Axis_Vel_33,25066,X轴_Axis_Vel_33,X axis_Axis_Vel_33,Tr?c X_T?c ??_33
PLC/X轴_Axis_Vel,X轴_Axis_Vel_34,25068,X轴_Axis_Vel_34,X axis_Axis_Vel_34,Tr?c X_T?c ??_34
PLC/X轴_Axis_Vel,X轴_Axis_Vel_35,25070,X轴_Axis_Vel_35,X axis_Axis_Vel_35,Tr?c X_T?c ??_35
PLC/X轴_Axis_Vel,X轴_Axis_Vel_36,25072,X轴_Axis_Vel_36,X axis_Axis_Vel_36,Tr?c X_T?c ??_36
PLC/X轴_Axis_Vel,X轴_Axis_Vel_37,25074,X轴_Axis_Vel_37,X axis_Axis_Vel_37,Tr?c X_T?c ??_37
PLC/X轴_Axis_Vel,X轴_Axis_Vel_38,25076,X轴_Axis_Vel_38,X axis_Axis_Vel_38,Tr?c X_T?c ??_38
PLC/X轴_Axis_Vel,X轴_Axis_Vel_39,25078,X轴_Axis_Vel_39,X axis_Axis_Vel_39,Tr?c X_T?c ??_39
PLC/X轴_Axis_Vel,X轴_Axis_Vel_40,25080,X轴_Axis_Vel_40,X axis_Axis_Vel_40,Tr?c X_T?c ??_40
PLC/X轴_Axis_Vel,X轴_Axis_Vel_41,25082,X轴_Axis_Vel_41,X axis_Axis_Vel_41,Tr?c X_T?c ??_41
PLC/X轴_Axis_Vel,X轴_Axis_Vel_42,25084,X轴_Axis_Vel_42,X axis_Axis_Vel_42,Tr?c X_T?c ??_42
PLC/X轴_Axis_Vel,X轴_Axis_Vel_43,25086,X轴_Axis_Vel_43,X axis_Axis_Vel_43,Tr?c X_T?c ??_43
PLC/X轴_Axis_Vel,X轴_Axis_Vel_44,25088,X轴_Axis_Vel_44,X axis_Axis_Vel_44,Tr?c X_T?c ??_44
PLC/X轴_Axis_Vel,X轴_Axis_Vel_45,25090,X轴_Axis_Vel_45,X axis_Axis_Vel_45,Tr?c X_T?c ??_45
PLC/X轴_Axis_Vel,X轴_Axis_Vel_46,25092,X轴_Axis_Vel_46,X axis_Axis_Vel_46,Tr?c X_T?c ??_46
PLC/X轴_Axis_Vel,X轴_Axis_Vel_47,25094,X轴_Axis_Vel_47,X axis_Axis_Vel_47,Tr?c X_T?c ??_47
PLC/X轴_Axis_Vel,X轴_Axis_Vel_48,25096,X轴_Axis_Vel_48,X axis_Axis_Vel_48,Tr?c X_T?c ??_48
PLC/X轴_Axis_Vel,X轴_Axis_Vel_49,25098,X轴_Axis_Vel_49,X axis_Axis_Vel_49,Tr?c X_T?c ??_49
PLC/X轴_Axis_Vel,X轴_Axis_Vel_50,25100,X轴_Axis_Vel_50,X axis_Axis_Vel_50,Tr?c X_T?c ??_50
PLC/X轴_Axis_Vel,X轴_Axis_Vel_51,25102,X轴_Axis_Vel_51,X axis_Axis_Vel_51,Tr?c X_T?c ??_51
PLC/X轴_Axis_Vel,X轴_Axis_Vel_52,25104,X轴_Axis_Vel_52,X axis_Axis_Vel_52,Tr?c X_T?c ??_52
PLC/X轴_Axis_Vel,X轴_Axis_Vel_53,25106,X轴_Axis_Vel_53,X axis_Axis_Vel_53,Tr?c X_T?c ??_53
PLC/X轴_Axis_Vel,X轴_Axis_Vel_54,25108,X轴_Axis_Vel_54,X axis_Axis_Vel_54,Tr?c X_T?c ??_54
PLC/X轴_Axis_Vel,X轴_Axis_Vel_55,25110,X轴_Axis_Vel_55,X axis_Axis_Vel_55,Tr?c X_T?c ??_55

PLC/Y轴_AYis_Pos,Y轴_AYis_Pos_0,25200,Y轴_AYis_Pos_0,Y aYis_AYis_Pos_0,Tr?c Y_V? trí_0
PLC/Y轴_AYis_Pos,Y轴_AYis_Pos_1,25202,Y轴_AYis_Pos_1,Y aYis_AYis_Pos_1,Tr?c Y_V? trí_1
PLC/Y轴_AYis_Pos,Y轴_AYis_Pos_2,25204,Y轴_AYis_Pos_2,Y aYis_AYis_Pos_2,Tr?c Y_V? trí_2
PLC/Y轴_AYis_Pos,Y轴_AYis_Pos_3,25206,Y轴_AYis_Pos_3,Y aYis_AYis_Pos_3,Tr?c Y_V? trí_3
PLC/Y轴_AYis_Pos,Y轴_AYis_Pos_4,25208,Y轴_AYis_Pos_4,Y aYis_AYis_Phos_4,Tr?c Y_V? trí_4
PLC/Y轴_AYis_Pos,Y轴_AYis_Pos_5,25210,Y轴_AYis_Pos_5,Y aYis_AYis_Pos_5,Tr?c Y_V? trí_5
PLC/Y轴_AYis_Pos,Y轴_AYis_Pos_6,25212,Y轴_AYis_Pos_6,Y aYis_AYis_Phos_6,Tr?c Y_V? trí_6
PLC/Y轴_AYis_Pos,Y轴_AYis_Pos_7,25214,Y轴_AYis_Pos_7,Y aYis_AYis_Pos_7,Tr?c Y_V? trí_7
PLC/Y轴_AYis_Pos,Y轴_AYis_Pos_8,25216,Y轴_AYis_Pos_8,Y aYis_AYis_Pos_8,Tr?c Y_V? trí_8
PLC/Y轴_AYis_Pos,Y轴_AYis_Pos_9,25218,Y轴_AYis_Pos_9,Y aYis_AYis_Pos_9,Tr?c Y_V? trí_9
PLC/Y轴_AYis_Pos,Y轴_AYis_Pos_10,25220,Y轴_AYis_Pos_10,Y aYis_AYis_Pos_10,Tr?c Y_V? trí_10
PLC/Y轴_AYis_Pos,Y轴_AYis_Pos_11,25222,Y轴_AYis_Pos_11,Y aYis_AYis_Pos_11,Tr?c Y_V? trí_11
PLC/Y轴_AYis_Pos,Y轴_AYis_Pos_12,25224,Y轴_AYis_Pos_12,Y aYis_AYis_Pos_12,Tr?c Y_V? trí_12
PLC/Y轴_AYis_Pos,Y轴_AYis_Pos_13,25226,Y轴_AYis_Pos_13,Y aYis_AYis_Pos_13,Tr?c Y_V? trí_13
PLC/Y轴_AYis_Pos,Y轴_AYis_Pos_14,25228,Y轴_AYis_Pos_14,Y aYis_AYis_Pos_14,Tr?c Y_V? trí_14
PLC/Y轴_AYis_Pos,Y轴_AYis_Pos_15,25230,Y轴_AYis_Pos_15,Y aYis_AYis_Pos_15,Tr?c Y_V? trí_15
PLC/Y轴_AYis_Pos,Y轴_AYis_Pos_16,25232,Y轴_AYis_Pos_16,Y aYis_AYis_Pos_16,Tr?c Y_V? trí_16
PLC/Y轴_AYis_Pos,Y轴_AYis_Pos_17,25234,Y轴_AYis_Pos_17,Y aYis_AYis_Pos_17,Tr?c Y_V? trí_17
PLC/Y轴_AYis_Pos,Y轴_AYis_Pos_18,25236,Y轴_AYis_Pos_18,Y aYis_AYis_Pos_18,Tr?c Y_V? trí_18
PLC/Y轴_AYis_Pos,Y轴_AYis_Pos_19,25238,Y轴_AYis_Pos_19,Y aYis_AYis_Pos_19,Tr?c Y_V? trí_19
PLC/Y轴_AYis_Pos,Y轴_AYis_Pos_20,25240,Y轴_AYis_Pos_20,Y aYis_AYis_Pos_20,Tr?c Y_V? trí_20
PLC/Y轴_AYis_Pos,Y轴_AYis_Pos_21,25242,Y轴_AYis_Pos_21,Y aYis_AYis_Pos_21,Tr?c Y_V? trí_21
PLC/Y轴_AYis_Pos,Y轴_AYis_Pos_22,25244,Y轴_AYis_Pos_22,Y aYis_AYis_Pos_22,Tr?c Y_V? trí_22
PLC/Y轴_AYis_Pos,Y轴_AYis_Pos_23,25246,Y轴_AYis_Pos_23,Y aYis_AYis_Pos_23,Tr?c Y_V? trí_23
PLC/Y轴_AYis_Pos,Y轴_AYis_Pos_24,25248,Y轴_AYis_Pos_24,Y aYis_AYis_Pos_24,Tr?c Y_V? trí_24
PLC/Y轴_AYis_Pos,Y轴_AYis_Pos_25,25250,Y轴_AYis_Pos_25,Y aYis_AYis_Pos_25,Tr?c Y_V? trí_25
PLC/Y轴_AYis_Pos,Y轴_AYis_Pos_26,25252,Y轴_AYis_Pos_26,Y aYis_AYis_Pos_26,Tr?c Y_V? trí_26
PLC/Y轴_AYis_Pos,Y轴_AYis_Pos_27,25254,Y轴_AYis_Pos_27,Y aYis_AYis_Pos_27,Tr?c Y_V? trí_27
PLC/Y轴_AYis_Pos,Y轴_AYis_Pos_28,25256,Y轴_AYis_Pos_28,Y aYis_AYis_Pos_28,Tr?c Y_V? trí_28
PLC/Y轴_AYis_Pos,Y轴_AYis_Pos_29,25258,Y轴_AYis_Pos_29,Y aYis_AYis_Pos_29,Tr?c Y_V? trí_29
PLC/Y轴_AYis_Pos,Y轴_AYis_Pos_30,25260,Y轴_AYis_Pos_30,Y aYis_AYis_Pos_30,Tr?c Y_V? trí_30
PLC/Y轴_AYis_Pos,Y轴_AYis_Pos_31,25262,Y轴_AYis_Pos_31,Y aYis_AYis_Pos_31,Tr?c Y_V? trí_31
PLC/Y轴_AYis_Pos,Y轴_AYis_Pos_32,25264,Y轴_AYis_Pos_32,Y aYis_AYis_Pos_32,Tr?c Y_V? trí_32
PLC/Y轴_AYis_Pos,Y轴_AYis_Pos_33,25266,Y轴_AYis_Pos_33,Y aYis_AYis_Pos_33,Tr?c Y_V? trí_33
PLC/Y轴_AYis_Pos,Y轴_AYis_Pos_34,25268,Y轴_AYis_Pos_34,Y aYis_AYis_Pos_34,Tr?c Y_V? trí_34
PLC/Y轴_AYis_Pos,Y轴_AYis_Pos_35,25270,Y轴_AYis_Pos_35,Y aYis_AYis_Pos_35,Tr?c Y_V? trí_35
PLC/Y轴_AYis_Pos,Y轴_AYis_Pos_36,25272,Y轴_AYis_Pos_36,Y aYis_AYis_Pos_36,Tr?c Y_V? trí_36
PLC/Y轴_AYis_Pos,Y轴_AYis_Pos_37,25274,Y轴_AYis_Pos_37,Y aYis_AYis_Pos_37,Tr?c Y_V? trí_37
PLC/Y轴_AYis_Pos,Y轴_AYis_Pos_38,25276,Y轴_AYis_Pos_38,Y aYis_AYis_Pos_38,Tr?c Y_V? trí_38
PLC/Y轴_AYis_Pos,Y轴_AYis_Pos_39,25278,Y轴_AYis_Pos_39,Y aYis_AYis_Pos_39,Tr?c Y_V? trí_39
PLC/Y轴_AYis_Pos,Y轴_AYis_Pos_40,25280,Y轴_AYis_Pos_40,Y aYis_AYis_Pos-40,Tr?c Y_V? trí_40
PLC/Y轴_AYis_Pos,Y轴_AYis_Pos_41,25282,Y轴_AYis_Pos_41,Y aYis_AYis_Pos_41,Tr?c Y_V? trí_41
PLC/Y轴_AYis_Pos,Y轴_AYis_Pos_42,25284,Y轴_AYis_Pos_42,Y aYis_AYis_Pos_42,Tr?c Y_V? trí_42
PLC/Y轴_AYis_Pos,Y轴_AYis_Pos_43,25286,Y轴_AYis_Pos_43,Y aYis_AYis_Pos-43,Tr?c Y_V? trí_43
PLC/Y轴_AYis_Pos,Y轴_AYis_Pos_44,25288,Y轴_AYis_Pos_44,Y aYis_AYis_Pos_44,Tr?c Y_V? trí_44
PLC/Y轴_AYis_Pos,Y轴_AYis_Pos_45,25290,Y轴_AYis_Pos_45,Y aYis_AYis_Pos_45,Tr?c Y_V? trí_45
PLC/Y轴_AYis_Pos,Y轴_AYis_Pos_46,25292,Y轴_AYis_Pos_46,Y aYis_AYis_Pos-46,Tr?c Y_V? trí_46
PLC/Y轴_AYis_Pos,Y轴_AYis_Pos_47,25294,Y轴_AYis_Pos_47,Y aYis_AYis_Pos_47,Tr?c Y_V? trí_47
PLC/Y轴_AYis_Pos,Y轴_AYis_Pos_48,25296,Y轴_AYis_Pos_48,Y aYis_AYis_Pos_48,Tr?c Y_V? trí_48
PLC/Y轴_AYis_Pos,Y轴_AYis_Pos_49,25298,Y轴_AYis_Pos_49,Y aYis_AYis_Pos-49,Tr?c Y_V? trí_49
PLC/Y轴_AYis_Pos,Y轴_AYis_Pos_50,25300,Y轴_AYis_Pos_50,Y aYis_AYis_Pos-50,Tr?c Y_V? trí_50
PLC/Y轴_AYis_Pos,Y轴_AYis_Pos_51,25302,Y轴_AYis_Pos_51,Y aYis_AYis_Pos-51,Tr?c Y_V? trí_51
PLC/Y轴_AYis_Pos,Y轴_AYis_Pos_52,25304,Y轴_AYis_Pos_52,Y aYis_AYis_Pos-52,Tr?c Y_V? trí_52
PLC/Y轴_AYis_Pos,Y轴_AYis_Pos_53,25306,Y轴_AYis_Pos_53,Y aYis_AYis_Pos-53,Tr?c Y_V? trí_53
PLC/Y轴_AYis_Pos,Y轴_AYis_Pos_54,25308,Y轴_AYis_Pos_54,Y aYis_AYis_Pos-54,Tr?c Y_V? trí_54
PLC/Y轴_AYis_Pos,Y轴_AYis_Pos_55,25310,Y轴_AYis_Pos_55,Y aYis_AYis_Pos-55,Tr?c Y_V? trí_55

PLC/Y轴_AYis_Vel,Y轴_AYis_Vel_0,25400,Y轴_AYis_Vel_0,Y aYis_AYis_Vel_0,Tr?c Y_T?c ??_0
PLC/Y轴_AYis_Vel,Y轴_AYis_Vel_1,25402,Y轴_AYis_Vel_1,Y aYis_AYis_Vel_1,Tr?c Y_T?c ??_1
PLC/Y轴_AYis_Vel,Y轴_AYis_Vel_2,25404,Y轴_AYis_Vel_2,Y aYis_AYis_Vel_2,Tr?c Y_T?c ??_2
PLC/Y轴_AYis_Vel,Y轴_AYis_Vel_3,25406,Y轴_AYis_Vel_3,Y aYis_AYis_Vel_3,Tr?c Y_T?c ??_3
PLC/Y轴_AYis_Vel,Y轴_AYis_Vel_4,25408,Y轴_AYis_Vel_4,Y aYis_AYis_Vel_4,Tr?c Y_T?c ??_4
PLC/Y轴_AYis_Vel,Y轴_AYis_Vel_5,25410,Y轴_AYis_Vel_5,Y aYis_AYis_Vel_5,Tr?c Y_T?c ??_5
PLC/Y轴_AYis_Vel,Y轴_AYis_Vel_6,25412,Y轴_AYis_Vel_6,Y aYis_AYis_Vel-6,Tr?c Y_T?c ??_6
PLC/Y轴_AYis_Vel,Y轴_AYis_Vel_7,25414,Y轴_AYis_Vel_7,Y aYis_AYis_Vel_7,Tr?c Y_T?c ??_7
PLC/Y轴_AYis_Vel,Y轴_AYis_Vel_8,25416,Y轴_AYis_Vel_8,Y aYis_AYis_Vel_8,Tr?c Y_T?c ??_8
PLC/Y轴_AYis_Vel,Y轴_AYis_Vel_9,25418,Y轴_AYis_Vel_9,Y aYis_AYis_Vel_9,Tr?c Y_T?c ??_9
PLC/Y轴_AYis_Vel,Y轴_AYis_Vel_10,25420,Y轴_AYis_Vel_10,Y aYis_AYis_Vel_10,Tr?c Y_T?c ??_10
PLC/Y轴_AYis_Vel,Y轴_AYis_Vel_11,25422,Y轴_AYis_Vel_11,Y aYis_AYis_Vel_11,Tr?c Y_T?c ??_11
PLC/Y轴_AYis_Vel,Y轴_AYis_Vel_12,25424,Y轴_AYis_Vel_12,Y aYis_AYis_Vel_12,Tr?c Y_T?c ??_12
PLC/Y轴_AYis_Vel,Y轴_AYis_Vel_13,25426,Y轴_AYis_Vel_13,Y aYis_AYis_Vel_13,Tr?c Y_T?c ??_13
PLC/Y轴_AYis_Vel,Y轴_AYis_Vel_14,25428,Y轴_AYis_Vel_14,Y aYis_AYis_Vel_14,Tr?c Y_T?c ??_14
PLC/Y轴_AYis_Vel,Y轴_AYis_Vel_15,25430,Y轴_AYis_Vel_15,Y aYis_AYis_Vel_15,Tr?c Y_T?c ??_15
PLC/Y轴_AYis_Vel,Y轴_AYis_Vel_16,25432,Y轴_AYis_Vel_16,Y aYis_AYis_Vel_16,Tr?c Y_T?c ??_16
PLC/Y轴_AYis_Vel,Y轴_AYis_Vel_17,25434,Y轴_AYis_Vel_17,Y aYis_AYis_Vel_17,Tr?c Y_T?c ??_17
PLC/Y轴_AYis_Vel,Y轴_AYis_Vel_18,25436,Y轴_AYis_Vel_18,Y aYis_AYis_Vel_18,Tr?c Y_T?c ??_18
PLC/Y轴_AYis_Vel,Y轴_AYis_Vel_19,25438,Y轴_AYis_Vel_19,Y aYis_AYis_Vel_19,Tr?c Y_T?c ??_19
PLC/Y轴_AYis_Vel,Y轴_AYis_Vel_20,25440,Y轴_AYis_Vel_20,Y aYis_AYis_Vel_20,Tr?c Y_T?c ??_20
PLC/Y轴_AYis_Vel,Y轴_AYis_Vel_21,25442,Y轴_AYis_Vel_21,Y aYis_AYis_Vel_21,Tr?c Y_T?c ??_21
PLC/Y轴_AYis_Vel,Y轴_AYis_Vel_22,25444,Y轴_AYis_Vel_22,Y aYis_AYis_Vel_22,Tr?c Y_T?c ??_22
PLC/Y轴_AYis_Vel,Y轴_AYis_Vel_23,25446,Y轴_AYis_Vel_23,Y aYis_AYis_Vel_23,Tr?c Y_T?c ??_23
PLC/Y轴_AYis_Vel,Y轴_AYis_Vel_24,25448,Y轴_AYis_Vel_24,Y aYis_AYis_Vel_24,Tr?c Y_T?c ??_24
PLC/Y轴_AYis_Vel,Y轴_AYis_Vel_25,25450,Y轴_AYis_Vel_25,Y aYis_AYis_Vel_25,Tr?c Y_T?c ??_25
PLC/Y轴_AYis_Vel,Y轴_AYis_Vel_26,25452,Y轴_AYis_Vel_26,Y aYis_AYis_Vel_26,Tr?c Y_T?c ??_26
PLC/Y轴_AYis_Vel,Y轴_AYis_Vel_27,25454,Y轴_AYis_Vel_27,Y aYis_AYis_Vel_27,Tr?c Y_T?c ??_27
PLC/Y轴_AYis_Vel,Y轴_AYis_Vel_28,25456,Y轴_AYis_Vel_28,Y aYis_AYis_Vel_28,Tr?c Y_T?c ??_28
PLC/Y轴_AYis_Vel,Y轴_AYis_Vel_29,25458,Y轴_AYis_Vel_29,Y aYis_AYis_Vel_29,Tr?c Y_T?c ??_29
PLC/Y轴_AYis_Vel,Y轴_AYis_Vel_30,25460,Y轴_AYis_Vel_30,Y aYis_AYis_Vel_30,Tr?c Y_T?c ??_30
PLC/Y轴_AYis_Vel,Y轴_AYis_Vel_31,25462,Y轴_AYis_Vel_31,Y aYis_AYis_Vel_31,Tr?c Y_T?c ??_31
PLC/Y轴_AYis_Vel,Y轴_AYis_Vel_32,25464,Y轴_AYis_Vel_32,Y aYis_AYis_Vel_32,Tr?c Y_T?c ??_32
PLC/Y轴_AYis_Vel,Y轴_AYis_Vel_33,25466,Y轴_AYis_Vel_33,Y aYis_AYis_Vel_33,Tr?c Y_T?c ??_33
PLC/Y轴_AYis_Vel,Y轴_AYis_Vel_34,25468,Y轴_AYis_Vel_34,Y aYis_AYis_Vel_34,Tr?c Y_T?c ??_34
PLC/Y轴_AYis_Vel,Y轴_AYis_Vel_35,25470,Y轴_AYis_Vel_35,Y aYis_AYis_Vel_35,Tr?c Y_T?c ??_35
PLC/Y轴_AYis_Vel,Y轴_AYis_Vel_36,25472,Y轴_AYis_Vel_36,Y aYis_AYis_Vel_36,Tr?c Y_T?c ??_36
PLC/Y轴_AYis_Vel,Y轴_AYis_Vel_37,25474,Y轴_AYis_Vel_37,Y aYis_AYis_Vel_37,Tr?c Y_T?c ??_37
PLC/Y轴_AYis_Vel,Y轴_AYis_Vel_38,25476,Y轴_AYis_Vel_38,Y aYis_AYis_Vel_38,Tr?c Y_T?c ??_38
PLC/Y轴_AYis_Vel,Y轴_AYis_Vel_39,25478,Y轴_AYis_Vel_39,Y aYis_AYis_Vel_39,Tr?c Y_T?c ??_39
PLC/Y轴_AYis_Vel,Y轴_AYis_Vel_40,25480,Y轴_AYis_Vel_40,Y aYis_AYis_Vel_40,Tr?c Y_T?c ??_40
PLC/Y轴_AYis_Vel,Y轴_AYis_Vel_41,25482,Y轴_AYis_Vel_41,Y aYis_AYis_Vel_41,Tr?c Y_T?c ??_41
PLC/Y轴_AYis_Vel,Y轴_AYis_Vel_42,25484,Y轴_AYis_Vel_42,Y aYis_AYis_Vel_42,Tr?c Y_T?c ??_42
PLC/Y轴_AYis_Vel,Y轴_AYis_Vel_43,25486,Y轴_AYis_Vel_43,Y aYis_AYis_Vel_43,Tr?c Y_T?c ??_43
PLC/Y轴_AYis_Vel,Y轴_AYis_Vel_44,25488,Y轴_AYis_Vel_44,Y aYis_AYis_Vel_44,Tr?c Y_T?c ??_44
PLC/Y轴_AYis_Vel,Y轴_AYis_Vel_45,25490,Y轴_AYis_Vel_45,Y aYis_AYis_Vel_45,Tr?c Y_T?c ??_45
PLC/Y轴_AYis_Vel,Y轴_AYis_Vel_46,25492,Y轴_AYis_Vel_46,Y aYis_AYis_Vel_46,Tr?c Y_T?c ??_46
PLC/Y轴_AYis_Vel,Y轴_AYis_Vel_47,25494,Y轴_AYis_Vel_47,Y aYis_AYis_Vel_47,Tr?c Y_T?c ??_47
PLC/Y轴_AYis_Vel,Y轴_AYis_Vel_48,25496,Y轴_AYis_Vel_48,Y aYis_AYis_Vel_48,Tr?c Y_T?c ??_48
PLC/Y轴_AYis_Vel,Y轴_AYis_Vel_49,25498,Y轴_AYis_Vel_49,Y aYis_AYis_Vel_49,Tr?c Y_T?c ??_49
PLC/Y轴_AYis_Vel,Y轴_AYis_Vel_50,25500,Y轴_AYis_Vel_50,Y aYis_AYis_Vel_50,Tr?c Y_T?c ??_50
PLC/Y轴_AYis_Vel,Y轴_AYis_Vel_51,25502,Y轴_AYis_Vel_51,Y aYis_AYis_Vel_51,Tr?c Y_T?c ??_51
PLC/Y轴_AYis_Vel,Y轴_AYis_Vel_52,25504,Y轴_AYis_Vel_52,Y aYis_AYis_Vel_52,Tr?c Y_T?c ??_52
PLC/Y轴_AYis_Vel,Y轴_AYis_Vel_53,25506,Y轴_AYis_Vel_53,Y aYis_AYis_Vel_53,Tr?c Y_T?c ??_53
PLC/Y轴_AYis_Vel,Y轴_AYis_Vel_54,25508,Y轴_AYis_Vel_54,Y aYis_AYis_Vel_54,Tr?c Y_T?c ??_54
PLC/Y轴_AYis_Vel,Y轴_AYis_Vel_55,25510,Y轴_AYis_Vel_55,Y aYis_AYis_Vel_55,Tr?c Y_T?c ??_55

PLC/步进电机_Axis_Pos,步进电机_Axis_Pos_0,25600,步进电机_Axis_Pos_0,stepper motor_Axis_Pos_0,??ng c? b??c_tr?c_??a ?i?m_0
PLC/步进电机_Axis_Pos,步进电机_Axis_Pos_1,25602,步进电机_Axis_Pos_1,stepper motor_Axis_Pos_1,??ng c? b??c_tr?c_??a ?i?m_1
PLC/步进电机_Axis_Pos,步进电机_Axis_Pos_2,25604,步进电机_Axis_Pos_2,stepper motor_Axis_Pos_2,??ng c? b??c_tr?c_??a ?i?m_2
PLC/步进电机_Axis_Pos,步进电机_Axis_Pos_3,25606,步进电机_Axis_Pos_3,stepper motor_Axis_Pos_3,??ng c? b??c_tr?c_??a ?i?m_3
PLC/步进电机_Axis_Pos,步进电机_Axis_Pos_4,25608,步进电机_Axis_Pos_4,stepper motor_Axis_Pos_4,??ng c? b??c_tr?c_??a ?i?m_4
PLC/步进电机_Axis_Pos,步进电机_Axis_Pos_5,25610,步进电机_Axis_Pos_5,stepper motor_Axis_Pos_5,??ng c? b??c_tr?c_??a ?i?m_5
PLC/步进电机_Axis_Pos,步进电机_Axis_Pos_6,25612,步进电机_Axis_Pos_6,stepper motor_Axis_Pos_6,??ng c? b??c_tr?c_??a ?i?m_6
PLC/步进电机_Axis_Pos,步进电机_Axis_Pos_7,25614,步进电机_Axis_Pos_7,stepper motor_Axis_Pos_7,??ng c? b??c_tr?c_??a ?i?m_7
PLC/步进电机_Axis_Pos,步进电机_Axis_Pos_8,25616,步进电机_Axis_Pos_8,stepper motor_Axis_Pos_8,??ng c? b??c_tr?c_??a ?i?m_8
PLC/步进电机_Axis_Pos,步进电机_Axis_Pos_9,25618,步进电机_Axis_Pos_9,stepper motor_Axis_Pos_9,??ng c? b??c_tr?c_??a ?i?m_9
PLC/步进电机_Axis_Pos,步进电机_Axis_Pos_10,25620,步进电机_Axis_Pos_10,stepper motor_Axis_Pos_10,??ng c? b??c_tr?c_??a ?i?m_10
PLC/步进电机_Axis_Pos,步进电机_Axis_Pos_11,25622,步进电机_Axis_Pos_11,stepper motor_Axis_Pos_11,??ng c? b??c_tr?c_??a ?i?m_11
PLC/步进电机_Axis_Pos,步进电机_Axis_Pos_12,25624,步进电机_Axis_Pos_12,stepper motor_Axis_Pos_12,??ng c? b??c_tr?c_??a ?i?m_12
PLC/步进电机_Axis_Pos,步进电机_Axis_Pos_13,25626,步进电机_Axis_Pos_13,stepper motor_Axis_Pos_13,??ng c? b??c_tr?c_??a ?i?m_13
PLC/步进电机_Axis_Pos,步进电机_Axis_Pos_14,25628,步进电机_Axis_Pos_14,stepper motor_Axis_Pos_14,??ng c? b??c_tr?c_??a ?i?m_14
PLC/步进电机_Axis_Pos,步进电机_Axis_Pos_15,25630,步进电机_Axis_Pos_15,stepper motor_Axis_Pos_15,??ng c? b??c_tr?c_??a ?i?m_15
PLC/步进电机_Axis_Pos,步进电机_Axis_Pos_16,25632,步进电机_Axis_Pos_16,stepper motor_Axis_Pos_16,??ng c? b??c_tr?c_??a ?i?m_16
PLC/步进电机_Axis_Pos,步进电机_Axis_Pos_17,25634,步进电机_Axis_Pos_17,stepper motor_Axis_Pos_17,??ng c? b??c_tr?c_??a ?i?m_17
PLC/步进电机_Axis_Pos,步进电机_Axis_Pos_18,25636,步进电机_Axis_Pos_18,stepper motor_Axis_Pos_18,??ng c? b??c_tr?c_??a ?i?m_18
PLC/步进电机_Axis_Pos,步进电机_Axis_Pos_19,25638,步进电机_Axis_Pos_19,stepper motor_Axis_Pos_19,??ng c? b??c_tr?c_??a ?i?m_19
PLC/步进电机_Axis_Pos,步进电机_Axis_Pos_20,25640,步进电机_Axis_Pos_20,stepper motor_Axis_Pos_20,??ng c? b??c_tr?c_??a ?i?m_20
PLC/步进电机_Axis_Pos,步进电机_Axis_Pos_21,25642,步进电机_Axis_Pos_21,stepper motor_Axis_Pos_21,??ng c? b??c_tr?c_??a ?i?m_21
PLC/步进电机_Axis_Pos,步进电机_Axis_Pos_22,25644,步进电机_Axis_Pos_22,stepper motor_Axis_Pos_22,??ng c? b??c_tr?c_??a ?i?m_22
PLC/步进电机_Axis_Pos,步进电机_Axis_Pos_23,25646,步进电机_Axis_Pos_23,stepper motor_Axis_Pos_23,??ng c? b??c_tr?c_??a ?i?m_23
PLC/步进电机_Axis_Pos,步进电机_Axis_Pos_24,25648,步进电机_Axis_Pos_24,stepper motor_Axis_Pos_24,??ng c? b??c_tr?c_??a ?i?m_24
PLC/步进电机_Axis_Pos,步进电机_Axis_Pos_25,25650,步进电机_Axis_Pos_25,stepper motor_Axis_Pos_25,??ng c? b??c_tr?c_??a ?i?m_25
PLC/步进电机_Axis_Pos,步进电机_Axis_Pos_26,25652,步进电机_Axis_Pos_26,stepper motor_Axis_Pos_26,??ng c? b??c_tr?c_??a ?i?m_26
PLC/步进电机_Axis_Pos,步进电机_Axis_Pos_27,25654,步进电机_Axis_Pos_27,stepper motor_Axis_Pos_27,??ng c? b??c_tr?c_??a ?i?m_27
PLC/步进电机_Axis_Pos,步进电机_Axis_Pos_28,25656,步进电机_Axis_Pos_28,stepper motor_Axis_Pos_28,??ng c? b??c_tr?c_??a ?i?m_28
PLC/步进电机_Axis_Pos,步进电机_Axis_Pos_29,25658,步进电机_Axis_Pos_29,stepper motor_Axis_Pos_29,??ng c? b??c_tr?c_??a ?i?m_29
PLC/步进电机_Axis_Pos,步进电机_Axis_Pos_30,25660,步进电机_Axis_Pos_30,stepper motor_Axis_Pos_30,??ng c? b??c_tr?c_??a ?i?m_30
PLC/步进电机_Axis_Pos,步进电机_Axis_Pos_31,25662,步进电机_Axis_Pos_31,stepper motor_Axis_Pos_31,??ng c? b??c_tr?c_??a ?i?m_31
PLC/步进电机_Axis_Pos,步进电机_Axis_Pos_32,25664,步进电机_Axis_Pos_32,stepper motor_Axis_Pos_32,??ng c? b??c_tr?c_??a ?i?m_32
PLC/步进电机_Axis_Pos,步进电机_Axis_Pos_33,25666,步进电机_Axis_Pos_33,stepper motor_Axis_Pos_33,??ng c? b??c_tr?c_??a ?i?m_33
PLC/步进电机_Axis_Pos,步进电机_Axis_Pos_34,25668,步进电机_Axis_Pos_34,stepper motor_Axis_Pos_34,??ng c? b??c_tr?c_??a ?i?m_34
PLC/步进电机_Axis_Pos,步进电机_Axis_Pos_35,25670,步进电机_Axis_Pos_35,stepper motor_Axis_Pos_35,??ng c? b??c_tr?c_??a ?i?m_35
PLC/步进电机_Axis_Pos,步进电机_Axis_Pos_36,25672,步进电机_Axis_Pos_36,stepper motor_Axis_Pos_36,??ng c? b??c_tr?c_??a ?i?m_36
PLC/步进电机_Axis_Pos,步进电机_Axis_Pos_37,25674,步进电机_Axis_Pos_37,stepper motor_Axis_Pos_37,??ng c? b??c_tr?c_??a ?i?m_37
PLC/步进电机_Axis_Pos,步进电机_Axis_Pos_38,25676,步进电机_Axis_Pos_38,stepper motor_Axis_Pos_38,??ng c? b??c_tr?c_??a ?i?m_38
PLC/步进电机_Axis_Pos,步进电机_Axis_Pos_39,25678,步进电机_Axis_Pos_39,stepper motor_Axis_Pos_39,??ng c? b??c_tr?c_??a ?i?m_39
PLC/步进电机_Axis_Pos,步进电机_Axis_Pos_40,25680,步进电机_Axis_Pos_40,stepper motor_Axis_Pos_40,??ng c? b??c_tr?c_??a ?i?m_40
PLC/步进电机_Axis_Pos,步进电机_Axis_Pos_41,25682,步进电机_Axis_Pos_41,stepper motor_Axis_Pos_41,??ng c? b??c_tr?c_??a ?i?m_41
PLC/步进电机_Axis_Pos,步进电机_Axis_Pos_42,25684,步进电机_Axis_Pos_42,stepper motor_Axis_Pos_42,??ng c? b??c_tr?c_??a ?i?m_42
PLC/步进电机_Axis_Pos,步进电机_Axis_Pos_43,25686,步进电机_Axis_Pos_43,stepper motor_Axis_Pos_43,??ng c? b??c_tr?c_??a ?i?m_43
PLC/步进电机_Axis_Pos,步进电机_Axis_Pos_44,25688,步进电机_Axis_Pos_44,stepper motor_Axis_Pos_44,??ng c? b??c_tr?c_??a ?i?m_44
PLC/步进电机_Axis_Pos,步进电机_Axis_Pos_45,25690,步进电机_Axis_Pos_45,stepper motor_Axis_Pos_45,??ng c? b??c_tr?c_??a ?i?m_45
PLC/步进电机_Axis_Pos,步进电机_Axis_Pos_46,25692,步进电机_Axis_Pos_46,stepper motor_Axis_Pos_46,??ng c? b??c_tr?c_??a ?i?m_46
PLC/步进电机_Axis_Pos,步进电机_Axis_Pos_47,25694,步进电机_Axis_Pos_47,stepper motor_Axis_Pos_47,??ng c? b??c_tr?c_??a ?i?m_47
PLC/步进电机_Axis_Pos,步进电机_Axis_Pos_48,25696,步进电机_Axis_Pos_48,stepper motor_Axis_Pos_48,??ng c? b??c_tr?c_??a ?i?m_48
PLC/步进电机_Axis_Pos,步进电机_Axis_Pos_49,25698,步进电机_Axis_Pos_49,stepper motor_Axis_Pos_49,??ng c? b??c_tr?c_??a ?i?m_49
PLC/步进电机_Axis_Pos,步进电机_Axis_Pos_50,25700,步进电机_Axis_Pos_50,stepper motor_Axis_Pos_50,??ng c? b??c_tr?c_??a ?i?m_50
PLC/步进电机_Axis_Pos,步进电机_Axis_Pos_51,25702,步进电机_Axis_Pos_51,stepper motor_Axis_Pos_51,??ng c? b??c_tr?c_??a ?i?m_51
PLC/步进电机_Axis_Pos,步进电机_Axis_Pos_52,25704,步进电机_Axis_Pos_52,stepper motor_Axis_Pos_52,??ng c? b??c_tr?c_??a ?i?m_52
PLC/步进电机_Axis_Pos,步进电机_Axis_Pos_53,25706,步进电机_Axis_Pos_53,stepper motor_Axis_Pos_53,??ng c? b??c_tr?c_??a ?i?m_53
PLC/步进电机_Axis_Pos,步进电机_Axis_Pos_54,25708,步进电机_Axis_Pos_54,stepper motor_Axis_Pos_54,??ng c? b??c_tr?c_??a ?i?m_54
PLC/步进电机_Axis_Pos,步进电机_Axis_Pos_55,25710,步进电机_Axis_Pos_55,stepper motor_Axis_Pos_55,??ng c? b??c_tr?c_??a ?i?m_55

PLC/步进电机_Axis_Vel,步进电机_Axis_Vel_0,25800,步进电机_Axis_Vel_0,stepper motor_Axis_Vel_0,??ng c? b??c_tr?c_t?c ??_0
PLC/步进电机_Axis_Vel,步进电机_Axis_Vel_1,25802,步进电机_Axis_Vel_1,stepper motor_Axis_Vel_1,??ng c? b??c_tr?c_t?c ??_1
PLC/步进电机_Axis_Vel,步进电机_Axis_Vel_2,25804,步进电机_Axis_Vel_2,stepper motor_Axis_Vel_2,??ng c? b??c_tr?c_t?c ??_2
PLC/步进电机_Axis_Vel,步进电机_Axis_Vel_3,25806,步进电机_Axis_Vel_3,stepper motor_Axis_Vel_3,??ng c? b??c_tr?c_t?c ??_3
PLC/步进电机_Axis_Vel,步进电机_Axis_Vel_4,25808,步进电机_Axis_Vel_4,stepper motor_Axis_Vel_4,??ng c? b??c_tr?c_t?c ??_4
PLC/步进电机_Axis_Vel,步进电机_Axis_Vel_5,25810,步进电机_Axis_Vel_5,stepper motor_Axis_Vel_5,??ng c? b??c_tr?c_t?c ??_5
PLC/步进电机_Axis_Vel,步进电机_Axis_Vel_6,25812,步进电机_Axis_Vel_6,stepper motor_Axis_Vel_6,??ng c? b??c_tr?c_t?c ??_6
PLC/步进电机_Axis_Vel,步进电机_Axis_Vel_7,25814,步进电机_Axis_Vel_7,stepper motor_Axis_Vel_7,??ng c? b??c_tr?c_t?c ??_7
PLC/步进电机_Axis_Vel,步进电机_Axis_Vel_8,25816,步进电机_Axis_Vel_8,stepper motor_Axis_Vel_8,??ng c? b??c_tr?c_t?c ??_8
PLC/步进电机_Axis_Vel,步进电机_Axis_Vel_9,25818,步进电机_Axis_Vel_9,stepper motor_Axis_Vel_9,??ng c? b??c_tr?c_t?c ??_9
PLC/步进电机_Axis_Vel,步进电机_Axis_Vel_10,25820,步进电机_Axis_Vel_10,stepper motor_Axis_Vel_10,??ng c? b??c_tr?c_t?c ??_10
PLC/步进电机_Axis_Vel,步进电机_Axis_Vel_11,25822,步进电机_Axis_Vel_11,stepper motor_Axis_Vel_11,??ng c? b??c_tr?c_t?c ??_11
PLC/步进电机_Axis_Vel,步进电机_Axis_Vel_12,25824,步进电机_Axis_Vel_12,stepper motor_Axis_Vel_12,??ng c? b??c_tr?c_t?c ??_12
PLC/步进电机_Axis_Vel,步进电机_Axis_Vel_13,25826,步进电机_Axis_Vel_13,stepper motor_Axis_Vel_13,??ng c? b??c_tr?c_t?c ??_13
PLC/步进电机_Axis_Vel,步进电机_Axis_Vel_14,25828,步进电机_Axis_Vel_14,stepper motor_Axis_Vel_14,??ng c? b??c_tr?c_t?c ??_14
PLC/步进电机_Axis_Vel,步进电机_Axis_Vel_15,25830,步进电机_Axis_Vel_15,stepper motor_Axis_Vel_15,??ng c? b??c_tr?c_t?c ??_15
PLC/步进电机_Axis_Vel,步进电机_Axis_Vel_16,25832,步进电机_Axis_Vel_16,stepper motor_Axis_Vel_16,??ng c? b??c_tr?c_t?c ??_16
PLC/步进电机_Axis_Vel,步进电机_Axis_Vel_17,25834,步进电机_Axis_Vel_17,stepper motor_Axis_Vel_17,??ng c? b??c_tr?c_t?c ??_17
PLC/步进电机_Axis_Vel,步进电机_Axis_Vel_18,25836,步进电机_Axis_Vel_18,stepper motor_Axis_Vel_18,??ng c? b??c_tr?c_t?c ??_18
PLC/步进电机_Axis_Vel,步进电机_Axis_Vel_19,25838,步进电机_Axis_Vel_19,stepper motor_Axis_Vel_19,??ng c? b??c_tr?c_t?c ??_19
PLC/步进电机_Axis_Vel,步进电机_Axis_Vel_20,25840,步进电机_Axis_Vel_20,stepper motor_Axis_Vel_20,??ng c? b??c_tr?c_t?c ??_20
PLC/步进电机_Axis_Vel,步进电机_Axis_Vel_21,25842,步进电机_Axis_Vel_21,stepper motor_Axis_Vel_21,??ng c? b??c_tr?c_t?c ??_21
PLC/步进电机_Axis_Vel,步进电机_Axis_Vel_22,25844,步进电机_Axis_Vel_22,stepper motor_Axis_Vel_22,??ng c? b??c_tr?c_t?c ??_22
PLC/步进电机_Axis_Vel,步进电机_Axis_Vel_23,25846,步进电机_Axis_Vel_23,stepper motor_Axis_Vel_23,??ng c? b??c_tr?c_t?c ??_23
PLC/步进电机_Axis_Vel,步进电机_Axis_Vel_24,25848,步进电机_Axis_Vel_24,stepper motor_Axis_Vel_24,??ng c? b??c_tr?c_t?c ??_24
PLC/步进电机_Axis_Vel,步进电机_Axis_Vel_25,25850,步进电机_Axis_Vel_25,stepper motor_Axis_Vel_25,??ng c? b??c_tr?c_t?c ??_25
PLC/步进电机_Axis_Vel,步进电机_Axis_Vel_26,25852,步进电机_Axis_Vel_26,stepper motor_Axis_Vel_26,??ng c? b??c_tr?c_t?c ??_26
PLC/步进电机_Axis_Vel,步进电机_Axis_Vel_27,25854,步进电机_Axis_Vel_27,stepper motor_Axis_Vel_27,??ng c? b??c_tr?c_t?c ??_27
PLC/步进电机_Axis_Vel,步进电机_Axis_Vel_28,25856,步进电机_Axis_Vel_28,stepper motor_Axis_Vel_28,??ng c? b??c_tr?c_t?c ??_28
PLC/步进电机_Axis_Vel,步进电机_Axis_Vel_29,25858,步进电机_Axis_Vel_29,stepper motor_Axis_Vel_29,??ng c? b??c_tr?c_t?c ??_29
PLC/步进电机_Axis_Vel,步进电机_Axis_Vel_30,25860,步进电机_Axis_Vel_30,stepper motor_Axis_Vel_30,??ng c? b??c_tr?c_t?c ??_30
PLC/步进电机_Axis_Vel,步进电机_Axis_Vel_31,25862,步进电机_Axis_Vel_31,stepper motor_Axis_Vel_31,??ng c? b??c_tr?c_t?c ??_31
PLC/步进电机_Axis_Vel,步进电机_Axis_Vel_32,25864,步进电机_Axis_Vel_32,stepper motor_Axis_Vel_32,??ng c? b??c_tr?c_t?c ??_32
PLC/步进电机_Axis_Vel,步进电机_Axis_Vel_33,25866,步进电机_Axis_Vel_33,stepper motor_Axis_Vel_33,??ng c? b??c_tr?c_t?c ??_33
PLC/步进电机_Axis_Vel,步进电机_Axis_Vel_34,25868,步进电机_Axis_Vel_34,stepper motor_Axis_Vel_34,??ng c? b??c_tr?c_t?c ??_34
PLC/步进电机_Axis_Vel,步进电机_Axis_Vel_35,25870,步进电机_Axis_Vel_35,stepper motor_Axis_Vel_35,??ng c? b??c_tr?c_t?c ??_35
PLC/步进电机_Axis_Vel,步进电机_Axis_Vel_36,25872,步进电机_Axis_Vel_36,stepper motor_Axis_Vel_36,??ng c? b??c_tr?c_t?c ??_36
PLC/步进电机_Axis_Vel,步进电机_Axis_Vel_37,25874,步进电机_Axis_Vel_37,stepper motor_Axis_Vel_37,??ng c? b??c_tr?c_t?c ??_37
PLC/步进电机_Axis_Vel,步进电机_Axis_Vel_38,25876,步进电机_Axis_Vel_38,stepper motor_Axis_Vel_38,??ng c? b??c_tr?c_t?c ??_38
PLC/步进电机_Axis_Vel,步进电机_Axis_Vel_39,25878,步进电机_Axis_Vel_39,stepper motor_Axis_Vel_39,??ng c? b??c_tr?c_t?c ??_39
PLC/步进电机_Axis_Vel,步进电机_Axis_Vel_40,25880,步进电机_Axis_Vel_40,stepper motor_Axis_Vel_40,??ng c? b??c_tr?c_t?c ??_40
PLC/步进电机_Axis_Vel,步进电机_Axis_Vel_41,25882,步进电机_Axis_Vel_41,stepper motor_Axis_Vel_41,??ng c? b??c_tr?c_t?c ??_41
PLC/步进电机_Axis_Vel,步进电机_Axis_Vel_42,25884,步进电机_Axis_Vel_42,stepper motor_Axis_Vel_42,??ng c? b??c_tr?c_t?c ??_42
PLC/步进电机_Axis_Vel,步进电机_Axis_Vel_43,25886,步进电机_Axis_Vel_43,stepper motor_Axis_Vel_43,??ng c? b??c_tr?c_t?c ??_43
PLC/步进电机_Axis_Vel,步进电机_Axis_Vel_44,25888,步进电机_Axis_Vel_44,stepper motor_Axis_Vel_44,??ng c? b??c_tr?c_t?c ??_44
PLC/步进电机_Axis_Vel,步进电机_Axis_Vel_45,25890,步进电机_Axis_Vel_45,stepper motor_Axis_Vel_45,??ng c? b??c_tr?c_t?c ??_45
PLC/步进电机_Axis_Vel,步进电机_Axis_Vel_46,25892,步进电机_Axis_Vel_46,stepper motor_Axis_Vel_46,??ng c? b??c_tr?c_t?c ??_46
PLC/步进电机_Axis_Vel,步进电机_Axis_Vel_47,25894,步进电机_Axis_Vel_47,stepper motor_Axis_Vel_47,??ng c? b??c_tr?c_t?c ??_47
PLC/步进电机_Axis_Vel,步进电机_Axis_Vel_48,25896,步进电机_Axis_Vel_48,stepper motor_Axis_Vel_48,??ng c? b??c_tr?c_t?c ??_48
PLC/步进电机_Axis_Vel,步进电机_Axis_Vel_49,25898,步进电机_Axis_Vel_49,stepper motor_Axis_Vel_49,??ng c? b??c_tr?c_t?c ??_49
PLC/步进电机_Axis_Vel,步进电机_Axis_Vel_50,25900,步进电机_Axis_Vel_50,stepper motor_Axis_Vel_50,??ng c? b??c_tr?c_t?c ??_50
PLC/步进电机_Axis_Vel,步进电机_Axis_Vel_51,25902,步进电机_Axis_Vel_51,stepper motor_Axis_Vel_51,??ng c? b??c_tr?c_t?c ??_51
PLC/步进电机_Axis_Vel,步进电机_Axis_Vel_52,25904,步进电机_Axis_Vel_52,stepper motor_Axis_Vel_52,??ng c? b??c_tr?c_t?c ??_52
PLC/步进电机_Axis_Vel,步进电机_Axis_Vel_53,25906,步进电机_Axis_Vel_53,stepper motor_Axis_Vel_53,??ng c? b??c_tr?c_t?c ??_53
PLC/步进电机_Axis_Vel,步进电机_Axis_Vel_54,25908,步进电机_Axis_Vel_54,stepper motor_Axis_Vel_54,??ng c? b??c_tr?c_t?c ??_54
PLC/步进电机_Axis_Vel,步进电机_Axis_Vel_55,25910,步进电机_Axis_Vel_55,stepper motor_Axis_Vel_55,??ng c? b??c_tr?c_t?c ??_55

PLC/取料1Z轴_Axis_Pos,取料1Z轴_Axis_Pos_0,26000,取料1Z轴_Axis_Pos_0,Material taking 1Z-axis_Axis_Pos-0,L?y 1Z_tr?c_??a ?i?m_0
PLC/取料1Z轴_Axis_Pos,取料1Z轴_Axis_Pos_1,26002,取料1Z轴_Axis_Pos_1,Material taking 1Z-axis_Axis_Pos_1,L?y 1Z_tr?c_??a ?i?m_1
PLC/取料1Z轴_Axis_Pos,取料1Z轴_Axis_Pos_2,26004,取料1Z轴_Axis_Pos_2,Material taking 1Z-axis_Axis_Pos_2,L?y 1Z_tr?c_??a ?i?m_2
PLC/取料1Z轴_Axis_Pos,取料1Z轴_Axis_Pos_3,26006,取料1Z轴_Axis_Pos_3,Material taking 1Z-axis_Axis_Pos_3,L?y 1Z_tr?c_??a ?i?m_3
PLC/取料1Z轴_Axis_Pos,取料1Z轴_Axis_Pos_4,26008,取料1Z轴_Axis_Pos_4,Material taking 1Z-axis_Axis_Pos_4,L?y 1Z_tr?c_??a ?i?m_4
PLC/取料1Z轴_Axis_Pos,取料1Z轴_Axis_Pos_5,26010,取料1Z轴_Axis_Pos_5,Material taking 1Z-axis_Axis_Pos_5,L?y 1Z_tr?c_??a ?i?m_5
PLC/取料1Z轴_Axis_Pos,取料1Z轴_Axis_Pos_6,26012,取料1Z轴_Axis_Pos_6,Material taking 1Z-axis_Axis_Pos-6,L?y 1Z_tr?c_??a ?i?m_6
PLC/取料1Z轴_Axis_Pos,取料1Z轴_Axis_Pos_7,26014,取料1Z轴_Axis_Pos_7,Material taking 1Z-axis_Axis_Pos_7,L?y 1Z_tr?c_??a ?i?m_7
PLC/取料1Z轴_Axis_Pos,取料1Z轴_Axis_Pos_8,26016,取料1Z轴_Axis_Pos_8,Material taking 1Z-axis_Axis_Pos_8,L?y 1Z_tr?c_??a ?i?m_8
PLC/取料1Z轴_Axis_Pos,取料1Z轴_Axis_Pos_9,26018,取料1Z轴_Axis_Pos_9,Material taking 1Z-axis_Axis_Pos_9,L?y 1Z_tr?c_??a ?i?m_9
PLC/取料1Z轴_Axis_Pos,取料1Z轴_Axis_Pos_10,26020,取料1Z轴_Axis_Pos_10,Material taking 1Z-axis_Axis_Pos_10,L?y 1Z_tr?c_??a ?i?m_10
PLC/取料1Z轴_Axis_Pos,取料1Z轴_Axis_Pos_11,26022,取料1Z轴_Axis_Pos_11,Material taking 1Z-axis_Axis_Pos_11,L?y 1Z_tr?c_??a ?i?m_11
PLC/取料1Z轴_Axis_Pos,取料1Z轴_Axis_Pos_12,26024,取料1Z轴_Axis_Pos_12,Material taking 1Z-axis_Axis_Pos_12,L?y 1Z_tr?c_??a ?i?m_12
PLC/取料1Z轴_Axis_Pos,取料1Z轴_Axis_Pos_13,26026,取料1Z轴_Axis_Pos_13,Material taking 1Z-axis_Axis_Pos_13,L?y 1Z_tr?c_??a ?i?m_13
PLC/取料1Z轴_Axis_Pos,取料1Z轴_Axis_Pos_14,26028,取料1Z轴_Axis_Pos_14,Material taking 1Z-axis_Axis_Pos_14,L?y 1Z_tr?c_??a ?i?m_14
PLC/取料1Z轴_Axis_Pos,取料1Z轴_Axis_Pos_15,26030,取料1Z轴_Axis_Pos_15,Material taking 1Z-axis_Axis_Pos_15,L?y 1Z_tr?c_??a ?i?m_15
PLC/取料1Z轴_Axis_Pos,取料1Z轴_Axis_Pos_16,26032,取料1Z轴_Axis_Pos_16,Material taking 1Z-axis_Axis_Pos_16,L?y 1Z_tr?c_??a ?i?m_16
PLC/取料1Z轴_Axis_Pos,取料1Z轴_Axis_Pos_17,26034,取料1Z轴_Axis_Pos_17,Material taking 1Z-axis_Axis_Pos_17,L?y 1Z_tr?c_??a ?i?m_17
PLC/取料1Z轴_Axis_Pos,取料1Z轴_Axis_Pos_18,26036,取料1Z轴_Axis_Pos_18,Material taking 1Z-axis_Axis_Pos_18,L?y 1Z_tr?c_??a ?i?m_18
PLC/取料1Z轴_Axis_Pos,取料1Z轴_Axis_Pos_19,26038,取料1Z轴_Axis_Pos_19,Material taking 1Z-axis_Axis_Pos_19,L?y 1Z_tr?c_??a ?i?m_19
PLC/取料1Z轴_Axis_Pos,取料1Z轴_Axis_Pos_20,26040,取料1Z轴_Axis_Pos_20,Material taking: Z-axis _Axis_Pos_20,L?y 1Z_tr?c_??a ?i?m_20
PLC/取料1Z轴_Axis_Pos,取料1Z轴_Axis_Pos_21,26042,取料1Z轴_Axis_Pos_21,Material taking: Z-axis _Axis_Pos_21,L?y 1Z_tr?c_??a ?i?m_21
PLC/取料1Z轴_Axis_Pos,取料1Z轴_Axis_Pos_22,26044,取料1Z轴_Axis_Pos_22,Material taking: Z-axis _Axis_Pos_22,L?y 1Z_tr?c_??a ?i?m_22
PLC/取料1Z轴_Axis_Pos,取料1Z轴_Axis_Pos_23,26046,取料1Z轴_Axis_Pos_23,Material taking: Z-axis _Axis_Pos_23,L?y 1Z_tr?c_??a ?i?m_23
PLC/取料1Z轴_Axis_Pos,取料1Z轴_Axis_Pos_24,26048,取料1Z轴_Axis_Pos_24,Material taking: Z-axis _Axis_Pos_24,L?y 1Z_tr?c_??a ?i?m_24
PLC/取料1Z轴_Axis_Pos,取料1Z轴_Axis_Pos_25,26050,取料1Z轴_Axis_Pos_25,Material taking: Z-axis _Axis_Pos_25,L?y 1Z_tr?c_??a ?i?m_25
PLC/取料1Z轴_Axis_Pos,取料1Z轴_Axis_Pos_26,26052,取料1Z轴_Axis_Pos_26,Material taking: Z-axis _Axis_Pos_26,L?y 1Z_tr?c_??a ?i?m_26
PLC/取料1Z轴_Axis_Pos,取料1Z轴_Axis_Pos_27,26054,取料1Z轴_Axis_Pos_27,Material taking: Z-axis _Axis_Pos_27,L?y 1Z_tr?c_??a ?i?m_27
PLC/取料1Z轴_Axis_Pos,取料1Z轴_Axis_Pos_28,26056,取料1Z轴_Axis_Pos_28,Material taking: Z-axis _Axis_Pos_28,L?y 1Z_tr?c_??a ?i?m_28
PLC/取料1Z轴_Axis_Pos,取料1Z轴_Axis_Pos_29,26058,取料1Z轴_Axis_Pos_29,Material taking: Z-axis _Axis_Pos_29,L?y 1Z_tr?c_??a ?i?m_29
PLC/取料1Z轴_Axis_Pos,取料1Z轴_Axis_Pos_30,26060,取料1Z轴_Axis_Pos_30,Material taking: Z-axis _Axis_Pos_30,L?y 1Z_tr?c_??a ?i?m_30
PLC/取料1Z轴_Axis_Pos,取料1Z轴_Axis_Pos_31,26062,取料1Z轴_Axis_Pos_31,Material taking: Z-axis _Axis_Pos_31,L?y 1Z_tr?c_??a ?i?m_31
PLC/取料1Z轴_Axis_Pos,取料1Z轴_Axis_Pos_32,26064,取料1Z轴_Axis_Pos_32,Material taking: Z-axis _Axis_Pos_32,L?y 1Z_tr?c_??a ?i?m_32
PLC/取料1Z轴_Axis_Pos,取料1Z轴_Axis_Pos_33,26066,取料1Z轴_Axis_Pos_33,Material taking: Z-axis _Axis_Pos_33,L?y 1Z_tr?c_??a ?i?m_33
PLC/取料1Z轴_Axis_Pos,取料1Z轴_Axis_Pos_34,26068,取料1Z轴_Axis_Pos_34,Material taking: Z-axis _Axis_Pos_34,L?y 1Z_tr?c_??a ?i?m_34
PLC/取料1Z轴_Axis_Pos,取料1Z轴_Axis_Pos_35,26070,取料1Z轴_Axis_Pos_35,Material taking: Z-axis _Axis_Pos_35,L?y 1Z_tr?c_??a ?i?m_35
PLC/取料1Z轴_Axis_Pos,取料1Z轴_Axis_Pos_36,26072,取料1Z轴_Axis_Pos_36,Material taking: Z-axis _Axis_Pos_36,L?y 1Z_tr?c_??a ?i?m_36
PLC/取料1Z轴_Axis_Pos,取料1Z轴_Axis_Pos_37,26074,取料1Z轴_Axis_Pos_37,Material taking: Z-axis _Axis_Pos_37,L?y 1Z_tr?c_??a ?i?m_37
PLC/取料1Z轴_Axis_Pos,取料1Z轴_Axis_Pos_38,26076,取料1Z轴_Axis_Pos_38,Material taking: Z-axis _Axis_Pos_38,L?y 1Z_tr?c_??a ?i?m_38
PLC/取料1Z轴_Axis_Pos,取料1Z轴_Axis_Pos_39,26078,取料1Z轴_Axis_Pos_39,Material taking: Z-axis _Axis_Pos_39,L?y 1Z_tr?c_??a ?i?m_39
PLC/取料1Z轴_Axis_Pos,取料1Z轴_Axis_Pos_40,26080,取料1Z轴_Axis_Pos_40,Material taking: Z-axis _Axis_Pos_40,L?y 1Z_tr?c_??a ?i?m_40
PLC/取料1Z轴_Axis_Pos,取料1Z轴_Axis_Pos_41,26082,取料1Z轴_Axis_Pos_41,Material taking: Z-axis _Axis_Pos_41,L?y 1Z_tr?c_??a ?i?m_41
PLC/取料1Z轴_Axis_Pos,取料1Z轴_Axis_Pos_42,26084,取料1Z轴_Axis_Pos_42,Material taking: Z-axis _Axis_Pos_42,L?y 1Z_tr?c_??a ?i?m_42
PLC/取料1Z轴_Axis_Pos,取料1Z轴_Axis_Pos_43,26086,取料1Z轴_Axis_Pos_43,Material taking: Z-axis _Axis_Pos_43,L?y 1Z_tr?c_??a ?i?m_43
PLC/取料1Z轴_Axis_Pos,取料1Z轴_Axis_Pos_44,26088,取料1Z轴_Axis_Pos_44,Material taking: Z-axis _Axis_Pos_44,L?y 1Z_tr?c_??a ?i?m_44
PLC/取料1Z轴_Axis_Pos,取料1Z轴_Axis_Pos_45,26090,取料1Z轴_Axis_Pos_45,Material taking: Z-axis _Axis_Pos_45,L?y 1Z_tr?c_??a ?i?m_45
PLC/取料1Z轴_Axis_Pos,取料1Z轴_Axis_Pos_46,26092,取料1Z轴_Axis_Pos_46,Material taking: Z-axis _Axis_Pos_46,L?y 1Z_tr?c_??a ?i?m_46
PLC/取料1Z轴_Axis_Pos,取料1Z轴_Axis_Pos_47,26094,取料1Z轴_Axis_Pos_47,Material taking: Z-axis _Axis_Pos_47,L?y 1Z_tr?c_??a ?i?m_47
PLC/取料1Z轴_Axis_Pos,取料1Z轴_Axis_Pos_48,26096,取料1Z轴_Axis_Pos_48,Material taking: Z-axis _Axis_Pos_48,L?y 1Z_tr?c_??a ?i?m_48
PLC/取料1Z轴_Axis_Pos,取料1Z轴_Axis_Pos_49,26098,取料1Z轴_Axis_Pos_49,Material taking: Z-axis _Axis_Pos_49,L?y 1Z_tr?c_??a ?i?m_49
PLC/取料1Z轴_Axis_Pos,取料1Z轴_Axis_Pos_50,26100,取料1Z轴_Axis_Pos_50,Material taking: Z-axis _Axis_Pos_50,L?y 1Z_tr?c_??a ?i?m_50
PLC/取料1Z轴_Axis_Pos,取料1Z轴_Axis_Pos_51,26102,取料1Z轴_Axis_Pos_51,Material taking: Z-axis _Axis_Pos_51,L?y 1Z_tr?c_??a ?i?m_51
PLC/取料1Z轴_Axis_Pos,取料1Z轴_Axis_Pos_52,26104,取料1Z轴_Axis_Pos_52,Material taking: Z-axis _Axis_Pos_52,L?y 1Z_tr?c_??a ?i?m_52
PLC/取料1Z轴_Axis_Pos,取料1Z轴_Axis_Pos_53,26106,取料1Z轴_Axis_Pos_53,Material taking: Z-axis _Axis_Pos_53,L?y 1Z_tr?c_??a ?i?m_53
PLC/取料1Z轴_Axis_Pos,取料1Z轴_Axis_Pos_54,26108,取料1Z轴_Axis_Pos_54,Material taking: Z-axis _Axis_Pos_54,L?y 1Z_tr?c_??a ?i?m_54
PLC/取料1Z轴_Axis_Pos,取料1Z轴_Axis_Pos_55,26110,取料1Z轴_Axis_Pos_55,Material taking: Z-axis _Axis_Pos_55,L?y 1Z_tr?c_??a ?i?m_55

PLC/取料1Z轴_Axis_Vel,取料1Z轴_Axis_Vel_0,26200,取料1Z轴_Axis_Vel_0,Material taking 1Z-axis_Axis_Vel_0,L?y 1Z_tr?c_t?c ??_0
PLC/取料1Z轴_Axis_Vel,取料1Z轴_Axis_Vel_1,26202,取料1Z轴_Axis_Vel_1,Material taking 1Z-axis_Axis_Vel_1,L?y 1Z_tr?c_t?c ??_1
PLC/取料1Z轴_Axis_Vel,取料1Z轴_Axis_Vel_2,26204,取料1Z轴_Axis_Vel_2,Material taking 1Z-axis_Axis_Vel_2,L?y 1Z_tr?c_t?c ??_2
PLC/取料1Z轴_Axis_Vel,取料1Z轴_Axis_Vel_3,26206,取料1Z轴_Axis_Vel_3,Material taking 1Z-axis_Axis_Vel_3,L?y 1Z_tr?c_t?c ??_3
PLC/取料1Z轴_Axis_Vel,取料1Z轴_Axis_Vel_4,26208,取料1Z轴_Axis_Vel_4,Material taking 1Z-axis_Axis_Vel_4,L?y 1Z_tr?c_t?c ??_4
PLC/取料1Z轴_Axis_Vel,取料1Z轴_Axis_Vel_5,26210,取料1Z轴_Axis_Vel_5,Material taking 1Z-axis_Axis_Vel_5,L?y 1Z_tr?c_t?c ??_5
PLC/取料1Z轴_Axis_Vel,取料1Z轴_Axis_Vel_6,26212,取料1Z轴_Axis_Vel_6,Material taking 1Z-axis_Axis_Vel-6,L?y 1Z_tr?c_t?c ??_6
PLC/取料1Z轴_Axis_Vel,取料1Z轴_Axis_Vel_7,26214,取料1Z轴_Axis_Vel_7,Material taking 1Z-axis_Axis_Vel_7,L?y 1Z_tr?c_t?c ??_7
PLC/取料1Z轴_Axis_Vel,取料1Z轴_Axis_Vel_8,26216,取料1Z轴_Axis_Vel_8,Material taking 1Z-axis_Axis_Vel_8,L?y 1Z_tr?c_t?c ??_8
PLC/取料1Z轴_Axis_Vel,取料1Z轴_Axis_Vel_9,26218,取料1Z轴_Axis_Vel_9,Material taking 1Z-axis_Axis_Vel_9,L?y 1Z_tr?c_t?c ??_9
PLC/取料1Z轴_Axis_Vel,取料1Z轴_Axis_Vel_10,26220,取料1Z轴_Axis_Vel_10,Material taking 1Z-axis_Axis_Vel_10,L?y 1Z_tr?c_t?c ??_10
PLC/取料1Z轴_Axis_Vel,取料1Z轴_Axis_Vel_11,26222,取料1Z轴_Axis_Vel_11,Material taking 1Z-axis_Axis_Vel_11,L?y 1Z_tr?c_t?c ??_11
PLC/取料1Z轴_Axis_Vel,取料1Z轴_Axis_Vel_12,26224,取料1Z轴_Axis_Vel_12,Material taking 1Z-axis_Axis_Vel_12,L?y 1Z_tr?c_t?c ??_12
PLC/取料1Z轴_Axis_Vel,取料1Z轴_Axis_Vel_13,26226,取料1Z轴_Axis_Vel_13,Material taking 1Z-axis_Axis_Vel_13,L?y 1Z_tr?c_t?c ??_13
PLC/取料1Z轴_Axis_Vel,取料1Z轴_Axis_Vel_14,26228,取料1Z轴_Axis_Vel_14,Material taking 1Z-axis_Axis_Vel_14,L?y 1Z_tr?c_t?c ??_14
PLC/取料1Z轴_Axis_Vel,取料1Z轴_Axis_Vel_15,26230,取料1Z轴_Axis_Vel_15,Material taking 1Z-axis_Axis_Vel_15,L?y 1Z_tr?c_t?c ??_15
PLC/取料1Z轴_Axis_Vel,取料1Z轴_Axis_Vel_16,26232,取料1Z轴_Axis_Vel_16,Material taking 1Z-axis_Axis_Vel_16,L?y 1Z_tr?c_t?c ??_16
PLC/取料1Z轴_Axis_Vel,取料1Z轴_Axis_Vel_17,26234,取料1Z轴_Axis_Vel_17,Material taking 1Z-axis_Axis_Vel_17,L?y 1Z_tr?c_t?c ??_17
PLC/取料1Z轴_Axis_Vel,取料1Z轴_Axis_Vel_18,26236,取料1Z轴_Axis_Vel_18,Material taking 1Z-axis_Axis_Vel_18,L?y 1Z_tr?c_t?c ??_18
PLC/取料1Z轴_Axis_Vel,取料1Z轴_Axis_Vel_19,26238,取料1Z轴_Axis_Vel_19,Material taking 1Z-axis_Axis_Vel_19,L?y 1Z_tr?c_t?c ??_19
PLC/取料1Z轴_Axis_Vel,取料1Z轴_Axis_Vel_20,26240,取料1Z轴_Axis_Vel_20,Material taking 1Z-axis_Axis_Vel_20,L?y 1Z_tr?c_t?c ??_20
PLC/取料1Z轴_Axis_Vel,取料1Z轴_Axis_Vel_21,26242,取料1Z轴_Axis_Vel_21,Material taking 1Z-axis_Axis_Vel_21,L?y 1Z_tr?c_t?c ??_21
PLC/取料1Z轴_Axis_Vel,取料1Z轴_Axis_Vel_22,26244,取料1Z轴_Axis_Vel_22,Material taking 1Z-axis_Axis_Vel_22,L?y 1Z_tr?c_t?c ??_22
PLC/取料1Z轴_Axis_Vel,取料1Z轴_Axis_Vel_23,26246,取料1Z轴_Axis_Vel_23,Material taking 1Z-axis_Axis_Vel_23,L?y 1Z_tr?c_t?c ??_23
PLC/取料1Z轴_Axis_Vel,取料1Z轴_Axis_Vel_24,26248,取料1Z轴_Axis_Vel_24,Material taking 1Z-axis_Axis_Vel_24,L?y 1Z_tr?c_t?c ??_24
PLC/取料1Z轴_Axis_Vel,取料1Z轴_Axis_Vel_25,26250,取料1Z轴_Axis_Vel_25,Material taking 1Z-axis_Axis_Vel_25,L?y 1Z_tr?c_t?c ??_25
PLC/取料1Z轴_Axis_Vel,取料1Z轴_Axis_Vel_26,26252,取料1Z轴_Axis_Vel_26,Material taking 1Z-axis_Axis_Vel_26,L?y 1Z_tr?c_t?c ??_26
PLC/取料1Z轴_Axis_Vel,取料1Z轴_Axis_Vel_27,26254,取料1Z轴_Axis_Vel_27,Material taking 1Z-axis_Axis_Vel_27,L?y 1Z_tr?c_t?c ??_27
PLC/取料1Z轴_Axis_Vel,取料1Z轴_Axis_Vel_28,26256,取料1Z轴_Axis_Vel_28,Material taking 1Z-axis_Axis_Vel_28,L?y 1Z_tr?c_t?c ??_28
PLC/取料1Z轴_Axis_Vel,取料1Z轴_Axis_Vel_29,26258,取料1Z轴_Axis_Vel_29,Material taking 1Z-axis_Axis_Vel_29,L?y 1Z_tr?c_t?c ??_29
PLC/取料1Z轴_Axis_Vel,取料1Z轴_Axis_Vel_30,26260,取料1Z轴_Axis_Vel_30,Material taking 1Z-axis_Axis_Vel_30,L?y 1Z_tr?c_t?c ??_30
PLC/取料1Z轴_Axis_Vel,取料1Z轴_Axis_Vel_31,26262,取料1Z轴_Axis_Vel_31,Material taking 1Z-axis_Axis_Vel_31,L?y 1Z_tr?c_t?c ??_31
PLC/取料1Z轴_Axis_Vel,取料1Z轴_Axis_Vel_32,26264,取料1Z轴_Axis_Vel_32,Material taking 1Z-axis_Axis_Vel_32,L?y 1Z_tr?c_t?c ??_32
PLC/取料1Z轴_Axis_Vel,取料1Z轴_Axis_Vel_33,26266,取料1Z轴_Axis_Vel_33,Material taking 1Z-axis_Axis_Vel_33,L?y 1Z_tr?c_t?c ??_33
PLC/取料1Z轴_Axis_Vel,取料1Z轴_Axis_Vel_34,26268,取料1Z轴_Axis_Vel_34,Material taking 1Z-axis_Axis_Vel_34,L?y 1Z_tr?c_t?c ??_34
PLC/取料1Z轴_Axis_Vel,取料1Z轴_Axis_Vel_35,26270,取料1Z轴_Axis_Vel_35,Material taking 1Z-axis_Axis_Vel_35,L?y 1Z_tr?c_t?c ??_35
PLC/取料1Z轴_Axis_Vel,取料1Z轴_Axis_Vel_36,26272,取料1Z轴_Axis_Vel_36,Material taking 1Z-axis_Axis_Vel_36,L?y 1Z_tr?c_t?c ??_36
PLC/取料1Z轴_Axis_Vel,取料1Z轴_Axis_Vel_37,26274,取料1Z轴_Axis_Vel_37,Material taking 1Z-axis_Axis_Vel_37,L?y 1Z_tr?c_t?c ??_37
PLC/取料1Z轴_Axis_Vel,取料1Z轴_Axis_Vel_38,26276,取料1Z轴_Axis_Vel_38,Material taking 1Z-axis_Axis_Vel_38,L?y 1Z_tr?c_t?c ??_38
PLC/取料1Z轴_Axis_Vel,取料1Z轴_Axis_Vel_39,26278,取料1Z轴_Axis_Vel_39,Material taking 1Z-axis_Axis_Vel_39,L?y 1Z_tr?c_t?c ??_39
PLC/取料1Z轴_Axis_Vel,取料1Z轴_Axis_Vel_40,26280,取料1Z轴_Axis_Vel_40,Material taking 1Z-axis_Axis_Vel_40,L?y 1Z_tr?c_t?c ??_40
PLC/取料1Z轴_Axis_Vel,取料1Z轴_Axis_Vel_41,26282,取料1Z轴_Axis_Vel_41,Material taking 1Z-axis_Axis_Vel_41,L?y 1Z_tr?c_t?c ??_41
PLC/取料1Z轴_Axis_Vel,取料1Z轴_Axis_Vel_42,26284,取料1Z轴_Axis_Vel_42,Material taking 1Z-axis_Axis_Vel_42,L?y 1Z_tr?c_t?c ??_42
PLC/取料1Z轴_Axis_Vel,取料1Z轴_Axis_Vel_43,26286,取料1Z轴_Axis_Vel_43,Material taking 1Z-axis_Axis_Vel_43,L?y 1Z_tr?c_t?c ??_43
PLC/取料1Z轴_Axis_Vel,取料1Z轴_Axis_Vel_44,26288,取料1Z轴_Axis_Vel_44,Material taking 1Z-axis_Axis_Vel_44,L?y 1Z_tr?c_t?c ??_44
PLC/取料1Z轴_Axis_Vel,取料1Z轴_Axis_Vel_45,26290,取料1Z轴_Axis_Vel_45,Material taking 1Z-axis_Axis_Vel_45,L?y 1Z_tr?c_t?c ??_45
PLC/取料1Z轴_Axis_Vel,取料1Z轴_Axis_Vel_46,26292,取料1Z轴_Axis_Vel_46,Material taking 1Z-axis_Axis_Vel_46,L?y 1Z_tr?c_t?c ??_46
PLC/取料1Z轴_Axis_Vel,取料1Z轴_Axis_Vel_47,26294,取料1Z轴_Axis_Vel_47,Material taking 1Z-axis_Axis_Vel_47,L?y 1Z_tr?c_t?c ??_47
PLC/取料1Z轴_Axis_Vel,取料1Z轴_Axis_Vel_48,26296,取料1Z轴_Axis_Vel_48,Material taking 1Z-axis_Axis_Vel_48,L?y 1Z_tr?c_t?c ??_48
PLC/取料1Z轴_Axis_Vel,取料1Z轴_Axis_Vel_49,26298,取料1Z轴_Axis_Vel_49,Material taking 1Z-axis_Axis_Vel_49,L?y 1Z_tr?c_t?c ??_49
PLC/取料1Z轴_Axis_Vel,取料1Z轴_Axis_Vel_50,26300,取料1Z轴_Axis_Vel_50,Material taking 1Z-axis_Axis_Vel_50,L?y 1Z_tr?c_t?c ??_50
PLC/取料1Z轴_Axis_Vel,取料1Z轴_Axis_Vel_51,26302,取料1Z轴_Axis_Vel_51,Material taking 1Z-axis_Axis_Vel_51,L?y 1Z_tr?c_t?c ??_51
PLC/取料1Z轴_Axis_Vel,取料1Z轴_Axis_Vel_52,26304,取料1Z轴_Axis_Vel_52,Material taking 1Z-axis_Axis_Vel_52,L?y 1Z_tr?c_t?c ??_52
PLC/取料1Z轴_Axis_Vel,取料1Z轴_Axis_Vel_53,26306,取料1Z轴_Axis_Vel_53,Material taking 1Z-axis_Axis_Vel_53,L?y 1Z_tr?c_t?c ??_53
PLC/取料1Z轴_Axis_Vel,取料1Z轴_Axis_Vel_54,26308,取料1Z轴_Axis_Vel_54,Material taking 1Z-axis_Axis_Vel_54,L?y 1Z_tr?c_t?c ??_54
PLC/取料1Z轴_Axis_Vel,取料1Z轴_Axis_Vel_55,26310,取料1Z轴_Axis_Vel_55,Material taking 1Z-axis_Axis_Vel_55,L?y 1Z_tr?c_t?c ??_55

PLC/取料1R轴_Axis_Pos,取料1R轴_Axis_Pos_0,26400,取料1R轴_Axis_Pos_0,Material taking 1R axis _Axis_Pos-0,L?y 1R_tr?c_??a ?i?m_0
PLC/取料1R轴_Axis_Pos,取料1R轴_Axis_Pos_1,26402,取料1R轴_Axis_Pos_1,Material retrieval 1R axis_Axis_Pos_1,L?y 1R_tr?c_??a ?i?m_1
PLC/取料1R轴_Axis_Pos,取料1R轴_Axis_Pos_2,26404,取料1R轴_Axis_Pos_2,Material retrieval 1R axis_Axis_Pos_2,L?y 1R_tr?c_??a ?i?m_2
PLC/取料1R轴_Axis_Pos,取料1R轴_Axis_Pos_3,26406,取料1R轴_Axis_Pos_3,Material retrieval 1R axis_Axis_Pos_3,L?y 1R_tr?c_??a ?i?m_3
PLC/取料1R轴_Axis_Pos,取料1R轴_Axis_Pos_4,26408,取料1R轴_Axis_Pos_4,Material retrieval 1R axis_Axis_Pos_2,L?y 1R_tr?c_??a ?i?m_4
PLC/取料1R轴_Axis_Pos,取料1R轴_Axis_Pos_5,26410,取料1R轴_Axis_Pos_5,Material retrieval 1R axis_Axis_Pos_5,L?y 1R_tr?c_??a ?i?m_5
PLC/取料1R轴_Axis_Pos,取料1R轴_Axis_Pos_6,26412,取料1R轴_Axis_Pos_6,Material retrieval 1R axis_Axis_Pos-6,L?y 1R_tr?c_??a ?i?m_6
PLC/取料1R轴_Axis_Pos,取料1R轴_Axis_Pos_7,26414,取料1R轴_Axis_Pos_7,Material retrieval 1R axis_Axis_Pos_7,L?y 1R_tr?c_??a ?i?m_7
PLC/取料1R轴_Axis_Pos,取料1R轴_Axis_Pos_8,26416,取料1R轴_Axis_Pos_8,Material retrieval 1R axis_Axis_Pos_8,L?y 1R_tr?c_??a ?i?m_8
PLC/取料1R轴_Axis_Pos,取料1R轴_Axis_Pos_9,26418,取料1R轴_Axis_Pos_9,Material retrieval 1R axis_Axis_Pos_9,L?y 1R_tr?c_??a ?i?m_9
PLC/取料1R轴_Axis_Pos,取料1R轴_Axis_Pos_10,26420,取料1R轴_Axis_Pos_10,Material taking 1R axis __Axis_Pos_10,L?y 1R_tr?c_??a ?i?m_10
PLC/取料1R轴_Axis_Pos,取料1R轴_Axis_Pos_11,26422,取料1R轴_Axis_Pos_11,Material retrieval 1R axis_Axis_Pos_11,L?y 1R_tr?c_??a ?i?m_11
PLC/取料1R轴_Axis_Pos,取料1R轴_Axis_Pos_12,26424,取料1R轴_Axis_Pos_12,Material retrieval 1R axis_Axis_Pos_12,L?y 1R_tr?c_??a ?i?m_12
PLC/取料1R轴_Axis_Pos,取料1R轴_Axis_Pos_13,26426,取料1R轴_Axis_Pos_13,Material retrieval 1R axis_Axis_Pos_13,L?y 1R_tr?c_??a ?i?m_13
PLC/取料1R轴_Axis_Pos,取料1R轴_Axis_Pos_14,26428,取料1R轴_Axis_Pos_14,Material retrieval 1R axis_Axis_Pos_14,L?y 1R_tr?c_??a ?i?m_14
PLC/取料1R轴_Axis_Pos,取料1R轴_Axis_Pos_15,26430,取料1R轴_Axis_Pos_15,Material retrieval 1R axis_Axis_Pos_15,L?y 1R_tr?c_??a ?i?m_15
PLC/取料1R轴_Axis_Pos,取料1R轴_Axis_Pos_16,26432,取料1R轴_Axis_Pos_16,Material retrieval 1R axis_Axis_Pos_16,L?y 1R_tr?c_??a ?i?m_16
PLC/取料1R轴_Axis_Pos,取料1R轴_Axis_Pos_17,26434,取料1R轴_Axis_Pos_17,Material retrieval 1R axis_Axis_Pos_17,L?y 1R_tr?c_??a ?i?m_17
PLC/取料1R轴_Axis_Pos,取料1R轴_Axis_Pos_18,26436,取料1R轴_Axis_Pos_18,Material retrieval 1R axis_Axis_Pos_18,L?y 1R_tr?c_??a ?i?m_18
PLC/取料1R轴_Axis_Pos,取料1R轴_Axis_Pos_19,26438,取料1R轴_Axis_Pos_19,Material retrieval 1R axis_Axis_Pos_19,L?y 1R_tr?c_??a ?i?m_19
PLC/取料1R轴_Axis_Pos,取料1R轴_Axis_Pos_20,26440,取料1R轴_Axis_Pos_20,Material taking 1R axis __Axis_Pos_20,L?y 1R_tr?c_??a ?i?m_20
PLC/取料1R轴_Axis_Pos,取料1R轴_Axis_Pos_21,26442,取料1R轴_Axis_Pos_21,Material taking 1R axis __Axis_Pos_21,L?y 1R_tr?c_??a ?i?m_21
PLC/取料1R轴_Axis_Pos,取料1R轴_Axis_Pos_22,26444,取料1R轴_Axis_Pos_22,Material taking 1R axis __Axis_Pos_22,L?y 1R_tr?c_??a ?i?m_22
PLC/取料1R轴_Axis_Pos,取料1R轴_Axis_Pos_23,26446,取料1R轴_Axis_Pos_23,Material taking 1R axis __Axis_Pos_23,L?y 1R_tr?c_??a ?i?m_23
PLC/取料1R轴_Axis_Pos,取料1R轴_Axis_Pos_24,26448,取料1R轴_Axis_Pos_24,Material taking 1R axis __Axis_Pos_24,L?y 1R_tr?c_??a ?i?m_24
PLC/取料1R轴_Axis_Pos,取料1R轴_Axis_Pos_25,26450,取料1R轴_Axis_Pos_25,Material taking 1R axis __Axis_Pos_25,L?y 1R_tr?c_??a ?i?m_25
PLC/取料1R轴_Axis_Pos,取料1R轴_Axis_Pos_26,26452,取料1R轴_Axis_Pos_26,Material taking 1R axis __Axis_Pos_26,L?y 1R_tr?c_??a ?i?m_26
PLC/取料1R轴_Axis_Pos,取料1R轴_Axis_Pos_27,26454,取料1R轴_Axis_Pos_27,Material taking 1R axis __Axis_Pos_27,L?y 1R_tr?c_??a ?i?m_27
PLC/取料1R轴_Axis_Pos,取料1R轴_Axis_Pos_28,26456,取料1R轴_Axis_Pos_28,Material taking 1R axis __Axis_Pos_28,L?y 1R_tr?c_??a ?i?m_28
PLC/取料1R轴_Axis_Pos,取料1R轴_Axis_Pos_29,26458,取料1R轴_Axis_Pos_29,Material taking 1R axis __Axis_Pos_29,L?y 1R_tr?c_??a ?i?m_29
PLC/取料1R轴_Axis_Pos,取料1R轴_Axis_Pos_30,26460,取料1R轴_Axis_Pos_30,Material taking 1R axis __Axis_Pos_30,L?y 1R_tr?c_??a ?i?m_30
PLC/取料1R轴_Axis_Pos,取料1R轴_Axis_Pos_31,26462,取料1R轴_Axis_Pos_31,Material taking 1R axis __Axis_Pos_31,L?y 1R_tr?c_??a ?i?m_31
PLC/取料1R轴_Axis_Pos,取料1R轴_Axis_Pos_32,26464,取料1R轴_Axis_Pos_32,Material taking 1R axis __Axis_Pos_32,L?y 1R_tr?c_??a ?i?m_32
PLC/取料1R轴_Axis_Pos,取料1R轴_Axis_Pos_33,26466,取料1R轴_Axis_Pos_33,Material taking 1R axis __Axis_Pos_33,L?y 1R_tr?c_??a ?i?m_33
PLC/取料1R轴_Axis_Pos,取料1R轴_Axis_Pos_34,26468,取料1R轴_Axis_Pos_34,Material taking 1R axis __Axis_Pos_34,L?y 1R_tr?c_??a ?i?m_34
PLC/取料1R轴_Axis_Pos,取料1R轴_Axis_Pos_35,26470,取料1R轴_Axis_Pos_35,Material taking 1R axis __Axis_Pos_35,L?y 1R_tr?c_??a ?i?m_35
PLC/取料1R轴_Axis_Pos,取料1R轴_Axis_Pos_36,26472,取料1R轴_Axis_Pos_36,Material taking 1R axis __Axis_Pos_36,L?y 1R_tr?c_??a ?i?m_36
PLC/取料1R轴_Axis_Pos,取料1R轴_Axis_Pos_37,26474,取料1R轴_Axis_Pos_37,Material taking 1R axis __Axis_Pos_37,L?y 1R_tr?c_??a ?i?m_37
PLC/取料1R轴_Axis_Pos,取料1R轴_Axis_Pos_38,26476,取料1R轴_Axis_Pos_38,Material taking 1R axis __Axis_Pos_38,L?y 1R_tr?c_??a ?i?m_38
PLC/取料1R轴_Axis_Pos,取料1R轴_Axis_Pos_39,26478,取料1R轴_Axis_Pos_39,Material taking 1R axis __Axis_Pos_39,L?y 1R_tr?c_??a ?i?m_39
PLC/取料1R轴_Axis_Pos,取料1R轴_Axis_Pos_40,26480,取料1R轴_Axis_Pos_40,Material taking 1R axis __Axis_Pos_40,L?y 1R_tr?c_??a ?i?m_40
PLC/取料1R轴_Axis_Pos,取料1R轴_Axis_Pos_41,26482,取料1R轴_Axis_Pos_41,Material taking 1R axis __Axis_Pos_41,L?y 1R_tr?c_??a ?i?m_41
PLC/取料1R轴_Axis_Pos,取料1R轴_Axis_Pos_42,26484,取料1R轴_Axis_Pos_42,Material taking 1R axis __Axis_Pos_42,L?y 1R_tr?c_??a ?i?m_42
PLC/取料1R轴_Axis_Pos,取料1R轴_Axis_Pos_43,26486,取料1R轴_Axis_Pos_43,Material taking 1R axis __Axis_Pos_43,L?y 1R_tr?c_??a ?i?m_43
PLC/取料1R轴_Axis_Pos,取料1R轴_Axis_Pos_44,26488,取料1R轴_Axis_Pos_44,Material taking 1R axis __Axis_Pos_44,L?y 1R_tr?c_??a ?i?m_44
PLC/取料1R轴_Axis_Pos,取料1R轴_Axis_Pos_45,26490,取料1R轴_Axis_Pos_45,Material taking 1R axis __Axis_Pos_45,L?y 1R_tr?c_??a ?i?m_45
PLC/取料1R轴_Axis_Pos,取料1R轴_Axis_Pos_46,26492,取料1R轴_Axis_Pos_46,Material taking 1R axis __Axis_Pos_46,L?y 1R_tr?c_??a ?i?m_46
PLC/取料1R轴_Axis_Pos,取料1R轴_Axis_Pos_47,26494,取料1R轴_Axis_Pos_47,Material taking 1R axis __Axis_Pos_47,L?y 1R_tr?c_??a ?i?m_47
PLC/取料1R轴_Axis_Pos,取料1R轴_Axis_Pos_48,26496,取料1R轴_Axis_Pos_48,Material taking 1R axis __Axis_Pos_48,L?y 1R_tr?c_??a ?i?m_48
PLC/取料1R轴_Axis_Pos,取料1R轴_Axis_Pos_49,26498,取料1R轴_Axis_Pos_49,Material taking 1R axis __Axis_Pos_49,L?y 1R_tr?c_??a ?i?m_49
PLC/取料1R轴_Axis_Pos,取料1R轴_Axis_Pos_50,26500,取料1R轴_Axis_Pos_50,Material taking 1R axis __Axis_Pos_50,L?y 1R_tr?c_??a ?i?m_50
PLC/取料1R轴_Axis_Pos,取料1R轴_Axis_Pos_51,26502,取料1R轴_Axis_Pos_51,Material taking 1R axis __Axis_Pos_51,L?y 1R_tr?c_??a ?i?m_51
PLC/取料1R轴_Axis_Pos,取料1R轴_Axis_Pos_52,26504,取料1R轴_Axis_Pos_52,Material taking 1R axis __Axis_Pos_52,L?y 1R_tr?c_??a ?i?m_52
PLC/取料1R轴_Axis_Pos,取料1R轴_Axis_Pos_53,26506,取料1R轴_Axis_Pos_53,Material taking 1R axis __Axis_Pos_53,L?y 1R_tr?c_??a ?i?m_53
PLC/取料1R轴_Axis_Pos,取料1R轴_Axis_Pos_54,26508,取料1R轴_Axis_Pos_54,Material taking 1R axis __Axis_Pos_54,L?y 1R_tr?c_??a ?i?m_54
PLC/取料1R轴_Axis_Pos,取料1R轴_Axis_Pos_55,26510,取料1R轴_Axis_Pos_55,Material taking 1R axis __Axis_Pos_55,L?y 1R_tr?c_??a ?i?m_55

PLC/取料1R轴_Axis_Vel,取料1R轴_Axis_Vel_0,26600,取料1R轴_Axis_Vel_0,Material taking 1R axis_Axis_Vel_0,L?y 1R_tr?c_t?c ??_0
PLC/取料1R轴_Axis_Vel,取料1R轴_Axis_Vel_1,26602,取料1R轴_Axis_Vel_1,Material taking 1R axis_Axis_Vel_1,L?y 1R_tr?c_t?c ??_1
PLC/取料1R轴_Axis_Vel,取料1R轴_Axis_Vel_2,26604,取料1R轴_Axis_Vel_2,Material taking 1R axis_Axis_Vel_2,L?y 1R_tr?c_t?c ??_2
PLC/取料1R轴_Axis_Vel,取料1R轴_Axis_Vel_3,26606,取料1R轴_Axis_Vel_3,Material taking 1R axis_Axis_Vel_3,L?y 1R_tr?c_t?c ??_3
PLC/取料1R轴_Axis_Vel,取料1R轴_Axis_Vel_4,26608,取料1R轴_Axis_Vel_4,Material taking 1R axis_Axis_Vel_4,L?y 1R_tr?c_t?c ??_4
PLC/取料1R轴_Axis_Vel,取料1R轴_Axis_Vel_5,26610,取料1R轴_Axis_Vel_5,Material taking 1R axis_Axis_Vel_5,L?y 1R_tr?c_t?c ??_5
PLC/取料1R轴_Axis_Vel,取料1R轴_Axis_Vel_6,26612,取料1R轴_Axis_Vel_6,Material taking 1R axis_Axis_Vel-6,L?y 1R_tr?c_t?c ??_6
PLC/取料1R轴_Axis_Vel,取料1R轴_Axis_Vel_7,26614,取料1R轴_Axis_Vel_7,Material taking 1R axis_Axis_Vel_7,L?y 1R_tr?c_t?c ??_7
PLC/取料1R轴_Axis_Vel,取料1R轴_Axis_Vel_8,26616,取料1R轴_Axis_Vel_8,Material taking 1R axis_Axis_Vel_8,L?y 1R_tr?c_t?c ??_8
PLC/取料1R轴_Axis_Vel,取料1R轴_Axis_Vel_9,26618,取料1R轴_Axis_Vel_9,Material taking 1R axis_Axis_Vel_9,L?y 1R_tr?c_t?c ??_9
PLC/取料1R轴_Axis_Vel,取料1R轴_Axis_Vel_10,26620,取料1R轴_Axis_Vel_10,Material taking 1R axis_Axis_Vel_10,L?y 1R_tr?c_t?c ??_10
PLC/取料1R轴_Axis_Vel,取料1R轴_Axis_Vel_11,26622,取料1R轴_Axis_Vel_11,Material taking 1R axis_Axis_Vel_11,L?y 1R_tr?c_t?c ??_11
PLC/取料1R轴_Axis_Vel,取料1R轴_Axis_Vel_12,26624,取料1R轴_Axis_Vel_12,Material taking 1R axis_Axis_Vel_12,L?y 1R_tr?c_t?c ??_12
PLC/取料1R轴_Axis_Vel,取料1R轴_Axis_Vel_13,26626,取料1R轴_Axis_Vel_13,Material taking 1R axis_Axis_Vel_13,L?y 1R_tr?c_t?c ??_13
PLC/取料1R轴_Axis_Vel,取料1R轴_Axis_Vel_14,26628,取料1R轴_Axis_Vel_14,Material taking 1R axis_Axis_Vel_14,L?y 1R_tr?c_t?c ??_14
PLC/取料1R轴_Axis_Vel,取料1R轴_Axis_Vel_15,26630,取料1R轴_Axis_Vel_15,Material taking 1R axis_Axis_Vel_15,L?y 1R_tr?c_t?c ??_15
PLC/取料1R轴_Axis_Vel,取料1R轴_Axis_Vel_16,26632,取料1R轴_Axis_Vel_16,Material taking 1R axis_Axis_Vel_16,L?y 1R_tr?c_t?c ??_16
PLC/取料1R轴_Axis_Vel,取料1R轴_Axis_Vel_17,26634,取料1R轴_Axis_Vel_17,Material taking 1R axis_Axis_Vel_17,L?y 1R_tr?c_t?c ??_17
PLC/取料1R轴_Axis_Vel,取料1R轴_Axis_Vel_18,26636,取料1R轴_Axis_Vel_18,Material taking 1R axis_Axis_Vel_18,L?y 1R_tr?c_t?c ??_18
PLC/取料1R轴_Axis_Vel,取料1R轴_Axis_Vel_19,26638,取料1R轴_Axis_Vel_19,Material taking 1R axis_Axis_Vel_19,L?y 1R_tr?c_t?c ??_19
PLC/取料1R轴_Axis_Vel,取料1R轴_Axis_Vel_20,26640,取料1R轴_Axis_Vel_20,Material taking 1R axis_Axis_Vel_20,L?y 1R_tr?c_t?c ??_20
PLC/取料1R轴_Axis_Vel,取料1R轴_Axis_Vel_21,26642,取料1R轴_Axis_Vel_21,Material taking 1R axis_Axis_Vel_21,L?y 1R_tr?c_t?c ??_21
PLC/取料1R轴_Axis_Vel,取料1R轴_Axis_Vel_22,26644,取料1R轴_Axis_Vel_22,Material taking 1R axis_Axis_Vel_22,L?y 1R_tr?c_t?c ??_22
PLC/取料1R轴_Axis_Vel,取料1R轴_Axis_Vel_23,26646,取料1R轴_Axis_Vel_23,Material taking 1R axis_Axis_Vel_23,L?y 1R_tr?c_t?c ??_23
PLC/取料1R轴_Axis_Vel,取料1R轴_Axis_Vel_24,26648,取料1R轴_Axis_Vel_24,Material taking 1R axis_Axis_Vel_24,L?y 1R_tr?c_t?c ??_24
PLC/取料1R轴_Axis_Vel,取料1R轴_Axis_Vel_25,26650,取料1R轴_Axis_Vel_25,Material taking 1R axis_Axis_Vel_25,L?y 1R_tr?c_t?c ??_25
PLC/取料1R轴_Axis_Vel,取料1R轴_Axis_Vel_26,26652,取料1R轴_Axis_Vel_26,Material taking 1R axis_Axis_Vel_26,L?y 1R_tr?c_t?c ??_26
PLC/取料1R轴_Axis_Vel,取料1R轴_Axis_Vel_27,26654,取料1R轴_Axis_Vel_27,Material taking 1R axis_Axis_Vel_27,L?y 1R_tr?c_t?c ??_27
PLC/取料1R轴_Axis_Vel,取料1R轴_Axis_Vel_28,26656,取料1R轴_Axis_Vel_28,Material taking 1R axis_Axis_Vel_28,L?y 1R_tr?c_t?c ??_28
PLC/取料1R轴_Axis_Vel,取料1R轴_Axis_Vel_29,26658,取料1R轴_Axis_Vel_29,Material taking 1R axis_Axis_Vel_29,L?y 1R_tr?c_t?c ??_29
PLC/取料1R轴_Axis_Vel,取料1R轴_Axis_Vel_30,26660,取料1R轴_Axis_Vel_30,Material taking 1R axis_Axis_Vel_30,L?y 1R_tr?c_t?c ??_30
PLC/取料1R轴_Axis_Vel,取料1R轴_Axis_Vel_31,26662,取料1R轴_Axis_Vel_31,Material taking 1R axis_Axis_Vel_31,L?y 1R_tr?c_t?c ??_31
PLC/取料1R轴_Axis_Vel,取料1R轴_Axis_Vel_32,26664,取料1R轴_Axis_Vel_32,Material taking 1R axis_Axis_Vel_32,L?y 1R_tr?c_t?c ??_32
PLC/取料1R轴_Axis_Vel,取料1R轴_Axis_Vel_33,26666,取料1R轴_Axis_Vel_33,Material taking 1R axis_Axis_Vel_33,L?y 1R_tr?c_t?c ??_33
PLC/取料1R轴_Axis_Vel,取料1R轴_Axis_Vel_34,26668,取料1R轴_Axis_Vel_34,Material taking 1R axis_Axis_Vel_34,L?y 1R_tr?c_t?c ??_34
PLC/取料1R轴_Axis_Vel,取料1R轴_Axis_Vel_35,26670,取料1R轴_Axis_Vel_35,Material taking 1R axis_Axis_Vel_35,L?y 1R_tr?c_t?c ??_35
PLC/取料1R轴_Axis_Vel,取料1R轴_Axis_Vel_36,26672,取料1R轴_Axis_Vel_36,Material taking 1R axis_Axis_Vel_36,L?y 1R_tr?c_t?c ??_36
PLC/取料1R轴_Axis_Vel,取料1R轴_Axis_Vel_37,26674,取料1R轴_Axis_Vel_37,Material taking 1R axis_Axis_Vel_37,L?y 1R_tr?c_t?c ??_37
PLC/取料1R轴_Axis_Vel,取料1R轴_Axis_Vel_38,26676,取料1R轴_Axis_Vel_38,Material taking 1R axis_Axis_Vel_38,L?y 1R_tr?c_t?c ??_38
PLC/取料1R轴_Axis_Vel,取料1R轴_Axis_Vel_39,26678,取料1R轴_Axis_Vel_39,Material taking 1R axis_Axis_Vel_39,L?y 1R_tr?c_t?c ??_39
PLC/取料1R轴_Axis_Vel,取料1R轴_Axis_Vel_40,26680,取料1R轴_Axis_Vel_40,Material taking 1R axis_Axis_Vel_40,L?y 1R_tr?c_t?c ??_40
PLC/取料1R轴_Axis_Vel,取料1R轴_Axis_Vel_41,26682,取料1R轴_Axis_Vel_41,Material taking 1R axis_Axis_Vel_41,L?y 1R_tr?c_t?c ??_41
PLC/取料1R轴_Axis_Vel,取料1R轴_Axis_Vel_42,26684,取料1R轴_Axis_Vel_42,Material taking 1R axis_Axis_Vel_42,L?y 1R_tr?c_t?c ??_42
PLC/取料1R轴_Axis_Vel,取料1R轴_Axis_Vel_43,26686,取料1R轴_Axis_Vel_43,Material taking 1R axis_Axis_Vel_43,L?y 1R_tr?c_t?c ??_43
PLC/取料1R轴_Axis_Vel,取料1R轴_Axis_Vel_44,26688,取料1R轴_Axis_Vel_44,Material taking 1R axis_Axis_Vel_44,L?y 1R_tr?c_t?c ??_44
PLC/取料1R轴_Axis_Vel,取料1R轴_Axis_Vel_45,26690,取料1R轴_Axis_Vel_45,Material taking 1R axis_Axis_Vel_45,L?y 1R_tr?c_t?c ??_45
PLC/取料1R轴_Axis_Vel,取料1R轴_Axis_Vel_46,26692,取料1R轴_Axis_Vel_46,Material taking 1R axis_Axis_Vel_46,L?y 1R_tr?c_t?c ??_46
PLC/取料1R轴_Axis_Vel,取料1R轴_Axis_Vel_47,26694,取料1R轴_Axis_Vel_47,Material taking 1R axis_Axis_Vel_47,L?y 1R_tr?c_t?c ??_47
PLC/取料1R轴_Axis_Vel,取料1R轴_Axis_Vel_48,26696,取料1R轴_Axis_Vel_48,Material taking 1R axis_Axis_Vel_48,L?y 1R_tr?c_t?c ??_48
PLC/取料1R轴_Axis_Vel,取料1R轴_Axis_Vel_49,26698,取料1R轴_Axis_Vel_49,Material taking 1R axis_Axis_Vel_49,L?y 1R_tr?c_t?c ??_49
PLC/取料1R轴_Axis_Vel,取料1R轴_Axis_Vel_50,26700,取料1R轴_Axis_Vel_50,Material taking 1R axis_Axis_Vel_50,L?y 1R_tr?c_t?c ??_50
PLC/取料1R轴_Axis_Vel,取料1R轴_Axis_Vel_51,26702,取料1R轴_Axis_Vel_51,Material taking 1R axis_Axis_Vel_51,L?y 1R_tr?c_t?c ??_51
PLC/取料1R轴_Axis_Vel,取料1R轴_Axis_Vel_52,26704,取料1R轴_Axis_Vel_52,Material taking 1R axis_Axis_Vel_52,L?y 1R_tr?c_t?c ??_52
PLC/取料1R轴_Axis_Vel,取料1R轴_Axis_Vel_53,26706,取料1R轴_Axis_Vel_53,Material taking 1R axis_Axis_Vel_53,L?y 1R_tr?c_t?c ??_53
PLC/取料1R轴_Axis_Vel,取料1R轴_Axis_Vel_54,26708,取料1R轴_Axis_Vel_54,Material taking 1R axis_Axis_Vel_54,L?y 1R_tr?c_t?c ??_54
PLC/取料1R轴_Axis_Vel,取料1R轴_Axis_Vel_55,26710,取料1R轴_Axis_Vel_55,Material taking 1R axis_Axis_Vel_55,L?y 1R_tr?c_t?c ??_55

PLC/取料2Z轴_Axis_Pos,取料2Z轴_Axis_Pos_0,26800,取料2Z轴_Axis_Pos_0,Material retrieval 2Z axis_Axis_Pos-0,L?y 2Z_tr?c_??a ?i?m_0
PLC/取料2Z轴_Axis_Pos,取料2Z轴_Axis_Pos_1,26802,取料2Z轴_Axis_Pos_1,Material retrieval 2Z axis_Axis_Pos_1,L?y 2Z_tr?c_??a ?i?m_1
PLC/取料2Z轴_Axis_Pos,取料2Z轴_Axis_Pos_2,26804,取料2Z轴_Axis_Pos_2,Material retrieval 2Z axis_Axis_Pos_2,L?y 2Z_tr?c_??a ?i?m_2
PLC/取料2Z轴_Axis_Pos,取料2Z轴_Axis_Pos_3,26806,取料2Z轴_Axis_Pos_3,Material retrieval 2Z axis_Axis_Pos_3,L?y 2Z_tr?c_??a ?i?m_3
PLC/取料2Z轴_Axis_Pos,取料2Z轴_Axis_Pos_4,26808,取料2Z轴_Axis_Pos_4,Material retrieval 2Z axis_Axis_Pos_2,L?y 2Z_tr?c_??a ?i?m_4
PLC/取料2Z轴_Axis_Pos,取料2Z轴_Axis_Pos_5,26810,取料2Z轴_Axis_Pos_5,Material retrieval 2Z axis_Axis_Pos_5,L?y 2Z_tr?c_??a ?i?m_5
PLC/取料2Z轴_Axis_Pos,取料2Z轴_Axis_Pos_6,26812,取料2Z轴_Axis_Pos_6,Material retrieval 2Z axis_Axis_Pos-6,L?y 2Z_tr?c_??a ?i?m_6
PLC/取料2Z轴_Axis_Pos,取料2Z轴_Axis_Pos_7,26814,取料2Z轴_Axis_Pos_7,Material retrieval 2Z axis_Axis_Pos_7,L?y 2Z_tr?c_??a ?i?m_7
PLC/取料2Z轴_Axis_Pos,取料2Z轴_Axis_Pos_8,26816,取料2Z轴_Axis_Pos_8,Material retrieval 2Z axis_Axis_Pos_8,L?y 2Z_tr?c_??a ?i?m_8
PLC/取料2Z轴_Axis_Pos,取料2Z轴_Axis_Pos_9,26818,取料2Z轴_Axis_Pos_9,Material retrieval 2Z axis_Axis_Pos_9,L?y 2Z_tr?c_??a ?i?m_9
PLC/取料2Z轴_Axis_Pos,取料2Z轴_Axis_Pos_10,26820,取料2Z轴_Axis_Pos_10,Material retrieval 2Z axis_Axis_Pos_10,L?y 2Z_tr?c_??a ?i?m_10
PLC/取料2Z轴_Axis_Pos,取料2Z轴_Axis_Pos_11,26822,取料2Z轴_Axis_Pos_11,Material retrieval 2Z axis_Axis_Pos_11,L?y 2Z_tr?c_??a ?i?m_11
PLC/取料2Z轴_Axis_Pos,取料2Z轴_Axis_Pos_12,26824,取料2Z轴_Axis_Pos_12,Material retrieval 2Z axis_Axis_Pos_12,L?y 2Z_tr?c_??a ?i?m_12
PLC/取料2Z轴_Axis_Pos,取料2Z轴_Axis_Pos_13,26826,取料2Z轴_Axis_Pos_13,Material retrieval 2Z axis_Axis_Pos_13,L?y 2Z_tr?c_??a ?i?m_13
PLC/取料2Z轴_Axis_Pos,取料2Z轴_Axis_Pos_14,26828,取料2Z轴_Axis_Pos_14,Material retrieval 2Z axis_Axis_Pos_14,L?y 2Z_tr?c_??a ?i?m_14
PLC/取料2Z轴_Axis_Pos,取料2Z轴_Axis_Pos_15,26830,取料2Z轴_Axis_Pos_15,Material retrieval 2Z axis_Axis_Pos_15,L?y 2Z_tr?c_??a ?i?m_15
PLC/取料2Z轴_Axis_Pos,取料2Z轴_Axis_Pos_16,26832,取料2Z轴_Axis_Pos_16,Material retrieval 2Z axis_Axis_Pos_16,L?y 2Z_tr?c_??a ?i?m_16
PLC/取料2Z轴_Axis_Pos,取料2Z轴_Axis_Pos_17,26834,取料2Z轴_Axis_Pos_17,Material retrieval 2Z axis_Axis_Pos_17,L?y 2Z_tr?c_??a ?i?m_17
PLC/取料2Z轴_Axis_Pos,取料2Z轴_Axis_Pos_18,26836,取料2Z轴_Axis_Pos_18,Material retrieval 2Z axis_Axis_Pos_18,L?y 2Z_tr?c_??a ?i?m_18
PLC/取料2Z轴_Axis_Pos,取料2Z轴_Axis_Pos_19,26838,取料2Z轴_Axis_Pos_19,Material retrieval 2Z axis_Axis_Pos_19,L?y 2Z_tr?c_??a ?i?m_19
PLC/取料2Z轴_Axis_Pos,取料2Z轴_Axis_Pos_20,26840,取料2Z轴_Axis_Pos_20,Material retrieval 2Z axis_Axis_Pos_20,L?y 2Z_tr?c_??a ?i?m_20
PLC/取料2Z轴_Axis_Pos,取料2Z轴_Axis_Pos_21,26842,取料2Z轴_Axis_Pos_21,Material retrieval 2Z axis_Axis_Pos_21,L?y 2Z_tr?c_??a ?i?m_21
PLC/取料2Z轴_Axis_Pos,取料2Z轴_Axis_Pos_22,26844,取料2Z轴_Axis_Pos_22,Material retrieval 2Z axis_Axis_Pos_22,L?y 2Z_tr?c_??a ?i?m_22
PLC/取料2Z轴_Axis_Pos,取料2Z轴_Axis_Pos_23,26846,取料2Z轴_Axis_Pos_23,Material retrieval 2Z axis_Axis_Pos_23,L?y 2Z_tr?c_??a ?i?m_23
PLC/取料2Z轴_Axis_Pos,取料2Z轴_Axis_Pos_24,26848,取料2Z轴_Axis_Pos_24,Material retrieval 2Z axis_Axis_Pos_24,L?y 2Z_tr?c_??a ?i?m_24
PLC/取料2Z轴_Axis_Pos,取料2Z轴_Axis_Pos_25,26850,取料2Z轴_Axis_Pos_25,Material retrieval 2Z axis_Axis_Pos_25,L?y 2Z_tr?c_??a ?i?m_25
PLC/取料2Z轴_Axis_Pos,取料2Z轴_Axis_Pos_26,26852,取料2Z轴_Axis_Pos_26,Material retrieval 2Z axis_Axis_Pos_26,L?y 2Z_tr?c_??a ?i?m_26
PLC/取料2Z轴_Axis_Pos,取料2Z轴_Axis_Pos_27,26854,取料2Z轴_Axis_Pos_27,Material retrieval 2Z axis_Axis_Pos_27,L?y 2Z_tr?c_??a ?i?m_27
PLC/取料2Z轴_Axis_Pos,取料2Z轴_Axis_Pos_28,26856,取料2Z轴_Axis_Pos_28,Material retrieval 2Z axis_Axis_Pos_28,L?y 2Z_tr?c_??a ?i?m_28
PLC/取料2Z轴_Axis_Pos,取料2Z轴_Axis_Pos_29,26858,取料2Z轴_Axis_Pos_29,Material retrieval 2Z axis_Axis_Pos_29,L?y 2Z_tr?c_??a ?i?m_29
PLC/取料2Z轴_Axis_Pos,取料2Z轴_Axis_Pos_30,26860,取料2Z轴_Axis_Pos_30,Material retrieval 2Z axis_Axis_Pos_30,L?y 2Z_tr?c_??a ?i?m_30
PLC/取料2Z轴_Axis_Pos,取料2Z轴_Axis_Pos_31,26862,取料2Z轴_Axis_Pos_31,Material retrieval 2Z axis_Axis_Pos_31,L?y 2Z_tr?c_??a ?i?m_31
PLC/取料2Z轴_Axis_Pos,取料2Z轴_Axis_Pos_32,26864,取料2Z轴_Axis_Pos_32,Material retrieval 2Z axis_Axis_Pos_32,L?y 2Z_tr?c_??a ?i?m_32
PLC/取料2Z轴_Axis_Pos,取料2Z轴_Axis_Pos_33,26866,取料2Z轴_Axis_Pos_33,Material retrieval 2Z axis_Axis_Pos_33,L?y 2Z_tr?c_??a ?i?m_33
PLC/取料2Z轴_Axis_Pos,取料2Z轴_Axis_Pos_34,26868,取料2Z轴_Axis_Pos_34,Material retrieval 2Z axis_Axis_Pos_34,L?y 2Z_tr?c_??a ?i?m_34
PLC/取料2Z轴_Axis_Pos,取料2Z轴_Axis_Pos_35,26870,取料2Z轴_Axis_Pos_35,Material retrieval 2Z axis_Axis_Pos_35,L?y 2Z_tr?c_??a ?i?m_35
PLC/取料2Z轴_Axis_Pos,取料2Z轴_Axis_Pos_36,26872,取料2Z轴_Axis_Pos_36,Material retrieval 2Z axis_Axis_Pos_36,L?y 2Z_tr?c_??a ?i?m_36
PLC/取料2Z轴_Axis_Pos,取料2Z轴_Axis_Pos_37,26874,取料2Z轴_Axis_Pos_37,Material retrieval 2Z axis_Axis_Pos_37,L?y 2Z_tr?c_??a ?i?m_37
PLC/取料2Z轴_Axis_Pos,取料2Z轴_Axis_Pos_38,26876,取料2Z轴_Axis_Pos_38,Material retrieval 2Z axis_Axis_Pos_38,L?y 2Z_tr?c_??a ?i?m_38
PLC/取料2Z轴_Axis_Pos,取料2Z轴_Axis_Pos_39,26878,取料2Z轴_Axis_Pos_39,Material retrieval 2Z axis_Axis_Pos_39,L?y 2Z_tr?c_??a ?i?m_39
PLC/取料2Z轴_Axis_Pos,取料2Z轴_Axis_Pos_40,26880,取料2Z轴_Axis_Pos_40,Material retrieval 2Z axis_Axis_Pos_40,L?y 2Z_tr?c_??a ?i?m_40
PLC/取料2Z轴_Axis_Pos,取料2Z轴_Axis_Pos_41,26882,取料2Z轴_Axis_Pos_41,Material retrieval 2Z axis_Axis_Pos_41,L?y 2Z_tr?c_??a ?i?m_41
PLC/取料2Z轴_Axis_Pos,取料2Z轴_Axis_Pos_42,26884,取料2Z轴_Axis_Pos_42,Material retrieval 2Z axis_Axis_Pos_42,L?y 2Z_tr?c_??a ?i?m_42
PLC/取料2Z轴_Axis_Pos,取料2Z轴_Axis_Pos_43,26886,取料2Z轴_Axis_Pos_43,Material retrieval 2Z axis_Axis_Pos_43,L?y 2Z_tr?c_??a ?i?m_43
PLC/取料2Z轴_Axis_Pos,取料2Z轴_Axis_Pos_44,26888,取料2Z轴_Axis_Pos_44,Material retrieval 2Z axis_Axis_Pos_44,L?y 2Z_tr?c_??a ?i?m_44
PLC/取料2Z轴_Axis_Pos,取料2Z轴_Axis_Pos_45,26890,取料2Z轴_Axis_Pos_45,Material retrieval 2Z axis_Axis_Pos_45,L?y 2Z_tr?c_??a ?i?m_45
PLC/取料2Z轴_Axis_Pos,取料2Z轴_Axis_Pos_46,26892,取料2Z轴_Axis_Pos_46,Material retrieval 2Z axis_Axis_Pos_46,L?y 2Z_tr?c_??a ?i?m_46
PLC/取料2Z轴_Axis_Pos,取料2Z轴_Axis_Pos_47,26894,取料2Z轴_Axis_Pos_47,Material retrieval 2Z axis_Axis_Pos_47,L?y 2Z_tr?c_??a ?i?m_47
PLC/取料2Z轴_Axis_Pos,取料2Z轴_Axis_Pos_48,26896,取料2Z轴_Axis_Pos_48,Material retrieval 2Z axis_Axis_Pos_48,L?y 2Z_tr?c_??a ?i?m_48
PLC/取料2Z轴_Axis_Pos,取料2Z轴_Axis_Pos_49,26898,取料2Z轴_Axis_Pos_49,Material retrieval 2Z axis_Axis_Pos_49,L?y 2Z_tr?c_??a ?i?m_49
PLC/取料2Z轴_Axis_Pos,取料2Z轴_Axis_Pos_50,26900,取料2Z轴_Axis_Pos_50,Material retrieval 2Z axis_Axis_Pos_50,L?y 2Z_tr?c_??a ?i?m_50
PLC/取料2Z轴_Axis_Pos,取料2Z轴_Axis_Pos_51,26902,取料2Z轴_Axis_Pos_51,Material retrieval 2Z axis_Axis_Pos_51,L?y 2Z_tr?c_??a ?i?m_51
PLC/取料2Z轴_Axis_Pos,取料2Z轴_Axis_Pos_52,26904,取料2Z轴_Axis_Pos_52,Material retrieval 2Z axis_Axis_Pos_52,L?y 2Z_tr?c_??a ?i?m_52
PLC/取料2Z轴_Axis_Pos,取料2Z轴_Axis_Pos_53,26906,取料2Z轴_Axis_Pos_53,Material retrieval 2Z axis_Axis_Pos_53,L?y 2Z_tr?c_??a ?i?m_53
PLC/取料2Z轴_Axis_Pos,取料2Z轴_Axis_Pos_54,26908,取料2Z轴_Axis_Pos_54,Material retrieval 2Z axis_Axis_Pos_54,L?y 2Z_tr?c_??a ?i?m_54
PLC/取料2Z轴_Axis_Pos,取料2Z轴_Axis_Pos_55,26910,取料2Z轴_Axis_Pos_55,Material retrieval 2Z axis_Axis_Pos_55,L?y 2Z_tr?c_??a ?i?m_55

PLC/取料2Z轴_Axis_Vel,取料2Z轴_Axis_Vel_0,27000,取料2Z轴_Axis_Vel_0,Material taking 2Z axis_Axis_Vel_0,L?y 2Z_tr?c_t?c ??_0
PLC/取料2Z轴_Axis_Vel,取料2Z轴_Axis_Vel_1,27002,取料2Z轴_Axis_Vel_1,Material taking 2Z axis_Axis_Vel_1,L?y 2Z_tr?c_t?c ??_1
PLC/取料2Z轴_Axis_Vel,取料2Z轴_Axis_Vel_2,27004,取料2Z轴_Axis_Vel_2,Material taking 2Z axis_Axis_Vel_2,L?y 2Z_tr?c_t?c ??_2
PLC/取料2Z轴_Axis_Vel,取料2Z轴_Axis_Vel_3,27006,取料2Z轴_Axis_Vel_3,Material taking 2Z axis_Axis_Vel_3,L?y 2Z_tr?c_t?c ??_3
PLC/取料2Z轴_Axis_Vel,取料2Z轴_Axis_Vel_4,27008,取料2Z轴_Axis_Vel_4,Material taking 2Z axis_Axis_Vel_4,L?y 2Z_tr?c_t?c ??_4
PLC/取料2Z轴_Axis_Vel,取料2Z轴_Axis_Vel_5,27010,取料2Z轴_Axis_Vel_5,Material taking 2Z axis_Axis_Vel_5,L?y 2Z_tr?c_t?c ??_5
PLC/取料2Z轴_Axis_Vel,取料2Z轴_Axis_Vel_6,27012,取料2Z轴_Axis_Vel_6,Material taking 2Z axis_Axis_Vel-6,L?y 2Z_tr?c_t?c ??_6
PLC/取料2Z轴_Axis_Vel,取料2Z轴_Axis_Vel_7,27014,取料2Z轴_Axis_Vel_7,Material taking 2Z axis_Axis_Vel_7,L?y 2Z_tr?c_t?c ??_7
PLC/取料2Z轴_Axis_Vel,取料2Z轴_Axis_Vel_8,27016,取料2Z轴_Axis_Vel_8,Material taking 2Z axis_Axis_Vel_8,L?y 2Z_tr?c_t?c ??_8
PLC/取料2Z轴_Axis_Vel,取料2Z轴_Axis_Vel_9,27018,取料2Z轴_Axis_Vel_9,Material taking 2Z axis_Axis_Vel_9,L?y 2Z_tr?c_t?c ??_9
PLC/取料2Z轴_Axis_Vel,取料2Z轴_Axis_Vel_10,27020,取料2Z轴_Axis_Vel_10,Material taking 2Z axis_Axis_Vel_10,L?y 2Z_tr?c_t?c ??_10
PLC/取料2Z轴_Axis_Vel,取料2Z轴_Axis_Vel_11,27022,取料2Z轴_Axis_Vel_11,Material taking 2Z axis_Axis_Vel_11,L?y 2Z_tr?c_t?c ??_11
PLC/取料2Z轴_Axis_Vel,取料2Z轴_Axis_Vel_12,27024,取料2Z轴_Axis_Vel_12,Material taking 2Z axis_Axis_Vel_12,L?y 2Z_tr?c_t?c ??_12
PLC/取料2Z轴_Axis_Vel,取料2Z轴_Axis_Vel_13,27026,取料2Z轴_Axis_Vel_13,Material taking 2Z axis_Axis_Vel_13,L?y 2Z_tr?c_t?c ??_13
PLC/取料2Z轴_Axis_Vel,取料2Z轴_Axis_Vel_14,27028,取料2Z轴_Axis_Vel_14,Material taking 2Z axis_Axis_Vel_14,L?y 2Z_tr?c_t?c ??_14
PLC/取料2Z轴_Axis_Vel,取料2Z轴_Axis_Vel_15,27030,取料2Z轴_Axis_Vel_15,Material taking 2Z axis_Axis_Vel_15,L?y 2Z_tr?c_t?c ??_15
PLC/取料2Z轴_Axis_Vel,取料2Z轴_Axis_Vel_16,27032,取料2Z轴_Axis_Vel_16,Material taking 2Z axis_Axis_Vel_16,L?y 2Z_tr?c_t?c ??_16
PLC/取料2Z轴_Axis_Vel,取料2Z轴_Axis_Vel_17,27034,取料2Z轴_Axis_Vel_17,Material taking 2Z axis_Axis_Vel_17,L?y 2Z_tr?c_t?c ??_17
PLC/取料2Z轴_Axis_Vel,取料2Z轴_Axis_Vel_18,27036,取料2Z轴_Axis_Vel_18,Material taking 2Z axis_Axis_Vel_18,L?y 2Z_tr?c_t?c ??_18
PLC/取料2Z轴_Axis_Vel,取料2Z轴_Axis_Vel_19,27038,取料2Z轴_Axis_Vel_19,Material taking 2Z axis_Axis_Vel_19,L?y 2Z_tr?c_t?c ??_19
PLC/取料2Z轴_Axis_Vel,取料2Z轴_Axis_Vel_20,27040,取料2Z轴_Axis_Vel_20,Material taking 2Z axis_Axis_Vel_20,L?y 2Z_tr?c_t?c ??_20
PLC/取料2Z轴_Axis_Vel,取料2Z轴_Axis_Vel_21,27042,取料2Z轴_Axis_Vel_21,Material taking 2Z axis_Axis_Vel_21,L?y 2Z_tr?c_t?c ??_21
PLC/取料2Z轴_Axis_Vel,取料2Z轴_Axis_Vel_22,27044,取料2Z轴_Axis_Vel_22,Material taking 2Z axis_Axis_Vel_22,L?y 2Z_tr?c_t?c ??_22
PLC/取料2Z轴_Axis_Vel,取料2Z轴_Axis_Vel_23,27046,取料2Z轴_Axis_Vel_23,Material taking 2Z axis_Axis_Vel_23,L?y 2Z_tr?c_t?c ??_23
PLC/取料2Z轴_Axis_Vel,取料2Z轴_Axis_Vel_24,27048,取料2Z轴_Axis_Vel_24,Material taking 2Z axis_Axis_Vel_24,L?y 2Z_tr?c_t?c ??_24
PLC/取料2Z轴_Axis_Vel,取料2Z轴_Axis_Vel_25,27050,取料2Z轴_Axis_Vel_25,Material taking 2Z axis_Axis_Vel_25,L?y 2Z_tr?c_t?c ??_25
PLC/取料2Z轴_Axis_Vel,取料2Z轴_Axis_Vel_26,27052,取料2Z轴_Axis_Vel_26,Material taking 2Z axis_Axis_Vel_26,L?y 2Z_tr?c_t?c ??_26
PLC/取料2Z轴_Axis_Vel,取料2Z轴_Axis_Vel_27,27054,取料2Z轴_Axis_Vel_27,Material taking 2Z axis_Axis_Vel_27,L?y 2Z_tr?c_t?c ??_27
PLC/取料2Z轴_Axis_Vel,取料2Z轴_Axis_Vel_28,27056,取料2Z轴_Axis_Vel_28,Material taking 2Z axis_Axis_Vel_28,L?y 2Z_tr?c_t?c ??_28
PLC/取料2Z轴_Axis_Vel,取料2Z轴_Axis_Vel_29,27058,取料2Z轴_Axis_Vel_29,Material taking 2Z axis_Axis_Vel_29,L?y 2Z_tr?c_t?c ??_29
PLC/取料2Z轴_Axis_Vel,取料2Z轴_Axis_Vel_30,27060,取料2Z轴_Axis_Vel_30,Material taking 2Z axis_Axis_Vel_30,L?y 2Z_tr?c_t?c ??_30
PLC/取料2Z轴_Axis_Vel,取料2Z轴_Axis_Vel_31,27062,取料2Z轴_Axis_Vel_31,Material taking 2Z axis_Axis_Vel_31,L?y 2Z_tr?c_t?c ??_31
PLC/取料2Z轴_Axis_Vel,取料2Z轴_Axis_Vel_32,27064,取料2Z轴_Axis_Vel_32,Material taking 2Z axis_Axis_Vel_32,L?y 2Z_tr?c_t?c ??_32
PLC/取料2Z轴_Axis_Vel,取料2Z轴_Axis_Vel_33,27066,取料2Z轴_Axis_Vel_33,Material taking 2Z axis_Axis_Vel_33,L?y 2Z_tr?c_t?c ??_33
PLC/取料2Z轴_Axis_Vel,取料2Z轴_Axis_Vel_34,27068,取料2Z轴_Axis_Vel_34,Material taking 2Z axis_Axis_Vel_34,L?y 2Z_tr?c_t?c ??_34
PLC/取料2Z轴_Axis_Vel,取料2Z轴_Axis_Vel_35,27070,取料2Z轴_Axis_Vel_35,Material taking 2Z axis_Axis_Vel_35,L?y 2Z_tr?c_t?c ??_35
PLC/取料2Z轴_Axis_Vel,取料2Z轴_Axis_Vel_36,27072,取料2Z轴_Axis_Vel_36,Material taking 2Z axis_Axis_Vel_36,L?y 2Z_tr?c_t?c ??_36
PLC/取料2Z轴_Axis_Vel,取料2Z轴_Axis_Vel_37,27074,取料2Z轴_Axis_Vel_37,Material taking 2Z axis_Axis_Vel_37,L?y 2Z_tr?c_t?c ??_37
PLC/取料2Z轴_Axis_Vel,取料2Z轴_Axis_Vel_38,27076,取料2Z轴_Axis_Vel_38,Material taking 2Z axis_Axis_Vel_38,L?y 2Z_tr?c_t?c ??_38
PLC/取料2Z轴_Axis_Vel,取料2Z轴_Axis_Vel_39,27078,取料2Z轴_Axis_Vel_39,Material taking 2Z axis_Axis_Vel_39,L?y 2Z_tr?c_t?c ??_39
PLC/取料2Z轴_Axis_Vel,取料2Z轴_Axis_Vel_40,27080,取料2Z轴_Axis_Vel_40,Material taking 2Z axis_Axis_Vel_40,L?y 2Z_tr?c_t?c ??_40
PLC/取料2Z轴_Axis_Vel,取料2Z轴_Axis_Vel_41,27082,取料2Z轴_Axis_Vel_41,Material taking 2Z axis_Axis_Vel_41,L?y 2Z_tr?c_t?c ??_41
PLC/取料2Z轴_Axis_Vel,取料2Z轴_Axis_Vel_42,27084,取料2Z轴_Axis_Vel_42,Material taking 2Z axis_Axis_Vel_42,L?y 2Z_tr?c_t?c ??_42
PLC/取料2Z轴_Axis_Vel,取料2Z轴_Axis_Vel_43,27086,取料2Z轴_Axis_Vel_43,Material taking 2Z axis_Axis_Vel_43,L?y 2Z_tr?c_t?c ??_43
PLC/取料2Z轴_Axis_Vel,取料2Z轴_Axis_Vel_44,27088,取料2Z轴_Axis_Vel_44,Material taking 2Z axis_Axis_Vel_44,L?y 2Z_tr?c_t?c ??_44
PLC/取料2Z轴_Axis_Vel,取料2Z轴_Axis_Vel_45,27090,取料2Z轴_Axis_Vel_45,Material taking 2Z axis_Axis_Vel_45,L?y 2Z_tr?c_t?c ??_45
PLC/取料2Z轴_Axis_Vel,取料2Z轴_Axis_Vel_46,27092,取料2Z轴_Axis_Vel_46,Material taking 2Z axis_Axis_Vel_46,L?y 2Z_tr?c_t?c ??_46
PLC/取料2Z轴_Axis_Vel,取料2Z轴_Axis_Vel_47,27094,取料2Z轴_Axis_Vel_47,Material taking 2Z axis_Axis_Vel_47,L?y 2Z_tr?c_t?c ??_47
PLC/取料2Z轴_Axis_Vel,取料2Z轴_Axis_Vel_48,27096,取料2Z轴_Axis_Vel_48,Material taking 2Z axis_Axis_Vel_48,L?y 2Z_tr?c_t?c ??_48
PLC/取料2Z轴_Axis_Vel,取料2Z轴_Axis_Vel_49,27098,取料2Z轴_Axis_Vel_49,Material taking 2Z axis_Axis_Vel_49,L?y 2Z_tr?c_t?c ??_49
PLC/取料2Z轴_Axis_Vel,取料2Z轴_Axis_Vel_50,27100,取料2Z轴_Axis_Vel_50,Material taking 2Z axis_Axis_Vel_50,L?y 2Z_tr?c_t?c ??_50
PLC/取料2Z轴_Axis_Vel,取料2Z轴_Axis_Vel_51,27102,取料2Z轴_Axis_Vel_51,Material taking 2Z axis_Axis_Vel_51,L?y 2Z_tr?c_t?c ??_51
PLC/取料2Z轴_Axis_Vel,取料2Z轴_Axis_Vel_52,27104,取料2Z轴_Axis_Vel_52,Material taking 2Z axis_Axis_Vel_52,L?y 2Z_tr?c_t?c ??_52
PLC/取料2Z轴_Axis_Vel,取料2Z轴_Axis_Vel_53,27106,取料2Z轴_Axis_Vel_53,Material taking 2Z axis_Axis_Vel_53,L?y 2Z_tr?c_t?c ??_53
PLC/取料2Z轴_Axis_Vel,取料2Z轴_Axis_Vel_54,27108,取料2Z轴_Axis_Vel_54,Material taking 2Z axis_Axis_Vel_54,L?y 2Z_tr?c_t?c ??_54
PLC/取料2Z轴_Axis_Vel,取料2Z轴_Axis_Vel_55,27110,取料2Z轴_Axis_Vel_55,Material taking 2Z axis_Axis_Vel_55,L?y 2Z_tr?c_t?c ??_55

PLC/取料2R轴_Axis_Pos,取料2R轴_Axis_Pos_0,27200,取料2R轴_Axis_Pos_0,Material retrieval 2R axis __Axis_Pos-0,L?y 2R_tr?c_??a ?i?m_0
PLC/取料2R轴_Axis_Pos,取料2R轴_Axis_Pos_1,27202,取料2R轴_Axis_Pos_1,Material retrieval 2R axis_Axis_Pos_1,L?y 2R_tr?c_??a ?i?m_1
PLC/取料2R轴_Axis_Pos,取料2R轴_Axis_Pos_2,27204,取料2R轴_Axis_Pos_2,Material retrieval 2R axis_Axis_Pos_2,L?y 2R_tr?c_??a ?i?m_2
PLC/取料2R轴_Axis_Pos,取料2R轴_Axis_Pos_3,27206,取料2R轴_Axis_Pos_3,Material retrieval 2R axis_Axis_Pos_3,L?y 2R_tr?c_??a ?i?m_3
PLC/取料2R轴_Axis_Pos,取料2R轴_Axis_Pos_4,27208,取料2R轴_Axis_Pos_4,Material retrieval 2R axis_Axis_Pos_2,L?y 2R_tr?c_??a ?i?m_4
PLC/取料2R轴_Axis_Pos,取料2R轴_Axis_Pos_5,27210,取料2R轴_Axis_Pos_5,Material retrieval 2R axis_Axis_Pos_5,L?y 2R_tr?c_??a ?i?m_5
PLC/取料2R轴_Axis_Pos,取料2R轴_Axis_Pos_6,27212,取料2R轴_Axis_Pos_6,Material retrieval 2R axis_Axis_Pos-6,L?y 2R_tr?c_??a ?i?m_6
PLC/取料2R轴_Axis_Pos,取料2R轴_Axis_Pos_7,27214,取料2R轴_Axis_Pos_7,Material retrieval 2R axis_Axis_Pos_7,L?y 2R_tr?c_??a ?i?m_7
PLC/取料2R轴_Axis_Pos,取料2R轴_Axis_Pos_8,27216,取料2R轴_Axis_Pos_8,Material retrieval 2R axis_Axis_Pos_8,L?y 2R_tr?c_??a ?i?m_8
PLC/取料2R轴_Axis_Pos,取料2R轴_Axis_Pos_9,27218,取料2R轴_Axis_Pos_9,Material retrieval 2R axis_Axis_Pos_9,L?y 2R_tr?c_??a ?i?m_9
PLC/取料2R轴_Axis_Pos,取料2R轴_Axis_Pos_10,27220,取料2R轴_Axis_Pos_10,Material retrieval 2R axis __Axis_Pos_10,L?y 2R_tr?c_??a ?i?m_10
PLC/取料2R轴_Axis_Pos,取料2R轴_Axis_Pos_11,27222,取料2R轴_Axis_Pos_11,Material retrieval 2R axis_Axis_Pos_11,L?y 2R_tr?c_??a ?i?m_11
PLC/取料2R轴_Axis_Pos,取料2R轴_Axis_Pos_12,27224,取料2R轴_Axis_Pos_12,Material retrieval 2R axis_Axis_Pos_12,L?y 2R_tr?c_??a ?i?m_12
PLC/取料2R轴_Axis_Pos,取料2R轴_Axis_Pos_13,27226,取料2R轴_Axis_Pos_13,Material retrieval 2R axis_Axis_Pos_13,L?y 2R_tr?c_??a ?i?m_13
PLC/取料2R轴_Axis_Pos,取料2R轴_Axis_Pos_14,27228,取料2R轴_Axis_Pos_14,Material retrieval 2R axis_Axis_Pos_14,L?y 2R_tr?c_??a ?i?m_14
PLC/取料2R轴_Axis_Pos,取料2R轴_Axis_Pos_15,27230,取料2R轴_Axis_Pos_15,Material retrieval 2R axis_Axis_Pos_15,L?y 2R_tr?c_??a ?i?m_15
PLC/取料2R轴_Axis_Pos,取料2R轴_Axis_Pos_16,27232,取料2R轴_Axis_Pos_16,Material retrieval 2R axis_Axis_Pos_16,L?y 2R_tr?c_??a ?i?m_16
PLC/取料2R轴_Axis_Pos,取料2R轴_Axis_Pos_17,27234,取料2R轴_Axis_Pos_17,Material retrieval 2R axis_Axis_Pos_17,L?y 2R_tr?c_??a ?i?m_17
PLC/取料2R轴_Axis_Pos,取料2R轴_Axis_Pos_18,27236,取料2R轴_Axis_Pos_18,Material retrieval 2R axis_Axis_Pos_18,L?y 2R_tr?c_??a ?i?m_18
PLC/取料2R轴_Axis_Pos,取料2R轴_Axis_Pos_19,27238,取料2R轴_Axis_Pos_19,Material retrieval 2R axis_Axis_Pos_19,L?y 2R_tr?c_??a ?i?m_19
PLC/取料2R轴_Axis_Pos,取料2R轴_Axis_Pos_20,27240,取料2R轴_Axis_Pos_20,Material taking 2R axis __Axis_Pos_20,L?y 2R_tr?c_??a ?i?m_20
PLC/取料2R轴_Axis_Pos,取料2R轴_Axis_Pos_21,27242,取料2R轴_Axis_Pos_21,Material taking 2R axis __Axis_Pos_21,L?y 2R_tr?c_??a ?i?m_21
PLC/取料2R轴_Axis_Pos,取料2R轴_Axis_Pos_22,27244,取料2R轴_Axis_Pos_22,Material taking 2R axis __Axis_Pos_22,L?y 2R_tr?c_??a ?i?m_22
PLC/取料2R轴_Axis_Pos,取料2R轴_Axis_Pos_23,27246,取料2R轴_Axis_Pos_23,Material taking 2R axis __Axis_Pos_23,L?y 2R_tr?c_??a ?i?m_23
PLC/取料2R轴_Axis_Pos,取料2R轴_Axis_Pos_24,27248,取料2R轴_Axis_Pos_24,Material taking 2R axis __Axis_Pos_24,L?y 2R_tr?c_??a ?i?m_24
PLC/取料2R轴_Axis_Pos,取料2R轴_Axis_Pos_25,27250,取料2R轴_Axis_Pos_25,Material taking 2R axis __Axis_Pos_25,L?y 2R_tr?c_??a ?i?m_25
PLC/取料2R轴_Axis_Pos,取料2R轴_Axis_Pos_26,27252,取料2R轴_Axis_Pos_26,Material taking 2R axis __Axis_Pos_26,L?y 2R_tr?c_??a ?i?m_26
PLC/取料2R轴_Axis_Pos,取料2R轴_Axis_Pos_27,27254,取料2R轴_Axis_Pos_27,Material taking 2R axis __Axis_Pos_27,L?y 2R_tr?c_??a ?i?m_27
PLC/取料2R轴_Axis_Pos,取料2R轴_Axis_Pos_28,27256,取料2R轴_Axis_Pos_28,Material taking 2R axis __Axis_Pos_28,L?y 2R_tr?c_??a ?i?m_28
PLC/取料2R轴_Axis_Pos,取料2R轴_Axis_Pos_29,27258,取料2R轴_Axis_Pos_29,Material taking 2R axis __Axis_Pos_29,L?y 2R_tr?c_??a ?i?m_29
PLC/取料2R轴_Axis_Pos,取料2R轴_Axis_Pos_30,27260,取料2R轴_Axis_Pos_30,Material taking 2R axis __Axis_Pos_30,L?y 2R_tr?c_??a ?i?m_30
PLC/取料2R轴_Axis_Pos,取料2R轴_Axis_Pos_31,27262,取料2R轴_Axis_Pos_31,Material taking 2R axis __Axis_Pos_31,L?y 2R_tr?c_??a ?i?m_31
PLC/取料2R轴_Axis_Pos,取料2R轴_Axis_Pos_32,27264,取料2R轴_Axis_Pos_32,Material taking 2R axis __Axis_Pos_32,L?y 2R_tr?c_??a ?i?m_32
PLC/取料2R轴_Axis_Pos,取料2R轴_Axis_Pos_33,27266,取料2R轴_Axis_Pos_33,Material taking 2R axis __Axis_Pos_33,L?y 2R_tr?c_??a ?i?m_33
PLC/取料2R轴_Axis_Pos,取料2R轴_Axis_Pos_34,27268,取料2R轴_Axis_Pos_34,Material taking 2R axis __Axis_Pos_34,L?y 2R_tr?c_??a ?i?m_34
PLC/取料2R轴_Axis_Pos,取料2R轴_Axis_Pos_35,27270,取料2R轴_Axis_Pos_35,Material taking 2R axis __Axis_Pos_35,L?y 2R_tr?c_??a ?i?m_35
PLC/取料2R轴_Axis_Pos,取料2R轴_Axis_Pos_36,27272,取料2R轴_Axis_Pos_36,Material taking 2R axis __Axis_Pos_36,L?y 2R_tr?c_??a ?i?m_36
PLC/取料2R轴_Axis_Pos,取料2R轴_Axis_Pos_37,27274,取料2R轴_Axis_Pos_37,Material taking 2R axis __Axis_Pos_37,L?y 2R_tr?c_??a ?i?m_37
PLC/取料2R轴_Axis_Pos,取料2R轴_Axis_Pos_38,27276,取料2R轴_Axis_Pos_38,Material taking 2R axis __Axis_Pos_38,L?y 2R_tr?c_??a ?i?m_38
PLC/取料2R轴_Axis_Pos,取料2R轴_Axis_Pos_39,27278,取料2R轴_Axis_Pos_39,Material taking 2R axis __Axis_Pos_39,L?y 2R_tr?c_??a ?i?m_39
PLC/取料2R轴_Axis_Pos,取料2R轴_Axis_Pos_40,27280,取料2R轴_Axis_Pos_40,Material taking 2R axis __Axis_Pos_40,L?y 2R_tr?c_??a ?i?m_40
PLC/取料2R轴_Axis_Pos,取料2R轴_Axis_Pos_41,27282,取料2R轴_Axis_Pos_41,Material taking 2R axis __Axis_Pos_41,L?y 2R_tr?c_??a ?i?m_41
PLC/取料2R轴_Axis_Pos,取料2R轴_Axis_Pos_42,27284,取料2R轴_Axis_Pos_42,Material taking 2R axis __Axis_Pos_42,L?y 2R_tr?c_??a ?i?m_42
PLC/取料2R轴_Axis_Pos,取料2R轴_Axis_Pos_43,27286,取料2R轴_Axis_Pos_43,Material taking 2R axis __Axis_Pos_43,L?y 2R_tr?c_??a ?i?m_43
PLC/取料2R轴_Axis_Pos,取料2R轴_Axis_Pos_44,27288,取料2R轴_Axis_Pos_44,Material taking 2R axis __Axis_Pos_44,L?y 2R_tr?c_??a ?i?m_44
PLC/取料2R轴_Axis_Pos,取料2R轴_Axis_Pos_45,27290,取料2R轴_Axis_Pos_45,Material taking 2R axis __Axis_Pos_45,L?y 2R_tr?c_??a ?i?m_45
PLC/取料2R轴_Axis_Pos,取料2R轴_Axis_Pos_46,27292,取料2R轴_Axis_Pos_46,Material taking 2R axis __Axis_Pos_46,L?y 2R_tr?c_??a ?i?m_46
PLC/取料2R轴_Axis_Pos,取料2R轴_Axis_Pos_47,27294,取料2R轴_Axis_Pos_47,Material taking 2R axis __Axis_Pos_47,L?y 2R_tr?c_??a ?i?m_47
PLC/取料2R轴_Axis_Pos,取料2R轴_Axis_Pos_48,27296,取料2R轴_Axis_Pos_48,Material taking 2R axis __Axis_Pos_48,L?y 2R_tr?c_??a ?i?m_48
PLC/取料2R轴_Axis_Pos,取料2R轴_Axis_Pos_49,27298,取料2R轴_Axis_Pos_49,Material taking 2R axis __Axis_Pos_49,L?y 2R_tr?c_??a ?i?m_49
PLC/取料2R轴_Axis_Pos,取料2R轴_Axis_Pos_50,27300,取料2R轴_Axis_Pos_50,Material taking 2R axis __Axis_Pos_50,L?y 2R_tr?c_??a ?i?m_50
PLC/取料2R轴_Axis_Pos,取料2R轴_Axis_Pos_51,27302,取料2R轴_Axis_Pos_51,Material taking 2R axis __Axis_Pos_51,L?y 2R_tr?c_??a ?i?m_51
PLC/取料2R轴_Axis_Pos,取料2R轴_Axis_Pos_52,27304,取料2R轴_Axis_Pos_52,Material taking 2R axis __Axis_Pos_52,L?y 2R_tr?c_??a ?i?m_52
PLC/取料2R轴_Axis_Pos,取料2R轴_Axis_Pos_53,27306,取料2R轴_Axis_Pos_53,Material taking 2R axis __Axis_Pos_53,L?y 2R_tr?c_??a ?i?m_53
PLC/取料2R轴_Axis_Pos,取料2R轴_Axis_Pos_54,27308,取料2R轴_Axis_Pos_54,Material taking 2R axis __Axis_Pos_54,L?y 2R_tr?c_??a ?i?m_54
PLC/取料2R轴_Axis_Pos,取料2R轴_Axis_Pos_55,27310,取料2R轴_Axis_Pos_55,Material taking 2R axis __Axis_Pos_55,L?y 2R_tr?c_??a ?i?m_55

PLC/取料2R轴_Axis_Vel,取料2R轴_Axis_Vel_0,27400,取料2R轴_Axis_Vel_0,Material taking 2R axis_Axis_Vel_0,L?y 2R_tr?c_t?c ??_0
PLC/取料2R轴_Axis_Vel,取料2R轴_Axis_Vel_1,27402,取料2R轴_Axis_Vel_1,Material taking 2R axis_Axis_Vel_1,L?y 2R_tr?c_t?c ??_1
PLC/取料2R轴_Axis_Vel,取料2R轴_Axis_Vel_2,27404,取料2R轴_Axis_Vel_2,Material taking 2R axis_Axis_Vel_2,L?y 2R_tr?c_t?c ??_2
PLC/取料2R轴_Axis_Vel,取料2R轴_Axis_Vel_3,27406,取料2R轴_Axis_Vel_3,Material taking 2R axis_Axis_Vel_3,L?y 2R_tr?c_t?c ??_3
PLC/取料2R轴_Axis_Vel,取料2R轴_Axis_Vel_4,27408,取料2R轴_Axis_Vel_4,Material taking 2R axis_Axis_Vel_4,L?y 2R_tr?c_t?c ??_4
PLC/取料2R轴_Axis_Vel,取料2R轴_Axis_Vel_5,27410,取料2R轴_Axis_Vel_5,Material taking 2R axis_Axis_Vel_5,L?y 2R_tr?c_t?c ??_5
PLC/取料2R轴_Axis_Vel,取料2R轴_Axis_Vel_6,27412,取料2R轴_Axis_Vel_6,Material taking 2R axis_Axis_Vel-6,L?y 2R_tr?c_t?c ??_6
PLC/取料2R轴_Axis_Vel,取料2R轴_Axis_Vel_7,27414,取料2R轴_Axis_Vel_7,Material taking 2R axis_Axis_Vel_7,L?y 2R_tr?c_t?c ??_7
PLC/取料2R轴_Axis_Vel,取料2R轴_Axis_Vel_8,27416,取料2R轴_Axis_Vel_8,Material taking 2R axis_Axis_Vel_8,L?y 2R_tr?c_t?c ??_8
PLC/取料2R轴_Axis_Vel,取料2R轴_Axis_Vel_9,27418,取料2R轴_Axis_Vel_9,Material taking 2R axis_Axis_Vel_9,L?y 2R_tr?c_t?c ??_9
PLC/取料2R轴_Axis_Vel,取料2R轴_Axis_Vel_10,27420,取料2R轴_Axis_Vel_10,Material taking 2R axis_Axis_Vel_10,L?y 2R_tr?c_t?c ??_10
PLC/取料2R轴_Axis_Vel,取料2R轴_Axis_Vel_11,27422,取料2R轴_Axis_Vel_11,Material taking 2R axis_Axis_Vel_11,L?y 2R_tr?c_t?c ??_11
PLC/取料2R轴_Axis_Vel,取料2R轴_Axis_Vel_12,27424,取料2R轴_Axis_Vel_12,Material taking 2R axis_Axis_Vel_12,L?y 2R_tr?c_t?c ??_12
PLC/取料2R轴_Axis_Vel,取料2R轴_Axis_Vel_13,27426,取料2R轴_Axis_Vel_13,Material taking 2R axis_Axis_Vel_13,L?y 2R_tr?c_t?c ??_13
PLC/取料2R轴_Axis_Vel,取料2R轴_Axis_Vel_14,27428,取料2R轴_Axis_Vel_14,Material taking 2R axis_Axis_Vel_14,L?y 2R_tr?c_t?c ??_14
PLC/取料2R轴_Axis_Vel,取料2R轴_Axis_Vel_15,27430,取料2R轴_Axis_Vel_15,Material taking 2R axis_Axis_Vel_15,L?y 2R_tr?c_t?c ??_15
PLC/取料2R轴_Axis_Vel,取料2R轴_Axis_Vel_16,27432,取料2R轴_Axis_Vel_16,Material taking 2R axis_Axis_Vel_16,L?y 2R_tr?c_t?c ??_16
PLC/取料2R轴_Axis_Vel,取料2R轴_Axis_Vel_17,27434,取料2R轴_Axis_Vel_17,Material taking 2R axis_Axis_Vel_17,L?y 2R_tr?c_t?c ??_17
PLC/取料2R轴_Axis_Vel,取料2R轴_Axis_Vel_18,27436,取料2R轴_Axis_Vel_18,Material taking 2R axis_Axis_Vel_18,L?y 2R_tr?c_t?c ??_18
PLC/取料2R轴_Axis_Vel,取料2R轴_Axis_Vel_19,27438,取料2R轴_Axis_Vel_19,Material taking 2R axis_Axis_Vel_19,L?y 2R_tr?c_t?c ??_19
PLC/取料2R轴_Axis_Vel,取料2R轴_Axis_Vel_20,27440,取料2R轴_Axis_Vel_20,Material taking 2R axis_Axis_Vel_20,L?y 2R_tr?c_t?c ??_20
PLC/取料2R轴_Axis_Vel,取料2R轴_Axis_Vel_21,27442,取料2R轴_Axis_Vel_21,Material taking 2R axis_Axis_Vel_21,L?y 2R_tr?c_t?c ??_21
PLC/取料2R轴_Axis_Vel,取料2R轴_Axis_Vel_22,27444,取料2R轴_Axis_Vel_22,Material taking 2R axis_Axis_Vel_22,L?y 2R_tr?c_t?c ??_22
PLC/取料2R轴_Axis_Vel,取料2R轴_Axis_Vel_23,27446,取料2R轴_Axis_Vel_23,Material taking 2R axis_Axis_Vel_23,L?y 2R_tr?c_t?c ??_23
PLC/取料2R轴_Axis_Vel,取料2R轴_Axis_Vel_24,27448,取料2R轴_Axis_Vel_24,Material taking 2R axis_Axis_Vel_24,L?y 2R_tr?c_t?c ??_24
PLC/取料2R轴_Axis_Vel,取料2R轴_Axis_Vel_25,27450,取料2R轴_Axis_Vel_25,Material taking 2R axis_Axis_Vel_25,L?y 2R_tr?c_t?c ??_25
PLC/取料2R轴_Axis_Vel,取料2R轴_Axis_Vel_26,27452,取料2R轴_Axis_Vel_26,Material taking 2R axis_Axis_Vel_26,L?y 2R_tr?c_t?c ??_26
PLC/取料2R轴_Axis_Vel,取料2R轴_Axis_Vel_27,27454,取料2R轴_Axis_Vel_27,Material taking 2R axis_Axis_Vel_27,L?y 2R_tr?c_t?c ??_27
PLC/取料2R轴_Axis_Vel,取料2R轴_Axis_Vel_28,27456,取料2R轴_Axis_Vel_28,Material taking 2R axis_Axis_Vel_28,L?y 2R_tr?c_t?c ??_28
PLC/取料2R轴_Axis_Vel,取料2R轴_Axis_Vel_29,27458,取料2R轴_Axis_Vel_29,Material taking 2R axis_Axis_Vel_29,L?y 2R_tr?c_t?c ??_29
PLC/取料2R轴_Axis_Vel,取料2R轴_Axis_Vel_30,27460,取料2R轴_Axis_Vel_30,Material taking 2R axis_Axis_Vel_30,L?y 2R_tr?c_t?c ??_30
PLC/取料2R轴_Axis_Vel,取料2R轴_Axis_Vel_31,27462,取料2R轴_Axis_Vel_31,Material taking 2R axis_Axis_Vel_31,L?y 2R_tr?c_t?c ??_31
PLC/取料2R轴_Axis_Vel,取料2R轴_Axis_Vel_32,27464,取料2R轴_Axis_Vel_32,Material taking 2R axis_Axis_Vel_32,L?y 2R_tr?c_t?c ??_32
PLC/取料2R轴_Axis_Vel,取料2R轴_Axis_Vel_33,27466,取料2R轴_Axis_Vel_33,Material taking 2R axis_Axis_Vel_33,L?y 2R_tr?c_t?c ??_33
PLC/取料2R轴_Axis_Vel,取料2R轴_Axis_Vel_34,27468,取料2R轴_Axis_Vel_34,Material taking 2R axis_Axis_Vel_34,L?y 2R_tr?c_t?c ??_34
PLC/取料2R轴_Axis_Vel,取料2R轴_Axis_Vel_35,27470,取料2R轴_Axis_Vel_35,Material taking 2R axis_Axis_Vel_35,L?y 2R_tr?c_t?c ??_35
PLC/取料2R轴_Axis_Vel,取料2R轴_Axis_Vel_36,27472,取料2R轴_Axis_Vel_36,Material taking 2R axis_Axis_Vel_36,L?y 2R_tr?c_t?c ??_36
PLC/取料2R轴_Axis_Vel,取料2R轴_Axis_Vel_37,27474,取料2R轴_Axis_Vel_37,Material taking 2R axis_Axis_Vel_37,L?y 2R_tr?c_t?c ??_37
PLC/取料2R轴_Axis_Vel,取料2R轴_Axis_Vel_38,27476,取料2R轴_Axis_Vel_38,Material taking 2R axis_Axis_Vel_38,L?y 2R_tr?c_t?c ??_38
PLC/取料2R轴_Axis_Vel,取料2R轴_Axis_Vel_39,27478,取料2R轴_Axis_Vel_39,Material taking 2R axis_Axis_Vel_39,L?y 2R_tr?c_t?c ??_39
PLC/取料2R轴_Axis_Vel,取料2R轴_Axis_Vel_40,27480,取料2R轴_Axis_Vel_40,Material taking 2R axis_Axis_Vel_40,L?y 2R_tr?c_t?c ??_40
PLC/取料2R轴_Axis_Vel,取料2R轴_Axis_Vel_41,27482,取料2R轴_Axis_Vel_41,Material taking 2R axis_Axis_Vel_41,L?y 2R_tr?c_t?c ??_41
PLC/取料2R轴_Axis_Vel,取料2R轴_Axis_Vel_42,27484,取料2R轴_Axis_Vel_42,Material taking 2R axis_Axis_Vel_42,L?y 2R_tr?c_t?c ??_42
PLC/取料2R轴_Axis_Vel,取料2R轴_Axis_Vel_43,27486,取料2R轴_Axis_Vel_43,Material taking 2R axis_Axis_Vel_43,L?y 2R_tr?c_t?c ??_43
PLC/取料2R轴_Axis_Vel,取料2R轴_Axis_Vel_44,27488,取料2R轴_Axis_Vel_44,Material taking 2R axis_Axis_Vel_44,L?y 2R_tr?c_t?c ??_44
PLC/取料2R轴_Axis_Vel,取料2R轴_Axis_Vel_45,27490,取料2R轴_Axis_Vel_45,Material taking 2R axis_Axis_Vel_45,L?y 2R_tr?c_t?c ??_45
PLC/取料2R轴_Axis_Vel,取料2R轴_Axis_Vel_46,27492,取料2R轴_Axis_Vel_46,Material taking 2R axis_Axis_Vel_46,L?y 2R_tr?c_t?c ??_46
PLC/取料2R轴_Axis_Vel,取料2R轴_Axis_Vel_47,27494,取料2R轴_Axis_Vel_47,Material taking 2R axis_Axis_Vel_47,L?y 2R_tr?c_t?c ??_47
PLC/取料2R轴_Axis_Vel,取料2R轴_Axis_Vel_48,27496,取料2R轴_Axis_Vel_48,Material taking 2R axis_Axis_Vel_48,L?y 2R_tr?c_t?c ??_48
PLC/取料2R轴_Axis_Vel,取料2R轴_Axis_Vel_49,27498,取料2R轴_Axis_Vel_49,Material taking 2R axis_Axis_Vel_49,L?y 2R_tr?c_t?c ??_49
PLC/取料2R轴_Axis_Vel,取料2R轴_Axis_Vel_50,27500,取料2R轴_Axis_Vel_50,Material taking 2R axis_Axis_Vel_50,L?y 2R_tr?c_t?c ??_50
PLC/取料2R轴_Axis_Vel,取料2R轴_Axis_Vel_51,27502,取料2R轴_Axis_Vel_51,Material taking 2R axis_Axis_Vel_51,L?y 2R_tr?c_t?c ??_51
PLC/取料2R轴_Axis_Vel,取料2R轴_Axis_Vel_52,27504,取料2R轴_Axis_Vel_52,Material taking 2R axis_Axis_Vel_52,L?y 2R_tr?c_t?c ??_52
PLC/取料2R轴_Axis_Vel,取料2R轴_Axis_Vel_53,27506,取料2R轴_Axis_Vel_53,Material taking 2R axis_Axis_Vel_53,L?y 2R_tr?c_t?c ??_53
PLC/取料2R轴_Axis_Vel,取料2R轴_Axis_Vel_54,27508,取料2R轴_Axis_Vel_54,Material taking 2R axis_Axis_Vel_54,L?y 2R_tr?c_t?c ??_54
PLC/取料2R轴_Axis_Vel,取料2R轴_Axis_Vel_55,27510,取料2R轴_Axis_Vel_55,Material taking 2R axis_Axis_Vel_55,L?y 2R_tr?c_t?c ??_55

PLC/取料3Z轴_Axis_Pos,取料3Z轴_Axis_Pos_0,27600,取料3Z轴_Axis_Pos_0,Material taking 3Z-axis_Axis_Pos-0,L?y 3Z_tr?c_??a ?i?m_0
PLC/取料3Z轴_Axis_Pos,取料3Z轴_Axis_Pos_1,27602,取料3Z轴_Axis_Pos_1,Material taking 3Z-axis_Axis_Pos_1,L?y 3Z_tr?c_??a ?i?m_1
PLC/取料3Z轴_Axis_Pos,取料3Z轴_Axis_Pos_2,27604,取料3Z轴_Axis_Pos_2,Material taking 3Z-axis_Axis_Pos_2,L?y 3Z_tr?c_??a ?i?m_2
PLC/取料3Z轴_Axis_Pos,取料3Z轴_Axis_Pos_3,27606,取料3Z轴_Axis_Pos_3,Material taking 3Z-axis_Axis_Pos_3,L?y 3Z_tr?c_??a ?i?m_3
PLC/取料3Z轴_Axis_Pos,取料3Z轴_Axis_Pos_4,27608,取料3Z轴_Axis_Pos_4,Material taking 3Z-axis_Axis_Pos_2,L?y 3Z_tr?c_??a ?i?m_4
PLC/取料3Z轴_Axis_Pos,取料3Z轴_Axis_Pos_5,27610,取料3Z轴_Axis_Pos_5,Material taking 3Z-axis_Axis_Pos_5,L?y 3Z_tr?c_??a ?i?m_5
PLC/取料3Z轴_Axis_Pos,取料3Z轴_Axis_Pos_6,27612,取料3Z轴_Axis_Pos_6,Material taking 3Z-axis_Axis_Pos-6,L?y 3Z_tr?c_??a ?i?m_6
PLC/取料3Z轴_Axis_Pos,取料3Z轴_Axis_Pos_7,27614,取料3Z轴_Axis_Pos_7,Material taking 3Z-axis_Axis_Pos_7,L?y 3Z_tr?c_??a ?i?m_7
PLC/取料3Z轴_Axis_Pos,取料3Z轴_Axis_Pos_8,27616,取料3Z轴_Axis_Pos_8,Material taking 3Z-axis_Axis_Pos_8,L?y 3Z_tr?c_??a ?i?m_8
PLC/取料3Z轴_Axis_Pos,取料3Z轴_Axis_Pos_9,27618,取料3Z轴_Axis_Pos_9,Material taking 3Z-axis_Axis_Pos_9,L?y 3Z_tr?c_??a ?i?m_9
PLC/取料3Z轴_Axis_Pos,取料3Z轴_Axis_Pos_10,27620,取料3Z轴_Axis_Pos_10,Material taking 3Z-axis_Axis_Pos_10,L?y 3Z_tr?c_??a ?i?m_10
PLC/取料3Z轴_Axis_Pos,取料3Z轴_Axis_Pos_11,27622,取料3Z轴_Axis_Pos_11,Material taking 3Z-axis_Axis_Pos_11,L?y 3Z_tr?c_??a ?i?m_11
PLC/取料3Z轴_Axis_Pos,取料3Z轴_Axis_Pos_12,27624,取料3Z轴_Axis_Pos_12,Material taking 3Z-axis_Axis_Pos_12,L?y 3Z_tr?c_??a ?i?m_12
PLC/取料3Z轴_Axis_Pos,取料3Z轴_Axis_Pos_13,27626,取料3Z轴_Axis_Pos_13,Material taking 3Z-axis_Axis_Pos_13,L?y 3Z_tr?c_??a ?i?m_13
PLC/取料3Z轴_Axis_Pos,取料3Z轴_Axis_Pos_14,27628,取料3Z轴_Axis_Pos_14,Material taking 3Z-axis_Axis_Pos_14,L?y 3Z_tr?c_??a ?i?m_14
PLC/取料3Z轴_Axis_Pos,取料3Z轴_Axis_Pos_15,27630,取料3Z轴_Axis_Pos_15,Material taking 3Z-axis_Axis_Pos_15,L?y 3Z_tr?c_??a ?i?m_15
PLC/取料3Z轴_Axis_Pos,取料3Z轴_Axis_Pos_16,27632,取料3Z轴_Axis_Pos_16,Material taking 3Z-axis_Axis_Pos_16,L?y 3Z_tr?c_??a ?i?m_16
PLC/取料3Z轴_Axis_Pos,取料3Z轴_Axis_Pos_17,27634,取料3Z轴_Axis_Pos_17,Material taking 3Z-axis_Axis_Pos_17,L?y 3Z_tr?c_??a ?i?m_17
PLC/取料3Z轴_Axis_Pos,取料3Z轴_Axis_Pos_18,27636,取料3Z轴_Axis_Pos_18,Material taking 3Z-axis_Axis_Pos_18,L?y 3Z_tr?c_??a ?i?m_18
PLC/取料3Z轴_Axis_Pos,取料3Z轴_Axis_Pos_19,27638,取料3Z轴_Axis_Pos_19,Material taking 3Z-axis_Axis_Pos_19,L?y 3Z_tr?c_??a ?i?m_19
PLC/取料3Z轴_Axis_Pos,取料3Z轴_Axis_Pos_20,27640,取料3Z轴_Axis_Pos_20,Material taking 3Z-axis_Axis_Pos_20,L?y 3Z_tr?c_??a ?i?m_20
PLC/取料3Z轴_Axis_Pos,取料3Z轴_Axis_Pos_21,27642,取料3Z轴_Axis_Pos_21,Material taking 3Z-axis_Axis_Pos_21,L?y 3Z_tr?c_??a ?i?m_21
PLC/取料3Z轴_Axis_Pos,取料3Z轴_Axis_Pos_22,27644,取料3Z轴_Axis_Pos_22,Material taking 3Z-axis_Axis_Pos_22,L?y 3Z_tr?c_??a ?i?m_22
PLC/取料3Z轴_Axis_Pos,取料3Z轴_Axis_Pos_23,27646,取料3Z轴_Axis_Pos_23,Material taking 3Z-axis_Axis_Pos_23,L?y 3Z_tr?c_??a ?i?m_23
PLC/取料3Z轴_Axis_Pos,取料3Z轴_Axis_Pos_24,27648,取料3Z轴_Axis_Pos_24,Material taking 3Z-axis_Axis_Pos_24,L?y 3Z_tr?c_??a ?i?m_24
PLC/取料3Z轴_Axis_Pos,取料3Z轴_Axis_Pos_25,27650,取料3Z轴_Axis_Pos_25,Material taking 3Z-axis_Axis_Pos_25,L?y 3Z_tr?c_??a ?i?m_25
PLC/取料3Z轴_Axis_Pos,取料3Z轴_Axis_Pos_26,27652,取料3Z轴_Axis_Pos_26,Material taking 3Z-axis_Axis_Pos_26,L?y 3Z_tr?c_??a ?i?m_26
PLC/取料3Z轴_Axis_Pos,取料3Z轴_Axis_Pos_27,27654,取料3Z轴_Axis_Pos_27,Material taking 3Z-axis_Axis_Pos_27,L?y 3Z_tr?c_??a ?i?m_27
PLC/取料3Z轴_Axis_Pos,取料3Z轴_Axis_Pos_28,27656,取料3Z轴_Axis_Pos_28,Material taking 3Z-axis_Axis_Pos_28,L?y 3Z_tr?c_??a ?i?m_28
PLC/取料3Z轴_Axis_Pos,取料3Z轴_Axis_Pos_29,27658,取料3Z轴_Axis_Pos_29,Material taking 3Z-axis_Axis_Pos_29,L?y 3Z_tr?c_??a ?i?m_29
PLC/取料3Z轴_Axis_Pos,取料3Z轴_Axis_Pos_30,27660,取料3Z轴_Axis_Pos_30,Material taking 3Z-axis_Axis_Pos_30,L?y 3Z_tr?c_??a ?i?m_30
PLC/取料3Z轴_Axis_Pos,取料3Z轴_Axis_Pos_31,27662,取料3Z轴_Axis_Pos_31,Material taking 3Z-axis_Axis_Pos_31,L?y 3Z_tr?c_??a ?i?m_31
PLC/取料3Z轴_Axis_Pos,取料3Z轴_Axis_Pos_32,27664,取料3Z轴_Axis_Pos_32,Material taking 3Z-axis_Axis_Pos_32,L?y 3Z_tr?c_??a ?i?m_32
PLC/取料3Z轴_Axis_Pos,取料3Z轴_Axis_Pos_33,27666,取料3Z轴_Axis_Pos_33,Material taking 3Z-axis_Axis_Pos_33,L?y 3Z_tr?c_??a ?i?m_33
PLC/取料3Z轴_Axis_Pos,取料3Z轴_Axis_Pos_34,27668,取料3Z轴_Axis_Pos_34,Material taking 3Z-axis_Axis_Pos_34,L?y 3Z_tr?c_??a ?i?m_34
PLC/取料3Z轴_Axis_Pos,取料3Z轴_Axis_Pos_35,27670,取料3Z轴_Axis_Pos_35,Material taking 3Z-axis_Axis_Pos_35,L?y 3Z_tr?c_??a ?i?m_35
PLC/取料3Z轴_Axis_Pos,取料3Z轴_Axis_Pos_36,27672,取料3Z轴_Axis_Pos_36,Material taking 3Z-axis_Axis_Pos_36,L?y 3Z_tr?c_??a ?i?m_36
PLC/取料3Z轴_Axis_Pos,取料3Z轴_Axis_Pos_37,27674,取料3Z轴_Axis_Pos_37,Material taking 3Z-axis_Axis_Pos_37,L?y 3Z_tr?c_??a ?i?m_37
PLC/取料3Z轴_Axis_Pos,取料3Z轴_Axis_Pos_38,27676,取料3Z轴_Axis_Pos_38,Material taking 3Z-axis_Axis_Pos_38,L?y 3Z_tr?c_??a ?i?m_38
PLC/取料3Z轴_Axis_Pos,取料3Z轴_Axis_Pos_39,27678,取料3Z轴_Axis_Pos_39,Material taking 3Z-axis_Axis_Pos_39,L?y 3Z_tr?c_??a ?i?m_39
PLC/取料3Z轴_Axis_Pos,取料3Z轴_Axis_Pos_40,27680,取料3Z轴_Axis_Pos_40,Material taking 3Z-axis_Axis_Pos_40,L?y 3Z_tr?c_??a ?i?m_40
PLC/取料3Z轴_Axis_Pos,取料3Z轴_Axis_Pos_41,27682,取料3Z轴_Axis_Pos_41,Material taking 3Z-axis_Axis_Pos_41,L?y 3Z_tr?c_??a ?i?m_41
PLC/取料3Z轴_Axis_Pos,取料3Z轴_Axis_Pos_42,27684,取料3Z轴_Axis_Pos_42,Material taking 3Z-axis_Axis_Pos_42,L?y 3Z_tr?c_??a ?i?m_42
PLC/取料3Z轴_Axis_Pos,取料3Z轴_Axis_Pos_43,27686,取料3Z轴_Axis_Pos_43,Material taking 3Z-axis_Axis_Pos_43,L?y 3Z_tr?c_??a ?i?m_43
PLC/取料3Z轴_Axis_Pos,取料3Z轴_Axis_Pos_44,27688,取料3Z轴_Axis_Pos_44,Material taking 3Z-axis_Axis_Pos_44,L?y 3Z_tr?c_??a ?i?m_44
PLC/取料3Z轴_Axis_Pos,取料3Z轴_Axis_Pos_45,27690,取料3Z轴_Axis_Pos_45,Material taking 3Z-axis_Axis_Pos_45,L?y 3Z_tr?c_??a ?i?m_45
PLC/取料3Z轴_Axis_Pos,取料3Z轴_Axis_Pos_46,27692,取料3Z轴_Axis_Pos_46,Material taking 3Z-axis_Axis_Pos_46,L?y 3Z_tr?c_??a ?i?m_46
PLC/取料3Z轴_Axis_Pos,取料3Z轴_Axis_Pos_47,27694,取料3Z轴_Axis_Pos_47,Material taking 3Z-axis_Axis_Pos_47,L?y 3Z_tr?c_??a ?i?m_47
PLC/取料3Z轴_Axis_Pos,取料3Z轴_Axis_Pos_48,27696,取料3Z轴_Axis_Pos_48,Material taking 3Z-axis_Axis_Pos_48,L?y 3Z_tr?c_??a ?i?m_48
PLC/取料3Z轴_Axis_Pos,取料3Z轴_Axis_Pos_49,27698,取料3Z轴_Axis_Pos_49,Material taking 3Z-axis_Axis_Pos_49,L?y 3Z_tr?c_??a ?i?m_49
PLC/取料3Z轴_Axis_Pos,取料3Z轴_Axis_Pos_50,27700,取料3Z轴_Axis_Pos_50,Material taking 3Z-axis_Axis_Pos_50,L?y 3Z_tr?c_??a ?i?m_50
PLC/取料3Z轴_Axis_Pos,取料3Z轴_Axis_Pos_51,27702,取料3Z轴_Axis_Pos_51,Material taking 3Z-axis_Axis_Pos_51,L?y 3Z_tr?c_??a ?i?m_51
PLC/取料3Z轴_Axis_Pos,取料3Z轴_Axis_Pos_52,27704,取料3Z轴_Axis_Pos_52,Material taking 3Z-axis_Axis_Pos_52,L?y 3Z_tr?c_??a ?i?m_52
PLC/取料3Z轴_Axis_Pos,取料3Z轴_Axis_Pos_53,27706,取料3Z轴_Axis_Pos_53,Material taking 3Z-axis_Axis_Pos_53,L?y 3Z_tr?c_??a ?i?m_53
PLC/取料3Z轴_Axis_Pos,取料3Z轴_Axis_Pos_54,27708,取料3Z轴_Axis_Pos_54,Material taking 3Z-axis_Axis_Pos_54,L?y 3Z_tr?c_??a ?i?m_54
PLC/取料3Z轴_Axis_Pos,取料3Z轴_Axis_Pos_55,27710,取料3Z轴_Axis_Pos_55,Material taking 3Z-axis_Axis_Pos_55,L?y 3Z_tr?c_??a ?i?m_55

PLC/取料3Z轴_Axis_Vel,取料3Z轴_Axis_Vel_0,27800,取料3Z轴_Axis_Vel_0,Material taking 3Z-axis_Axis_Vel_0,L?y 3Z_tr?c_t?c ??_0
PLC/取料3Z轴_Axis_Vel,取料3Z轴_Axis_Vel_1,27802,取料3Z轴_Axis_Vel_1,Material taking 3Z-axis_Axis_Vel_1,L?y 3Z_tr?c_t?c ??_1
PLC/取料3Z轴_Axis_Vel,取料3Z轴_Axis_Vel_2,27804,取料3Z轴_Axis_Vel_2,Material taking 3Z-axis_Axis_Vel_2,L?y 3Z_tr?c_t?c ??_2
PLC/取料3Z轴_Axis_Vel,取料3Z轴_Axis_Vel_3,27806,取料3Z轴_Axis_Vel_3,Material taking 3Z-axis_Axis_Vel_3,L?y 3Z_tr?c_t?c ??_3
PLC/取料3Z轴_Axis_Vel,取料3Z轴_Axis_Vel_4,27808,取料3Z轴_Axis_Vel_4,Material taking 3Z-axis_Axis_Vel_4,L?y 3Z_tr?c_t?c ??_4
PLC/取料3Z轴_Axis_Vel,取料3Z轴_Axis_Vel_5,27810,取料3Z轴_Axis_Vel_5,Material taking 3Z-axis_Axis_Vel_5,L?y 3Z_tr?c_t?c ??_5
PLC/取料3Z轴_Axis_Vel,取料3Z轴_Axis_Vel_6,27812,取料3Z轴_Axis_Vel_6,Material taking 3Z-axis_Axis_Vel-6,L?y 3Z_tr?c_t?c ??_6
PLC/取料3Z轴_Axis_Vel,取料3Z轴_Axis_Vel_7,27814,取料3Z轴_Axis_Vel_7,Material taking 3Z-axis_Axis_Vel_7,L?y 3Z_tr?c_t?c ??_7
PLC/取料3Z轴_Axis_Vel,取料3Z轴_Axis_Vel_8,27816,取料3Z轴_Axis_Vel_8,Material taking 3Z-axis_Axis_Vel_8,L?y 3Z_tr?c_t?c ??_8
PLC/取料3Z轴_Axis_Vel,取料3Z轴_Axis_Vel_9,27818,取料3Z轴_Axis_Vel_9,Material taking 3Z-axis_Axis_Vel_9,L?y 3Z_tr?c_t?c ??_9
PLC/取料3Z轴_Axis_Vel,取料3Z轴_Axis_Vel_10,27820,取料3Z轴_Axis_Vel_10,Material taking 3Z-axis_Axis_Vel_10,L?y 3Z_tr?c_t?c ??_10
PLC/取料3Z轴_Axis_Vel,取料3Z轴_Axis_Vel_11,27822,取料3Z轴_Axis_Vel_11,Material taking 3Z-axis_Axis_Vel_11,L?y 3Z_tr?c_t?c ??_11
PLC/取料3Z轴_Axis_Vel,取料3Z轴_Axis_Vel_12,27824,取料3Z轴_Axis_Vel_12,Material taking 3Z-axis_Axis_Vel_12,L?y 3Z_tr?c_t?c ??_12
PLC/取料3Z轴_Axis_Vel,取料3Z轴_Axis_Vel_13,27826,取料3Z轴_Axis_Vel_13,Material taking 3Z-axis_Axis_Vel_13,L?y 3Z_tr?c_t?c ??_13
PLC/取料3Z轴_Axis_Vel,取料3Z轴_Axis_Vel_14,27828,取料3Z轴_Axis_Vel_14,Material taking 3Z-axis_Axis_Vel_14,L?y 3Z_tr?c_t?c ??_14
PLC/取料3Z轴_Axis_Vel,取料3Z轴_Axis_Vel_15,27830,取料3Z轴_Axis_Vel_15,Material taking 3Z-axis_Axis_Vel_15,L?y 3Z_tr?c_t?c ??_15
PLC/取料3Z轴_Axis_Vel,取料3Z轴_Axis_Vel_16,27832,取料3Z轴_Axis_Vel_16,Material taking 3Z-axis_Axis_Vel_16,L?y 3Z_tr?c_t?c ??_16
PLC/取料3Z轴_Axis_Vel,取料3Z轴_Axis_Vel_17,27834,取料3Z轴_Axis_Vel_17,Material taking 3Z-axis_Axis_Vel_17,L?y 3Z_tr?c_t?c ??_17
PLC/取料3Z轴_Axis_Vel,取料3Z轴_Axis_Vel_18,27836,取料3Z轴_Axis_Vel_18,Material taking 3Z-axis_Axis_Vel_18,L?y 3Z_tr?c_t?c ??_18
PLC/取料3Z轴_Axis_Vel,取料3Z轴_Axis_Vel_19,27838,取料3Z轴_Axis_Vel_19,Material taking 3Z-axis_Axis_Vel_19,L?y 3Z_tr?c_t?c ??_19
PLC/取料3Z轴_Axis_Vel,取料3Z轴_Axis_Vel_20,27840,取料3Z轴_Axis_Vel_20,Material taking 3Z-axis_Axis_Vel_20,L?y 3Z_tr?c_t?c ??_20
PLC/取料3Z轴_Axis_Vel,取料3Z轴_Axis_Vel_21,27842,取料3Z轴_Axis_Vel_21,Material taking 3Z-axis_Axis_Vel_21,L?y 3Z_tr?c_t?c ??_21
PLC/取料3Z轴_Axis_Vel,取料3Z轴_Axis_Vel_22,27844,取料3Z轴_Axis_Vel_22,Material taking 3Z-axis_Axis_Vel_22,L?y 3Z_tr?c_t?c ??_22
PLC/取料3Z轴_Axis_Vel,取料3Z轴_Axis_Vel_23,27846,取料3Z轴_Axis_Vel_23,Material taking 3Z-axis_Axis_Vel_23,L?y 3Z_tr?c_t?c ??_23
PLC/取料3Z轴_Axis_Vel,取料3Z轴_Axis_Vel_24,27848,取料3Z轴_Axis_Vel_24,Material taking 3Z-axis_Axis_Vel_24,L?y 3Z_tr?c_t?c ??_24
PLC/取料3Z轴_Axis_Vel,取料3Z轴_Axis_Vel_25,27850,取料3Z轴_Axis_Vel_25,Material taking 3Z-axis_Axis_Vel_25,L?y 3Z_tr?c_t?c ??_25
PLC/取料3Z轴_Axis_Vel,取料3Z轴_Axis_Vel_26,27852,取料3Z轴_Axis_Vel_26,Material taking 3Z-axis_Axis_Vel_26,L?y 3Z_tr?c_t?c ??_26
PLC/取料3Z轴_Axis_Vel,取料3Z轴_Axis_Vel_27,27854,取料3Z轴_Axis_Vel_27,Material taking 3Z-axis_Axis_Vel_27,L?y 3Z_tr?c_t?c ??_27
PLC/取料3Z轴_Axis_Vel,取料3Z轴_Axis_Vel_28,27856,取料3Z轴_Axis_Vel_28,Material taking 3Z-axis_Axis_Vel_28,L?y 3Z_tr?c_t?c ??_28
PLC/取料3Z轴_Axis_Vel,取料3Z轴_Axis_Vel_29,27858,取料3Z轴_Axis_Vel_29,Material taking 3Z-axis_Axis_Vel_29,L?y 3Z_tr?c_t?c ??_29
PLC/取料3Z轴_Axis_Vel,取料3Z轴_Axis_Vel_30,27860,取料3Z轴_Axis_Vel_30,Material taking 3Z-axis_Axis_Vel_30,L?y 3Z_tr?c_t?c ??_30
PLC/取料3Z轴_Axis_Vel,取料3Z轴_Axis_Vel_31,27862,取料3Z轴_Axis_Vel_31,Material taking 3Z-axis_Axis_Vel_31,L?y 3Z_tr?c_t?c ??_31
PLC/取料3Z轴_Axis_Vel,取料3Z轴_Axis_Vel_32,27864,取料3Z轴_Axis_Vel_32,Material taking 3Z-axis_Axis_Vel_32,L?y 3Z_tr?c_t?c ??_32
PLC/取料3Z轴_Axis_Vel,取料3Z轴_Axis_Vel_33,27866,取料3Z轴_Axis_Vel_33,Material taking 3Z-axis_Axis_Vel_33,L?y 3Z_tr?c_t?c ??_33
PLC/取料3Z轴_Axis_Vel,取料3Z轴_Axis_Vel_34,27868,取料3Z轴_Axis_Vel_34,Material taking 3Z-axis_Axis_Vel_34,L?y 3Z_tr?c_t?c ??_34
PLC/取料3Z轴_Axis_Vel,取料3Z轴_Axis_Vel_35,27870,取料3Z轴_Axis_Vel_35,Material taking 3Z-axis_Axis_Vel_35,L?y 3Z_tr?c_t?c ??_35
PLC/取料3Z轴_Axis_Vel,取料3Z轴_Axis_Vel_36,27872,取料3Z轴_Axis_Vel_36,Material taking 3Z-axis_Axis_Vel_36,L?y 3Z_tr?c_t?c ??_36
PLC/取料3Z轴_Axis_Vel,取料3Z轴_Axis_Vel_37,27874,取料3Z轴_Axis_Vel_37,Material taking 3Z-axis_Axis_Vel_37,L?y 3Z_tr?c_t?c ??_37
PLC/取料3Z轴_Axis_Vel,取料3Z轴_Axis_Vel_38,27876,取料3Z轴_Axis_Vel_38,Material taking 3Z-axis_Axis_Vel_38,L?y 3Z_tr?c_t?c ??_38
PLC/取料3Z轴_Axis_Vel,取料3Z轴_Axis_Vel_39,27878,取料3Z轴_Axis_Vel_39,Material taking 3Z-axis_Axis_Vel_39,L?y 3Z_tr?c_t?c ??_39
PLC/取料3Z轴_Axis_Vel,取料3Z轴_Axis_Vel_40,27880,取料3Z轴_Axis_Vel_40,Material taking 3Z-axis_Axis_Vel_40,L?y 3Z_tr?c_t?c ??_40
PLC/取料3Z轴_Axis_Vel,取料3Z轴_Axis_Vel_41,27882,取料3Z轴_Axis_Vel_41,Material taking 3Z-axis_Axis_Vel_41,L?y 3Z_tr?c_t?c ??_41
PLC/取料3Z轴_Axis_Vel,取料3Z轴_Axis_Vel_42,27884,取料3Z轴_Axis_Vel_42,Material taking 3Z-axis_Axis_Vel_42,L?y 3Z_tr?c_t?c ??_42
PLC/取料3Z轴_Axis_Vel,取料3Z轴_Axis_Vel_43,27886,取料3Z轴_Axis_Vel_43,Material taking 3Z-axis_Axis_Vel_43,L?y 3Z_tr?c_t?c ??_43
PLC/取料3Z轴_Axis_Vel,取料3Z轴_Axis_Vel_44,27888,取料3Z轴_Axis_Vel_44,Material taking 3Z-axis_Axis_Vel_44,L?y 3Z_tr?c_t?c ??_44
PLC/取料3Z轴_Axis_Vel,取料3Z轴_Axis_Vel_45,27890,取料3Z轴_Axis_Vel_45,Material taking 3Z-axis_Axis_Vel_45,L?y 3Z_tr?c_t?c ??_45
PLC/取料3Z轴_Axis_Vel,取料3Z轴_Axis_Vel_46,27892,取料3Z轴_Axis_Vel_46,Material taking 3Z-axis_Axis_Vel_46,L?y 3Z_tr?c_t?c ??_46
PLC/取料3Z轴_Axis_Vel,取料3Z轴_Axis_Vel_47,27894,取料3Z轴_Axis_Vel_47,Material taking 3Z-axis_Axis_Vel_47,L?y 3Z_tr?c_t?c ??_47
PLC/取料3Z轴_Axis_Vel,取料3Z轴_Axis_Vel_48,27896,取料3Z轴_Axis_Vel_48,Material taking 3Z-axis_Axis_Vel_48,L?y 3Z_tr?c_t?c ??_48
PLC/取料3Z轴_Axis_Vel,取料3Z轴_Axis_Vel_49,27898,取料3Z轴_Axis_Vel_49,Material taking 3Z-axis_Axis_Vel_49,L?y 3Z_tr?c_t?c ??_49
PLC/取料3Z轴_Axis_Vel,取料3Z轴_Axis_Vel_50,27900,取料3Z轴_Axis_Vel_50,Material taking 3Z-axis_Axis_Vel_50,L?y 3Z_tr?c_t?c ??_50
PLC/取料3Z轴_Axis_Vel,取料3Z轴_Axis_Vel_51,27902,取料3Z轴_Axis_Vel_51,Material taking 3Z-axis_Axis_Vel_51,L?y 3Z_tr?c_t?c ??_51
PLC/取料3Z轴_Axis_Vel,取料3Z轴_Axis_Vel_52,27904,取料3Z轴_Axis_Vel_52,Material taking 3Z-axis_Axis_Vel_52,L?y 3Z_tr?c_t?c ??_52
PLC/取料3Z轴_Axis_Vel,取料3Z轴_Axis_Vel_53,27906,取料3Z轴_Axis_Vel_53,Material taking 3Z-axis_Axis_Vel_53,L?y 3Z_tr?c_t?c ??_53
PLC/取料3Z轴_Axis_Vel,取料3Z轴_Axis_Vel_54,27908,取料3Z轴_Axis_Vel_54,Material taking 3Z-axis_Axis_Vel_54,L?y 3Z_tr?c_t?c ??_54
PLC/取料3Z轴_Axis_Vel,取料3Z轴_Axis_Vel_55,27910,取料3Z轴_Axis_Vel_55,Material taking 3Z-axis_Axis_Vel_55,L?y 3Z_tr?c_t?c ??_55

PLC/取料3R轴_Axis_Pos,取料3R轴_Axis_Pos_0,28000,取料3R轴_Axis_Pos_0,Material taking 3R axis __Axis_Pos-0,L?y 3R_tr?c_??a ?i?m_0
PLC/取料3R轴_Axis_Pos,取料3R轴_Axis_Pos_1,28002,取料3R轴_Axis_Pos_1,Material retrieval 3R axis_Axis_Pos_1,L?y 3R_tr?c_??a ?i?m_1
PLC/取料3R轴_Axis_Pos,取料3R轴_Axis_Pos_2,28004,取料3R轴_Axis_Pos_2,Material retrieval 3R axis_Axis_Pos_2,L?y 3R_tr?c_??a ?i?m_2
PLC/取料3R轴_Axis_Pos,取料3R轴_Axis_Pos_3,28006,取料3R轴_Axis_Pos_3,Material taking 3R axis_Axis_Pos_3,L?y 3R_tr?c_??a ?i?m_3
PLC/取料3R轴_Axis_Pos,取料3R轴_Axis_Pos_4,28008,取料3R轴_Axis_Pos_4,Material retrieval 3R axis_Axis_Pos_2,L?y 3R_tr?c_??a ?i?m_4
PLC/取料3R轴_Axis_Pos,取料3R轴_Axis_Pos_5,28010,取料3R轴_Axis_Pos_5,Material retrieval 3R axis_Axis_Pos_5,L?y 3R_tr?c_??a ?i?m_5
PLC/取料3R轴_Axis_Pos,取料3R轴_Axis_Pos_6,28012,取料3R轴_Axis_Pos_6,Material retrieval 3R axis_Axis_Pos-6,L?y 3R_tr?c_??a ?i?m_6
PLC/取料3R轴_Axis_Pos,取料3R轴_Axis_Pos_7,28014,取料3R轴_Axis_Pos_7,Material retrieval 3R axis_Axis_Pos_7,L?y 3R_tr?c_??a ?i?m_7
PLC/取料3R轴_Axis_Pos,取料3R轴_Axis_Pos_8,28016,取料3R轴_Axis_Pos_8,Material retrieval 3R axis_Axis_Pos_8,L?y 3R_tr?c_??a ?i?m_8
PLC/取料3R轴_Axis_Pos,取料3R轴_Axis_Pos_9,28018,取料3R轴_Axis_Pos_9,Material retrieval 3R axis_Axis_Pos_9,L?y 3R_tr?c_??a ?i?m_9
PLC/取料3R轴_Axis_Pos,取料3R轴_Axis_Pos_10,28020,取料3R轴_Axis_Pos_10,Material taking 3R axis __Axis_Pos_10,L?y 3R_tr?c_??a ?i?m_10
PLC/取料3R轴_Axis_Pos,取料3R轴_Axis_Pos_11,28022,取料3R轴_Axis_Pos_11,Material retrieval 3R axis_Axis_Pos_11,L?y 3R_tr?c_??a ?i?m_11
PLC/取料3R轴_Axis_Pos,取料3R轴_Axis_Pos_12,28024,取料3R轴_Axis_Pos_12,Material retrieval 3R axis_Axis_Pos_12,L?y 3R_tr?c_??a ?i?m_12
PLC/取料3R轴_Axis_Pos,取料3R轴_Axis_Pos_13,28026,取料3R轴_Axis_Pos_13,Material retrieval 3R axis_Axis_Pos_13,L?y 3R_tr?c_??a ?i?m_13
PLC/取料3R轴_Axis_Pos,取料3R轴_Axis_Pos_14,28028,取料3R轴_Axis_Pos_14,Material retrieval 3R axis_Axis_Pos_14,L?y 3R_tr?c_??a ?i?m_14
PLC/取料3R轴_Axis_Pos,取料3R轴_Axis_Pos_15,28030,取料3R轴_Axis_Pos_15,Material retrieval 3R axis_Axis_Pos_15,L?y 3R_tr?c_??a ?i?m_15
PLC/取料3R轴_Axis_Pos,取料3R轴_Axis_Pos_16,28032,取料3R轴_Axis_Pos_16,Material retrieval 3R axis_Axis_Pos_16,L?y 3R_tr?c_??a ?i?m_16
PLC/取料3R轴_Axis_Pos,取料3R轴_Axis_Pos_17,28034,取料3R轴_Axis_Pos_17,Material retrieval 3R axis_Axis_Pos_17,L?y 3R_tr?c_??a ?i?m_17
PLC/取料3R轴_Axis_Pos,取料3R轴_Axis_Pos_18,28036,取料3R轴_Axis_Pos_18,Material taking 3R axis __Axis_Pos_18,L?y 3R_tr?c_??a ?i?m_18
PLC/取料3R轴_Axis_Pos,取料3R轴_Axis_Pos_19,28038,取料3R轴_Axis_Pos_19,Material retrieval 3R axis_Axis_Pos_19,L?y 3R_tr?c_??a ?i?m_19
,取料3R轴_Axis_Pos_20,28040,取料3R轴_Axis_Pos_20,Material retrieval 3R axis_Axis_Pos_20,L?y 3R_tr?c_??a ?i?m_20
PLC/取料3R轴_Axis_Pos,取料3R轴_Axis_Pos_21,28042,取料3R轴_Axis_Pos_21,Material retrieval 3R axis_Axis_Pos_21,L?y 3R_tr?c_??a ?i?m_21
PLC/取料3R轴_Axis_Pos,取料3R轴_Axis_Pos_22,28044,取料3R轴_Axis_Pos_22,Material retrieval 3R axis_Axis_Pos_22,L?y 3R_tr?c_??a ?i?m_22
PLC/取料3R轴_Axis_Pos,取料3R轴_Axis_Pos_23,28046,取料3R轴_Axis_Pos_23,Material retrieval 3R axis_Axis_Pos_23,L?y 3R_tr?c_??a ?i?m_23
PLC/取料3R轴_Axis_Pos,取料3R轴_Axis_Pos_24,28048,取料3R轴_Axis_Pos_24,Material retrieval 3R axis_Axis_Pos_24,L?y 3R_tr?c_??a ?i?m_24
PLC/取料3R轴_Axis_Pos,取料3R轴_Axis_Pos_25,28050,取料3R轴_Axis_Pos_25,Material retrieval 3R axis_Axis_Pos_25,L?y 3R_tr?c_??a ?i?m_25
PLC/取料3R轴_Axis_Pos,取料3R轴_Axis_Pos_26,28052,取料3R轴_Axis_Pos_26,Material retrieval 3R axis_Axis_Pos_26,L?y 3R_tr?c_??a ?i?m_26
PLC/取料3R轴_Axis_Pos,取料3R轴_Axis_Pos_27,28054,取料3R轴_Axis_Pos_27,Material retrieval 3R axis_Axis_Pos_27,L?y 3R_tr?c_??a ?i?m_27
PLC/取料3R轴_Axis_Pos,取料3R轴_Axis_Pos_28,28056,取料3R轴_Axis_Pos_28,Material retrieval 3R axis_Axis_Pos_28,L?y 3R_tr?c_??a ?i?m_28
PLC/取料3R轴_Axis_Pos,取料3R轴_Axis_Pos_29,28058,取料3R轴_Axis_Pos_29,Material retrieval 3R axis_Axis_Pos_29,L?y 3R_tr?c_??a ?i?m_29
PLC/取料3R轴_Axis_Pos,取料3R轴_Axis_Pos_30,28060,取料3R轴_Axis_Pos_30,Material retrieval 3R axis_Axis_Pos_30,L?y 3R_tr?c_??a ?i?m_30
PLC/取料3R轴_Axis_Pos,取料3R轴_Axis_Pos_31,28062,取料3R轴_Axis_Pos_31,Material retrieval 3R axis_Axis_Pos_31,L?y 3R_tr?c_??a ?i?m_31
PLC/取料3R轴_Axis_Pos,取料3R轴_Axis_Pos_32,28064,取料3R轴_Axis_Pos_32,Material retrieval 3R axis_Axis_Pos_32,L?y 3R_tr?c_??a ?i?m_32
PLC/取料3R轴_Axis_Pos,取料3R轴_Axis_Pos_33,28066,取料3R轴_Axis_Pos_33,Material retrieval 3R axis_Axis_Pos_33,L?y 3R_tr?c_??a ?i?m_33
PLC/取料3R轴_Axis_Pos,取料3R轴_Axis_Pos_34,28068,取料3R轴_Axis_Pos_34,Material retrieval 3R axis_Axis_Pos_34,L?y 3R_tr?c_??a ?i?m_34
PLC/取料3R轴_Axis_Pos,取料3R轴_Axis_Pos_35,28070,取料3R轴_Axis_Pos_35,Material retrieval 3R axis_Axis_Pos_35,L?y 3R_tr?c_??a ?i?m_35
PLC/取料3R轴_Axis_Pos,取料3R轴_Axis_Pos_36,28072,取料3R轴_Axis_Pos_36,Material retrieval 3R axis_Axis_Pos_36,L?y 3R_tr?c_??a ?i?m_36
PLC/取料3R轴_Axis_Pos,取料3R轴_Axis_Pos_37,28074,取料3R轴_Axis_Pos_37,Material retrieval 3R axis_Axis_Pos_37,L?y 3R_tr?c_??a ?i?m_37
PLC/取料3R轴_Axis_Pos,取料3R轴_Axis_Pos_38,28076,取料3R轴_Axis_Pos_38,Material retrieval 3R axis_Axis_Pos_38,L?y 3R_tr?c_??a ?i?m_38
PLC/取料3R轴_Axis_Pos,取料3R轴_Axis_Pos_39,28078,取料3R轴_Axis_Pos_39,Material retrieval 3R axis_Axis_Pos_39,L?y 3R_tr?c_??a ?i?m_39
PLC/取料3R轴_Axis_Pos,取料3R轴_Axis_Pos_40,28080,取料3R轴_Axis_Pos_40,Material retrieval 3R axis_Axis_Pos_40,L?y 3R_tr?c_??a ?i?m_40
PLC/取料3R轴_Axis_Pos,取料3R轴_Axis_Pos_41,28082,取料3R轴_Axis_Pos_41,Material retrieval 3R axis_Axis_Pos_41,L?y 3R_tr?c_??a ?i?m_41
PLC/取料3R轴_Axis_Pos,取料3R轴_Axis_Pos_42,28084,取料3R轴_Axis_Pos_42,Material retrieval 3R axis_Axis_Pos_42,L?y 3R_tr?c_??a ?i?m_42
PLC/取料3R轴_Axis_Pos,取料3R轴_Axis_Pos_43,28086,取料3R轴_Axis_Pos_43,Material retrieval 3R axis_Axis_Pos_43,L?y 3R_tr?c_??a ?i?m_43
PLC/取料3R轴_Axis_Pos,取料3R轴_Axis_Pos_44,28088,取料3R轴_Axis_Pos_44,Material retrieval 3R axis_Axis_Pos_44,L?y 3R_tr?c_??a ?i?m_44
PLC/取料3R轴_Axis_Pos,取料3R轴_Axis_Pos_45,28090,取料3R轴_Axis_Pos_45,Material retrieval 3R axis_Axis_Pos_45,L?y 3R_tr?c_??a ?i?m_45
PLC/取料3R轴_Axis_Pos,取料3R轴_Axis_Pos_46,28092,取料3R轴_Axis_Pos_46,Material retrieval 3R axis_Axis_Pos_46,L?y 3R_tr?c_??a ?i?m_46
PLC/取料3R轴_Axis_Pos,取料3R轴_Axis_Pos_47,28094,取料3R轴_Axis_Pos_47,Material retrieval 3R axis_Axis_Pos_47,L?y 3R_tr?c_??a ?i?m_47
PLC/取料3R轴_Axis_Pos,取料3R轴_Axis_Pos_48,28096,取料3R轴_Axis_Pos_48,Material retrieval 3R axis_Axis_Pos_48,L?y 3R_tr?c_??a ?i?m_48
PLC/取料3R轴_Axis_Pos,取料3R轴_Axis_Pos_49,28098,取料3R轴_Axis_Pos_49,Material retrieval 3R axis_Axis_Pos_49,L?y 3R_tr?c_??a ?i?m_49
PLC/取料3R轴_Axis_Pos,取料3R轴_Axis_Pos_50,28100,取料3R轴_Axis_Pos_50,Material retrieval 3R axis_Axis_Pos_50,L?y 3R_tr?c_??a ?i?m_50
PLC/取料3R轴_Axis_Pos,取料3R轴_Axis_Pos_51,28102,取料3R轴_Axis_Pos_51,Material retrieval 3R axis_Axis_Pos_51,L?y 3R_tr?c_??a ?i?m_51
PLC/取料3R轴_Axis_Pos,取料3R轴_Axis_Pos_52,28104,取料3R轴_Axis_Pos_52,Material retrieval 3R axis_Axis_Pos_52,L?y 3R_tr?c_??a ?i?m_52
PLC/取料3R轴_Axis_Pos,取料3R轴_Axis_Pos_53,28106,取料3R轴_Axis_Pos_53,Material retrieval 3R axis_Axis_Pos_53,L?y 3R_tr?c_??a ?i?m_53
PLC/取料3R轴_Axis_Pos,取料3R轴_Axis_Pos_54,28108,取料3R轴_Axis_Pos_54,Material retrieval 3R axis_Axis_Pos_54,L?y 3R_tr?c_??a ?i?m_54
PLC/取料3R轴_Axis_Pos,取料3R轴_Axis_Pos_55,28110,取料3R轴_Axis_Pos_55,Material retrieval 3R axis_Axis_Pos_55,L?y 3R_tr?c_??a ?i?m_55

PLC/取料3R轴_Axis_Vel,取料3R轴_Axis_Vel_0,28200,取料3R轴_Axis_Vel_0,Material taking 3R axis_Axis_Vel_0,L?y 3R_Axis_Vel_0
PLC/取料3R轴_Axis_Vel,取料3R轴_Axis_Vel_1,28202,取料3R轴_Axis_Vel_1,Material taking 3R axis_Axis_Vel_1,L?y 3R_Axis_Vel_1
PLC/取料3R轴_Axis_Vel,取料3R轴_Axis_Vel_2,28204,取料3R轴_Axis_Vel_2,Material taking 3R axis_Axis_Vel_2,L?y 3R_Axis_Vel_2
PLC/取料3R轴_Axis_Vel,取料3R轴_Axis_Vel_3,28206,取料3R轴_Axis_Vel_3,Material taking 3R axis_Axis_Vel_3,L?y 3R_Axis_Vel_3
PLC/取料3R轴_Axis_Vel,取料3R轴_Axis_Vel_4,28208,取料3R轴_Axis_Vel_4,Material taking 3R axis_Axis_Vel_4,L?y 3R_Axis_Vel_4
PLC/取料3R轴_Axis_Vel,取料3R轴_Axis_Vel_5,28210,取料3R轴_Axis_Vel_5,Material taking 3R axis_Axis_Vel_5,L?y 3R_Axis_Vel_5
PLC/取料3R轴_Axis_Vel,取料3R轴_Axis_Vel_6,28212,取料3R轴_Axis_Vel_6,Material taking 3R axis_Axis_Vel-6,L?y 3R_Axis_Vel_6
PLC/取料3R轴_Axis_Vel,取料3R轴_Axis_Vel_7,28214,取料3R轴_Axis_Vel_7,Material taking 3R axis_Axis_Vel_7,L?y 3R_Axis_Vel_7
PLC/取料3R轴_Axis_Vel,取料3R轴_Axis_Vel_8,28216,取料3R轴_Axis_Vel_8,Material taking 3R axis_Axis_Vel_8,L?y 3R_Axis_Vel_8
PLC/取料3R轴_Axis_Vel,取料3R轴_Axis_Vel_9,28218,取料3R轴_Axis_Vel_9,Material taking 3R axis_Axis_Vel_9,L?y 3R_Axis_Vel_9
PLC/取料3R轴_Axis_Vel,取料3R轴_Axis_Vel_10,28220,取料3R轴_Axis_Vel_10,Material taking 3R axis_Axis_Vel_10,L?y 3R_Axis_Vel_10
PLC/取料3R轴_Axis_Vel,取料3R轴_Axis_Vel_11,28222,取料3R轴_Axis_Vel_11,Material taking 3R axis_Axis_Vel_11,L?y 3R_Axis_Vel_11
PLC/取料3R轴_Axis_Vel,取料3R轴_Axis_Vel_12,28224,取料3R轴_Axis_Vel_12,Material taking 3R axis_Axis_Vel_12,L?y 3R_Axis_Vel_12
PLC/取料3R轴_Axis_Vel,取料3R轴_Axis_Vel_13,28226,取料3R轴_Axis_Vel_13,Material taking 3R axis_Axis_Vel_13,L?y 3R_Axis_Vel_13
PLC/取料3R轴_Axis_Vel,取料3R轴_Axis_Vel_14,28228,取料3R轴_Axis_Vel_14,Material taking 3R axis_Axis_Vel_14,L?y 3R_Axis_Vel_14
PLC/取料3R轴_Axis_Vel,取料3R轴_Axis_Vel_15,28230,取料3R轴_Axis_Vel_15,Material taking 3R axis_Axis_Vel_15,L?y 3R_Axis_Vel_15
PLC/取料3R轴_Axis_Vel,取料3R轴_Axis_Vel_16,28232,取料3R轴_Axis_Vel_16,Material taking 3R axis_Axis_Vel_16,L?y 3R_Axis_Vel_16
PLC/取料3R轴_Axis_Vel,取料3R轴_Axis_Vel_17,28234,取料3R轴_Axis_Vel_17,Material taking 3R axis_Axis_Vel_17,L?y 3R_Axis_Vel_17
PLC/取料3R轴_Axis_Vel,取料3R轴_Axis_Vel_18,28236,取料3R轴_Axis_Vel_18,Material taking 3R axis_Axis_Vel_18,L?y 3R_Axis_Vel_18
PLC/取料3R轴_Axis_Vel,取料3R轴_Axis_Vel_19,28238,取料3R轴_Axis_Vel_19,Material taking 3R axis_Axis_Vel_19,L?y 3R_Axis_Vel_19
PLC/取料3R轴_Axis_Vel,取料3R轴_Axis_Vel_20,28240,取料3R轴_Axis_Vel_20,Material taking 3R axis_Axis_Vel_20,L?y 3R_Axis_Vel_20
PLC/取料3R轴_Axis_Vel,取料3R轴_Axis_Vel_21,28242,取料3R轴_Axis_Vel_21,Material taking 3R axis_Axis_Vel_21,L?y 3R_Axis_Vel_21
PLC/取料3R轴_Axis_Vel,取料3R轴_Axis_Vel_22,28244,取料3R轴_Axis_Vel_22,Material taking 3R axis_Axis_Vel_22,L?y 3R_Axis_Vel_22
PLC/取料3R轴_Axis_Vel,取料3R轴_Axis_Vel_23,28246,取料3R轴_Axis_Vel_23,Material taking 3R axis_Axis_Vel_23,L?y 3R_Axis_Vel_23
PLC/取料3R轴_Axis_Vel,取料3R轴_Axis_Vel_24,28248,取料3R轴_Axis_Vel_24,Material taking 3R axis_Axis_Vel_24,L?y 3R_Axis_Vel_24
PLC/取料3R轴_Axis_Vel,取料3R轴_Axis_Vel_25,28250,取料3R轴_Axis_Vel_25,Material taking 3R axis_Axis_Vel_25,L?y 3R_Axis_Vel_25
PLC/取料3R轴_Axis_Vel,取料3R轴_Axis_Vel_26,28252,取料3R轴_Axis_Vel_26,Material taking 3R axis_Axis_Vel_26,L?y 3R_Axis_Vel_26
PLC/取料3R轴_Axis_Vel,取料3R轴_Axis_Vel_27,28254,取料3R轴_Axis_Vel_27,Material taking 3R axis_Axis_Vel_27,L?y 3R_Axis_Vel_27
PLC/取料3R轴_Axis_Vel,取料3R轴_Axis_Vel_28,28256,取料3R轴_Axis_Vel_28,Material taking 3R axis_Axis_Vel_28,L?y 3R_Axis_Vel_28
PLC/取料3R轴_Axis_Vel,取料3R轴_Axis_Vel_29,28258,取料3R轴_Axis_Vel_29,Material taking 3R axis_Axis_Vel_29,L?y 3R_Axis_Vel_29
PLC/取料3R轴_Axis_Vel,取料3R轴_Axis_Vel_30,28260,取料3R轴_Axis_Vel_30,Material taking 3R axis_Axis_Vel_30,L?y 3R_Axis_Vel_30
PLC/取料3R轴_Axis_Vel,取料3R轴_Axis_Vel_31,28262,取料3R轴_Axis_Vel_31,Material taking 3R axis_Axis_Vel_31,L?y 3R_Axis_Vel_31
PLC/取料3R轴_Axis_Vel,取料3R轴_Axis_Vel_32,28264,取料3R轴_Axis_Vel_32,Material taking 3R axis_Axis_Vel_32,L?y 3R_Axis_Vel_32
PLC/取料3R轴_Axis_Vel,取料3R轴_Axis_Vel_33,28266,取料3R轴_Axis_Vel_33,Material taking 3R axis_Axis_Vel_33,L?y 3R_Axis_Vel_33
PLC/取料3R轴_Axis_Vel,取料3R轴_Axis_Vel_34,28268,取料3R轴_Axis_Vel_34,Material taking 3R axis_Axis_Vel_34,L?y 3R_Axis_Vel_34
PLC/取料3R轴_Axis_Vel,取料3R轴_Axis_Vel_35,28270,取料3R轴_Axis_Vel_35,Material taking 3R axis_Axis_Vel_35,L?y 3R_Axis_Vel_35
PLC/取料3R轴_Axis_Vel,取料3R轴_Axis_Vel_36,28272,取料3R轴_Axis_Vel_36,Material taking 3R axis_Axis_Vel_36,L?y 3R_Axis_Vel_36
PLC/取料3R轴_Axis_Vel,取料3R轴_Axis_Vel_37,28274,取料3R轴_Axis_Vel_37,Material taking 3R axis_Axis_Vel_37,L?y 3R_Axis_Vel_37
PLC/取料3R轴_Axis_Vel,取料3R轴_Axis_Vel_38,28276,取料3R轴_Axis_Vel_38,Material taking 3R axis_Axis_Vel_38,L?y 3R_Axis_Vel_38
PLC/取料3R轴_Axis_Vel,取料3R轴_Axis_Vel_39,28278,取料3R轴_Axis_Vel_39,Material taking 3R axis_Axis_Vel_39,L?y 3R_Axis_Vel_39
PLC/取料3R轴_Axis_Vel,取料3R轴_Axis_Vel_40,28280,取料3R轴_Axis_Vel_40,Material taking 3R axis_Axis_Vel_40,L?y 3R_Axis_Vel_40
PLC/取料3R轴_Axis_Vel,取料3R轴_Axis_Vel_41,28282,取料3R轴_Axis_Vel_41,Material taking 3R axis_Axis_Vel_41,L?y 3R_Axis_Vel_41
PLC/取料3R轴_Axis_Vel,取料3R轴_Axis_Vel_42,28284,取料3R轴_Axis_Vel_42,Material taking 3R axis_Axis_Vel_42,L?y 3R_Axis_Vel_42
PLC/取料3R轴_Axis_Vel,取料3R轴_Axis_Vel_43,28286,取料3R轴_Axis_Vel_43,Material taking 3R axis_Axis_Vel_43,L?y 3R_Axis_Vel_43
PLC/取料3R轴_Axis_Vel,取料3R轴_Axis_Vel_44,28288,取料3R轴_Axis_Vel_44,Material taking 3R axis_Axis_Vel_44,L?y 3R_Axis_Vel_44
PLC/取料3R轴_Axis_Vel,取料3R轴_Axis_Vel_45,28290,取料3R轴_Axis_Vel_45,Material taking 3R axis_Axis_Vel_45,L?y 3R_Axis_Vel_45
PLC/取料3R轴_Axis_Vel,取料3R轴_Axis_Vel_46,28292,取料3R轴_Axis_Vel_46,Material taking 3R axis_Axis_Vel_46,L?y 3R_Axis_Vel_46
PLC/取料3R轴_Axis_Vel,取料3R轴_Axis_Vel_47,28294,取料3R轴_Axis_Vel_47,Material taking 3R axis_Axis_Vel_47,L?y 3R_Axis_Vel_47
PLC/取料3R轴_Axis_Vel,取料3R轴_Axis_Vel_48,28296,取料3R轴_Axis_Vel_48,Material taking 3R axis_Axis_Vel_48,L?y 3R_Axis_Vel_48
PLC/取料3R轴_Axis_Vel,取料3R轴_Axis_Vel_49,28298,取料3R轴_Axis_Vel_49,Material taking 3R axis_Axis_Vel_49,L?y 3R_Axis_Vel_49
PLC/取料3R轴_Axis_Vel,取料3R轴_Axis_Vel_50,28300,取料3R轴_Axis_Vel_50,Material taking 3R axis_Axis_Vel_50,L?y 3R_Axis_Vel_50
PLC/取料3R轴_Axis_Vel,取料3R轴_Axis_Vel_51,28302,取料3R轴_Axis_Vel_51,Material taking 3R axis_Axis_Vel_51,L?y 3R_Axis_Vel_51
PLC/取料3R轴_Axis_Vel,取料3R轴_Axis_Vel_52,28304,取料3R轴_Axis_Vel_52,Material taking 3R axis_Axis_Vel_52,L?y 3R_Axis_Vel_52
PLC/取料3R轴_Axis_Vel,取料3R轴_Axis_Vel_53,28306,取料3R轴_Axis_Vel_53,Material taking 3R axis_Axis_Vel_53,L?y 3R_Axis_Vel_53
PLC/取料3R轴_Axis_Vel,取料3R轴_Axis_Vel_54,28308,取料3R轴_Axis_Vel_54,Material taking 3R axis_Axis_Vel_54,L?y 3R_Axis_Vel_54
PLC/取料3R轴_Axis_Vel,取料3R轴_Axis_Vel_55,28310,取料3R轴_Axis_Vel_55,Material taking 3R axis_Axis_Vel_55,L?y 3R_Axis_Vel_55

PLC/取料4Z轴_Axis_Pos,取料4Z轴_Axis_Pos_0,28400,取料4Z轴_Axis_Pos_0,Material taking 4Z-axis_Axis_Pos-0,L?y 4Z_tr?c_??a ?i?m_0
PLC/取料4Z轴_Axis_Pos,取料4Z轴_Axis_Pos_1,28402,取料4Z轴_Axis_Pos_1,Material taking 4Z-axis_Axis_Pos_1,L?y 4Z_tr?c_??a ?i?m_1
PLC/取料4Z轴_Axis_Pos,取料4Z轴_Axis_Pos_2,28404,取料4Z轴_Axis_Pos_2,Material taking 4Z-axis_Axis_Pos_2,L?y 4Z_tr?c_??a ?i?m_2
PLC/取料4Z轴_Axis_Pos,取料4Z轴_Axis_Pos_3,28406,取料4Z轴_Axis_Pos_3,Material taking 4Z-axis_Axis_Pos_3,L?y 4Z_tr?c_??a ?i?m_3
PLC/取料4Z轴_Axis_Pos,取料4Z轴_Axis_Pos_4,28408,取料4Z轴_Axis_Pos_4,Material taking 4Z-axis_Axis_Pos_2,L?y 4Z_tr?c_??a ?i?m_4
PLC/取料4Z轴_Axis_Pos,取料4Z轴_Axis_Pos_5,28410,取料4Z轴_Axis_Pos_5,Material taking 4Z-axis_Axis_Pos_5,L?y 4Z_tr?c_??a ?i?m_5
PLC/取料4Z轴_Axis_Pos,取料4Z轴_Axis_Pos_6,28412,取料4Z轴_Axis_Pos_6,Material taking 4Z-axis_Axis_Pos-6,L?y 4Z_tr?c_??a ?i?m_6
PLC/取料4Z轴_Axis_Pos,取料4Z轴_Axis_Pos_7,28414,取料4Z轴_Axis_Pos_7,Material taking 4Z-axis_Axis_Pos_7,L?y 4Z_tr?c_??a ?i?m_7
PLC/取料4Z轴_Axis_Pos,取料4Z轴_Axis_Pos_8,28416,取料4Z轴_Axis_Pos_8,Material taking 4Z-axis_Axis_Pos_8,L?y 4Z_tr?c_??a ?i?m_8
PLC/取料4Z轴_Axis_Pos,取料4Z轴_Axis_Pos_9,28418,取料4Z轴_Axis_Pos_9,Material taking 4Z-axis_Axis_Pos_9,L?y 4Z_tr?c_??a ?i?m_9
PLC/取料4Z轴_Axis_Pos,取料4Z轴_Axis_Pos_10,28420,取料4Z轴_Axis_Pos_10,Material taking 4Z-axis_Axis_Pos_10,L?y 4Z_tr?c_??a ?i?m_10
PLC/取料4Z轴_Axis_Pos,取料4Z轴_Axis_Pos_11,28422,取料4Z轴_Axis_Pos_11,Material taking 4Z-axis_Axis_Pos_11,L?y 4Z_tr?c_??a ?i?m_11
PLC/取料4Z轴_Axis_Pos,取料4Z轴_Axis_Pos_12,28424,取料4Z轴_Axis_Pos_12,Material taking 4Z-axis_Axis_Pos_12,L?y 4Z_tr?c_??a ?i?m_12
PLC/取料4Z轴_Axis_Pos,取料4Z轴_Axis_Pos_13,28426,取料4Z轴_Axis_Pos_13,Material taking 4Z-axis_Axis_Pos_13,L?y 4Z_tr?c_??a ?i?m_13
PLC/取料4Z轴_Axis_Pos,取料4Z轴_Axis_Pos_14,28428,取料4Z轴_Axis_Pos_14,Material taking 4Z-axis_Axis_Pos_14,L?y 4Z_tr?c_??a ?i?m_14
PLC/取料4Z轴_Axis_Pos,取料4Z轴_Axis_Pos_15,28430,取料4Z轴_Axis_Pos_15,Material taking 4Z-axis_Axis_Pos_15,L?y 4Z_tr?c_??a ?i?m_15
PLC/取料4Z轴_Axis_Pos,取料4Z轴_Axis_Pos_16,28432,取料4Z轴_Axis_Pos_16,Material taking 4Z-axis_Axis_Pos_16,L?y 4Z_tr?c_??a ?i?m_16
PLC/取料4Z轴_Axis_Pos,取料4Z轴_Axis_Pos_17,28434,取料4Z轴_Axis_Pos_17,Material taking 4Z-axis_Axis_Pos_17,L?y 4Z_tr?c_??a ?i?m_17
PLC/取料4Z轴_Axis_Pos,取料4Z轴_Axis_Pos_18,28436,取料4Z轴_Axis_Pos_18,Material taking 4Z-axis_Axis_Pos_18,L?y 4Z_tr?c_??a ?i?m_18
PLC/取料4Z轴_Axis_Pos,取料4Z轴_Axis_Pos_19,28438,取料4Z轴_Axis_Pos_19,Material taking 4Z-axis_Axis_Pos_19,L?y 4Z_tr?c_??a ?i?m_19
PLC/取料4Z轴_Axis_Pos,取料4Z轴_Axis_Pos_20,28440,取料4Z轴_Axis_Pos_20,Material taking 4Z-axis_Axis_Pos_20,L?y 4Z_tr?c_??a ?i?m_20
PLC/取料4Z轴_Axis_Pos,取料4Z轴_Axis_Pos_21,28442,取料4Z轴_Axis_Pos_21,Material taking 4Z-axis_Axis_Pos_21,L?y 4Z_tr?c_??a ?i?m_21
PLC/取料4Z轴_Axis_Pos,取料4Z轴_Axis_Pos_22,28444,取料4Z轴_Axis_Pos_22,Material taking 4Z-axis_Axis_Pos_22,L?y 4Z_tr?c_??a ?i?m_22
PLC/取料4Z轴_Axis_Pos,取料4Z轴_Axis_Pos_23,28446,取料4Z轴_Axis_Pos_23,Material taking 4Z-axis_Axis_Pos_23,L?y 4Z_tr?c_??a ?i?m_23
PLC/取料4Z轴_Axis_Pos,取料4Z轴_Axis_Pos_24,28448,取料4Z轴_Axis_Pos_24,Material taking 4Z-axis_Axis_Pos_24,L?y 4Z_tr?c_??a ?i?m_24
PLC/取料4Z轴_Axis_Pos,取料4Z轴_Axis_Pos_25,28450,取料4Z轴_Axis_Pos_25,Material taking 4Z-axis_Axis_Pos_25,L?y 4Z_tr?c_??a ?i?m_25
PLC/取料4Z轴_Axis_Pos,取料4Z轴_Axis_Pos_26,28452,取料4Z轴_Axis_Pos_26,Material taking 4Z-axis_Axis_Pos_26,L?y 4Z_tr?c_??a ?i?m_26
PLC/取料4Z轴_Axis_Pos,取料4Z轴_Axis_Pos_27,28454,取料4Z轴_Axis_Pos_27,Material taking 4Z-axis_Axis_Pos_27,L?y 4Z_tr?c_??a ?i?m_27
PLC/取料4Z轴_Axis_Pos,取料4Z轴_Axis_Pos_28,28456,取料4Z轴_Axis_Pos_28,Material taking 4Z-axis_Axis_Pos_28,L?y 4Z_tr?c_??a ?i?m_28
PLC/取料4Z轴_Axis_Pos,取料4Z轴_Axis_Pos_29,28458,取料4Z轴_Axis_Pos_29,Material taking 4Z-axis_Axis_Pos_29,L?y 4Z_tr?c_??a ?i?m_29
PLC/取料4Z轴_Axis_Pos,取料4Z轴_Axis_Pos_30,28460,取料4Z轴_Axis_Pos_30,Material taking 4Z-axis_Axis_Pos_30,L?y 4Z_tr?c_??a ?i?m_30
PLC/取料4Z轴_Axis_Pos,取料4Z轴_Axis_Pos_31,28462,取料4Z轴_Axis_Pos_31,Material taking 4Z-axis_Axis_Pos_31,L?y 4Z_tr?c_??a ?i?m_31
PLC/取料4Z轴_Axis_Pos,取料4Z轴_Axis_Pos_32,28464,取料4Z轴_Axis_Pos_32,Material taking 4Z-axis_Axis_Pos_32,L?y 4Z_tr?c_??a ?i?m_32
PLC/取料4Z轴_Axis_Pos,取料4Z轴_Axis_Pos_33,28466,取料4Z轴_Axis_Pos_33,Material taking 4Z-axis_Axis_Pos_33,L?y 4Z_tr?c_??a ?i?m_33
PLC/取料4Z轴_Axis_Pos,取料4Z轴_Axis_Pos_34,28468,取料4Z轴_Axis_Pos_34,Material taking 4Z-axis_Axis_Pos_34,L?y 4Z_tr?c_??a ?i?m_34
PLC/取料4Z轴_Axis_Pos,取料4Z轴_Axis_Pos_35,28470,取料4Z轴_Axis_Pos_35,Material taking 4Z-axis_Axis_Pos_35,L?y 4Z_tr?c_??a ?i?m_35
PLC/取料4Z轴_Axis_Pos,取料4Z轴_Axis_Pos_36,28472,取料4Z轴_Axis_Pos_36,Material taking 4Z-axis_Axis_Pos_36,L?y 4Z_tr?c_??a ?i?m_36
PLC/取料4Z轴_Axis_Pos,取料4Z轴_Axis_Pos_37,28474,取料4Z轴_Axis_Pos_37,Material taking 4Z-axis_Axis_Pos_37,L?y 4Z_tr?c_??a ?i?m_37
PLC/取料4Z轴_Axis_Pos,取料4Z轴_Axis_Pos_38,28476,取料4Z轴_Axis_Pos_38,Material taking 4Z-axis_Axis_Pos_38,L?y 4Z_tr?c_??a ?i?m_38
PLC/取料4Z轴_Axis_Pos,取料4Z轴_Axis_Pos_39,28478,取料4Z轴_Axis_Pos_39,Material taking 4Z-axis_Axis_Pos_39,L?y 4Z_tr?c_??a ?i?m_39
PLC/取料4Z轴_Axis_Pos,取料4Z轴_Axis_Pos_40,28480,取料4Z轴_Axis_Pos_40,Material taking 4Z-axis_Axis_Pos_40,L?y 4Z_tr?c_??a ?i?m_40
PLC/取料4Z轴_Axis_Pos,取料4Z轴_Axis_Pos_41,28482,取料4Z轴_Axis_Pos_41,Material taking 4Z-axis_Axis_Pos_41,L?y 4Z_tr?c_??a ?i?m_41
PLC/取料4Z轴_Axis_Pos,取料4Z轴_Axis_Pos_42,28484,取料4Z轴_Axis_Pos_42,Material taking 4Z-axis_Axis_Pos_42,L?y 4Z_tr?c_??a ?i?m_42
PLC/取料4Z轴_Axis_Pos,取料4Z轴_Axis_Pos_43,28486,取料4Z轴_Axis_Pos_43,Material taking 4Z-axis_Axis_Pos_43,L?y 4Z_tr?c_??a ?i?m_43
PLC/取料4Z轴_Axis_Pos,取料4Z轴_Axis_Pos_44,28488,取料4Z轴_Axis_Pos_44,Material taking 4Z-axis_Axis_Pos_44,L?y 4Z_tr?c_??a ?i?m_44
PLC/取料4Z轴_Axis_Pos,取料4Z轴_Axis_Pos_45,28490,取料4Z轴_Axis_Pos_45,Material taking 4Z-axis_Axis_Pos_45,L?y 4Z_tr?c_??a ?i?m_45
PLC/取料4Z轴_Axis_Pos,取料4Z轴_Axis_Pos_46,28492,取料4Z轴_Axis_Pos_46,Material taking 4Z-axis_Axis_Pos_46,L?y 4Z_tr?c_??a ?i?m_46
PLC/取料4Z轴_Axis_Pos,取料4Z轴_Axis_Pos_47,28494,取料4Z轴_Axis_Pos_47,Material taking 4Z-axis_Axis_Pos_47,L?y 4Z_tr?c_??a ?i?m_47
PLC/取料4Z轴_Axis_Pos,取料4Z轴_Axis_Pos_48,28496,取料4Z轴_Axis_Pos_48,Material taking 4Z-axis_Axis_Pos_48,L?y 4Z_tr?c_??a ?i?m_48
PLC/取料4Z轴_Axis_Pos,取料4Z轴_Axis_Pos_49,28498,取料4Z轴_Axis_Pos_49,Material taking 4Z-axis_Axis_Pos_49,L?y 4Z_tr?c_??a ?i?m_49
PLC/取料4Z轴_Axis_Pos,取料4Z轴_Axis_Pos_50,28500,取料4Z轴_Axis_Pos_50,Material taking 4Z-axis_Axis_Pos_50,L?y 4Z_tr?c_??a ?i?m_50
PLC/取料4Z轴_Axis_Pos,取料4Z轴_Axis_Pos_51,28502,取料4Z轴_Axis_Pos_51,Material taking 4Z-axis_Axis_Pos_51,L?y 4Z_tr?c_??a ?i?m_51
PLC/取料4Z轴_Axis_Pos,取料4Z轴_Axis_Pos_52,28504,取料4Z轴_Axis_Pos_52,Material taking 4Z-axis_Axis_Pos_52,L?y 4Z_tr?c_??a ?i?m_52
PLC/取料4Z轴_Axis_Pos,取料4Z轴_Axis_Pos_53,28506,取料4Z轴_Axis_Pos_53,Material taking 4Z-axis_Axis_Pos_53,L?y 4Z_tr?c_??a ?i?m_53
PLC/取料4Z轴_Axis_Pos,取料4Z轴_Axis_Pos_54,28508,取料4Z轴_Axis_Pos_54,Material taking 4Z-axis_Axis_Pos_54,L?y 4Z_tr?c_??a ?i?m_54
PLC/取料4Z轴_Axis_Pos,取料4Z轴_Axis_Pos_55,28510,取料4Z轴_Axis_Pos_55,Material taking 4Z-axis_Axis_Pos_55,L?y 4Z_tr?c_??a ?i?m_55

PLC/取料4Z轴_Axis_Vel,取料4Z轴_Axis_Vel_0,28600,取料4Z轴_Axis_Vel_0,Material taking 4Z-axis_Axis_Vel_0,L?y 4Z_tr?c_t?c ??_0
PLC/取料4Z轴_Axis_Vel,取料4Z轴_Axis_Vel_1,28602,取料4Z轴_Axis_Vel_1,Material taking 4Z-axis_Axis_Vel_1,L?y 4Z_tr?c_t?c ??_1
PLC/取料4Z轴_Axis_Vel,取料4Z轴_Axis_Vel_2,28604,取料4Z轴_Axis_Vel_2,Material taking 4Z-axis_Axis_Vel_2,L?y 4Z_tr?c_t?c ??_2
PLC/取料4Z轴_Axis_Vel,取料4Z轴_Axis_Vel_3,28606,取料4Z轴_Axis_Vel_3,Material taking 4Z-axis_Axis_Vel_3,L?y 4Z_tr?c_t?c ??_3
PLC/取料4Z轴_Axis_Vel,取料4Z轴_Axis_Vel_4,28608,取料4Z轴_Axis_Vel_4,Material taking 4Z-axis_Axis_Vel_4,L?y 4Z_tr?c_t?c ??_4
PLC/取料4Z轴_Axis_Vel,取料4Z轴_Axis_Vel_5,28610,取料4Z轴_Axis_Vel_5,Material taking 4Z-axis_Axis_Vel_5,L?y 4Z_tr?c_t?c ??_5
PLC/取料4Z轴_Axis_Vel,取料4Z轴_Axis_Vel_6,28612,取料4Z轴_Axis_Vel_6,Material taking 4Z-axis_Axis_Vel-6,L?y 4Z_tr?c_t?c ??_6
PLC/取料4Z轴_Axis_Vel,取料4Z轴_Axis_Vel_7,28614,取料4Z轴_Axis_Vel_7,Material taking 4Z-axis_Axis_Vel_7,L?y 4Z_tr?c_t?c ??_7
PLC/取料4Z轴_Axis_Vel,取料4Z轴_Axis_Vel_8,28616,取料4Z轴_Axis_Vel_8,Material taking 4Z-axis_Axis_Vel_8,L?y 4Z_tr?c_t?c ??_8
PLC/取料4Z轴_Axis_Vel,取料4Z轴_Axis_Vel_9,28618,取料4Z轴_Axis_Vel_9,Material taking 4Z-axis_Axis_Vel_9,L?y 4Z_tr?c_t?c ??_9
PLC/取料4Z轴_Axis_Vel,取料4Z轴_Axis_Vel_10,28620,取料4Z轴_Axis_Vel_10,Material taking 4Z-axis_Axis_Vel_10,L?y 4Z_tr?c_t?c ??_10
PLC/取料4Z轴_Axis_Vel,取料4Z轴_Axis_Vel_11,28622,取料4Z轴_Axis_Vel_11,Material taking 4Z-axis_Axis_Vel_11,L?y 4Z_tr?c_t?c ??_11
PLC/取料4Z轴_Axis_Vel,取料4Z轴_Axis_Vel_12,28624,取料4Z轴_Axis_Vel_12,Material taking 4Z-axis_Axis_Vel_12,L?y 4Z_tr?c_t?c ??_12
PLC/取料4Z轴_Axis_Vel,取料4Z轴_Axis_Vel_13,28626,取料4Z轴_Axis_Vel_13,Material taking 4Z-axis_Axis_Vel_13,L?y 4Z_tr?c_t?c ??_13
PLC/取料4Z轴_Axis_Vel,取料4Z轴_Axis_Vel_14,28628,取料4Z轴_Axis_Vel_14,Material taking 4Z-axis_Axis_Vel_14,L?y 4Z_tr?c_t?c ??_14
PLC/取料4Z轴_Axis_Vel,取料4Z轴_Axis_Vel_15,28630,取料4Z轴_Axis_Vel_15,Material taking 4Z-axis_Axis_Vel_15,L?y 4Z_tr?c_t?c ??_15
PLC/取料4Z轴_Axis_Vel,取料4Z轴_Axis_Vel_16,28632,取料4Z轴_Axis_Vel_16,Material taking 4Z-axis_Axis_Vel_16,L?y 4Z_tr?c_t?c ??_16
PLC/取料4Z轴_Axis_Vel,取料4Z轴_Axis_Vel_17,28634,取料4Z轴_Axis_Vel_17,Material taking 4Z-axis_Axis_Vel_17,L?y 4Z_tr?c_t?c ??_17
PLC/取料4Z轴_Axis_Vel,取料4Z轴_Axis_Vel_18,28636,取料4Z轴_Axis_Vel_18,Material taking 4Z-axis_Axis_Vel_18,L?y 4Z_tr?c_t?c ??_18
PLC/取料4Z轴_Axis_Vel,取料4Z轴_Axis_Vel_19,28638,取料4Z轴_Axis_Vel_19,Material taking 4Z-axis_Axis_Vel_19,L?y 4Z_tr?c_t?c ??_19
PLC/取料4Z轴_Axis_Vel,取料4Z轴_Axis_Vel_20,28640,取料4Z轴_Axis_Vel_20,Material taking 4Z-axis_Axis_Vel_20,L?y 4Z_tr?c_t?c ??_20
PLC/取料4Z轴_Axis_Vel,取料4Z轴_Axis_Vel_21,28642,取料4Z轴_Axis_Vel_21,Material taking 4Z-axis_Axis_Vel_21,L?y 4Z_tr?c_t?c ??_21
PLC/取料4Z轴_Axis_Vel,取料4Z轴_Axis_Vel_22,28644,取料4Z轴_Axis_Vel_22,Material taking 4Z-axis_Axis_Vel_22,L?y 4Z_tr?c_t?c ??_22
PLC/取料4Z轴_Axis_Vel,取料4Z轴_Axis_Vel_23,28646,取料4Z轴_Axis_Vel_23,Material taking 4Z-axis_Axis_Vel_23,L?y 4Z_tr?c_t?c ??_23
PLC/取料4Z轴_Axis_Vel,取料4Z轴_Axis_Vel_24,28648,取料4Z轴_Axis_Vel_24,Material taking 4Z-axis_Axis_Vel_24,L?y 4Z_tr?c_t?c ??_24
PLC/取料4Z轴_Axis_Vel,取料4Z轴_Axis_Vel_25,28650,取料4Z轴_Axis_Vel_25,Material taking 4Z-axis_Axis_Vel_25,L?y 4Z_tr?c_t?c ??_25
PLC/取料4Z轴_Axis_Vel,取料4Z轴_Axis_Vel_26,28652,取料4Z轴_Axis_Vel_26,Material taking 4Z-axis_Axis_Vel_26,L?y 4Z_tr?c_t?c ??_26
PLC/取料4Z轴_Axis_Vel,取料4Z轴_Axis_Vel_27,28654,取料4Z轴_Axis_Vel_27,Material taking 4Z-axis_Axis_Vel_27,L?y 4Z_tr?c_t?c ??_27
PLC/取料4Z轴_Axis_Vel,取料4Z轴_Axis_Vel_28,28656,取料4Z轴_Axis_Vel_28,Material taking 4Z-axis_Axis_Vel_28,L?y 4Z_tr?c_t?c ??_28
PLC/取料4Z轴_Axis_Vel,取料4Z轴_Axis_Vel_29,28658,取料4Z轴_Axis_Vel_29,Material taking 4Z-axis_Axis_Vel_29,L?y 4Z_tr?c_t?c ??_29
PLC/取料4Z轴_Axis_Vel,取料4Z轴_Axis_Vel_30,28660,取料4Z轴_Axis_Vel_30,Material taking 4Z-axis_Axis_Vel_30,L?y 4Z_tr?c_t?c ??_30
PLC/取料4Z轴_Axis_Vel,取料4Z轴_Axis_Vel_31,28662,取料4Z轴_Axis_Vel_31,Material taking 4Z-axis_Axis_Vel_31,L?y 4Z_tr?c_t?c ??_31
PLC/取料4Z轴_Axis_Vel,取料4Z轴_Axis_Vel_32,28664,取料4Z轴_Axis_Vel_32,Material taking 4Z-axis_Axis_Vel_32,L?y 4Z_tr?c_t?c ??_32
PLC/取料4Z轴_Axis_Vel,取料4Z轴_Axis_Vel_33,28666,取料4Z轴_Axis_Vel_33,Material taking 4Z-axis_Axis_Vel_33,L?y 4Z_tr?c_t?c ??_33
PLC/取料4Z轴_Axis_Vel,取料4Z轴_Axis_Vel_34,28668,取料4Z轴_Axis_Vel_34,Material taking 4Z-axis_Axis_Vel_34,L?y 4Z_tr?c_t?c ??_34
PLC/取料4Z轴_Axis_Vel,取料4Z轴_Axis_Vel_35,28670,取料4Z轴_Axis_Vel_35,Material taking 4Z-axis_Axis_Vel_35,L?y 4Z_tr?c_t?c ??_35
PLC/取料4Z轴_Axis_Vel,取料4Z轴_Axis_Vel_36,28672,取料4Z轴_Axis_Vel_36,Material taking 4Z-axis_Axis_Vel_36,L?y 4Z_tr?c_t?c ??_36
PLC/取料4Z轴_Axis_Vel,取料4Z轴_Axis_Vel_37,28674,取料4Z轴_Axis_Vel_37,Material taking 4Z-axis_Axis_Vel_37,L?y 4Z_tr?c_t?c ??_37
PLC/取料4Z轴_Axis_Vel,取料4Z轴_Axis_Vel_38,28676,取料4Z轴_Axis_Vel_38,Material taking 4Z-axis_Axis_Vel_38,L?y 4Z_tr?c_t?c ??_38
PLC/取料4Z轴_Axis_Vel,取料4Z轴_Axis_Vel_39,28678,取料4Z轴_Axis_Vel_39,Material taking 4Z-axis_Axis_Vel_39,L?y 4Z_tr?c_t?c ??_39
PLC/取料4Z轴_Axis_Vel,取料4Z轴_Axis_Vel_40,28680,取料4Z轴_Axis_Vel_40,Material taking 4Z-axis_Axis_Vel_40,L?y 4Z_tr?c_t?c ??_40
PLC/取料4Z轴_Axis_Vel,取料4Z轴_Axis_Vel_41,28682,取料4Z轴_Axis_Vel_41,Material taking 4Z-axis_Axis_Vel_41,L?y 4Z_tr?c_t?c ??_41
PLC/取料4Z轴_Axis_Vel,取料4Z轴_Axis_Vel_42,28684,取料4Z轴_Axis_Vel_42,Material taking 4Z-axis_Axis_Vel_42,L?y 4Z_tr?c_t?c ??_42
PLC/取料4Z轴_Axis_Vel,取料4Z轴_Axis_Vel_43,28686,取料4Z轴_Axis_Vel_43,Material taking 4Z-axis_Axis_Vel_43,L?y 4Z_tr?c_t?c ??_43
PLC/取料4Z轴_Axis_Vel,取料4Z轴_Axis_Vel_44,28688,取料4Z轴_Axis_Vel_44,Material taking 4Z-axis_Axis_Vel_44,L?y 4Z_tr?c_t?c ??_44
PLC/取料4Z轴_Axis_Vel,取料4Z轴_Axis_Vel_45,28690,取料4Z轴_Axis_Vel_45,Material taking 4Z-axis_Axis_Vel_45,L?y 4Z_tr?c_t?c ??_45
PLC/取料4Z轴_Axis_Vel,取料4Z轴_Axis_Vel_46,28692,取料4Z轴_Axis_Vel_46,Material taking 4Z-axis_Axis_Vel_46,L?y 4Z_tr?c_t?c ??_46
PLC/取料4Z轴_Axis_Vel,取料4Z轴_Axis_Vel_47,28694,取料4Z轴_Axis_Vel_47,Material taking 4Z-axis_Axis_Vel_47,L?y 4Z_tr?c_t?c ??_47
PLC/取料4Z轴_Axis_Vel,取料4Z轴_Axis_Vel_48,28696,取料4Z轴_Axis_Vel_48,Material taking 4Z-axis_Axis_Vel_48,L?y 4Z_tr?c_t?c ??_48
PLC/取料4Z轴_Axis_Vel,取料4Z轴_Axis_Vel_49,28698,取料4Z轴_Axis_Vel_49,Material taking 4Z-axis_Axis_Vel_49,L?y 4Z_tr?c_t?c ??_49
PLC/取料4Z轴_Axis_Vel,取料4Z轴_Axis_Vel_50,28700,取料4Z轴_Axis_Vel_50,Material taking 4Z-axis_Axis_Vel_50,L?y 4Z_tr?c_t?c ??_50
PLC/取料4Z轴_Axis_Vel,取料4Z轴_Axis_Vel_51,28702,取料4Z轴_Axis_Vel_51,Material taking 4Z-axis_Axis_Vel_51,L?y 4Z_tr?c_t?c ??_51
PLC/取料4Z轴_Axis_Vel,取料4Z轴_Axis_Vel_52,28704,取料4Z轴_Axis_Vel_52,Material taking 4Z-axis_Axis_Vel_52,L?y 4Z_tr?c_t?c ??_52
PLC/取料4Z轴_Axis_Vel,取料4Z轴_Axis_Vel_53,28706,取料4Z轴_Axis_Vel_53,Material taking 4Z-axis_Axis_Vel_53,L?y 4Z_tr?c_t?c ??_53
PLC/取料4Z轴_Axis_Vel,取料4Z轴_Axis_Vel_54,28708,取料4Z轴_Axis_Vel_54,Material taking 4Z-axis_Axis_Vel_54,L?y 4Z_tr?c_t?c ??_54
PLC/取料4Z轴_Axis_Vel,取料4Z轴_Axis_Vel_55,28710,取料4Z轴_Axis_Vel_55,Material taking 4Z-axis_Axis_Vel_55,L?y 4Z_tr?c_t?c ??_55

PLC/取料4R轴_Axis_Pos,取料4R轴_Axis_Pos_0,28800,取料4R轴_Axis_Pos_0,Material taking 4R axis _Axis_Pos_0,L?y 4R_tr?c_??a ?i?m_0
PLC/取料4R轴_Axis_Pos,取料4R轴_Axis_Pos_1,28802,取料4R轴_Axis_Pos_1,Material taking 4R axis _Axis_Pos_1,L?y 4R_tr?c_??a ?i?m_1
PLC/取料4R轴_Axis_Pos,取料4R轴_Axis_Pos_2,28804,取料4R轴_Axis_Pos_2,Material taking 4R axis _Axis_Pos_2,L?y 4R_tr?c_??a ?i?m_2
PLC/取料4R轴_Axis_Pos,取料4R轴_Axis_Pos_3,28806,取料4R轴_Axis_Pos_3,Material taking 4R axis _Axis_Pos_3,L?y 4R_tr?c_??a ?i?m_3
PLC/取料4R轴_Axis_Pos,取料4R轴_Axis_Pos_4,28808,取料4R轴_Axis_Pos_4,Material taking 4R axis _Axis_Pos_4,L?y 4R_tr?c_??a ?i?m_4
PLC/取料4R轴_Axis_Pos,取料4R轴_Axis_Pos_5,28810,取料4R轴_Axis_Pos_5,Material taking 4R axis _Axis_Pos_5,L?y 4R_tr?c_??a ?i?m_5
PLC/取料4R轴_Axis_Pos,取料4R轴_Axis_Pos_6,28812,取料4R轴_Axis_Pos_6,Material taking 4R axis _Axis_Pos_6,L?y 4R_tr?c_??a ?i?m_6
PLC/取料4R轴_Axis_Pos,取料4R轴_Axis_Pos_7,28814,取料4R轴_Axis_Pos_7,Material taking 4R axis _Axis_Pos_7,L?y 4R_tr?c_??a ?i?m_7
PLC/取料4R轴_Axis_Pos,取料4R轴_Axis_Pos_8,28816,取料4R轴_Axis_Pos_8,Material taking 4R axis _Axis_Pos_8,L?y 4R_tr?c_??a ?i?m_8
PLC/取料4R轴_Axis_Pos,取料4R轴_Axis_Pos_9,28818,取料4R轴_Axis_Pos_9,Material taking 4R axis _Axis_Pos_9,L?y 4R_tr?c_??a ?i?m_9
PLC/取料4R轴_Axis_Pos,取料4R轴_Axis_Pos_10,28820,取料4R轴_Axis_Pos_10,Material taking 4R axis _Axis_Pos_10,L?y 4R_tr?c_??a ?i?m_10
PLC/取料4R轴_Axis_Pos,取料4R轴_Axis_Pos_11,28822,取料4R轴_Axis_Pos_11,Material taking 4R axis _Axis_Pos_11,L?y 4R_tr?c_??a ?i?m_11
PLC/取料4R轴_Axis_Pos,取料4R轴_Axis_Pos_12,28824,取料4R轴_Axis_Pos_12,Material taking 4R axis _Axis_Pos_12,L?y 4R_tr?c_??a ?i?m_12
PLC/取料4R轴_Axis_Pos,取料4R轴_Axis_Pos_13,28826,取料4R轴_Axis_Pos_13,Material taking 4R axis _Axis_Pos_13,L?y 4R_tr?c_??a ?i?m_13
PLC/取料4R轴_Axis_Pos,取料4R轴_Axis_Pos_14,28828,取料4R轴_Axis_Pos_14,Material taking 4R axis _Axis_Pos_14,L?y 4R_tr?c_??a ?i?m_14
PLC/取料4R轴_Axis_Pos,取料4R轴_Axis_Pos_15,28830,取料4R轴_Axis_Pos_15,Material taking 4R axis _Axis_Pos_15,L?y 4R_tr?c_??a ?i?m_15
PLC/取料4R轴_Axis_Pos,取料4R轴_Axis_Pos_16,28832,取料4R轴_Axis_Pos_16,Material taking 4R axis _Axis_Pos_16,L?y 4R_tr?c_??a ?i?m_16
PLC/取料4R轴_Axis_Pos,取料4R轴_Axis_Pos_17,28834,取料4R轴_Axis_Pos_17,Material taking 4R axis _Axis_Pos_17,L?y 4R_tr?c_??a ?i?m_17
PLC/取料4R轴_Axis_Pos,取料4R轴_Axis_Pos_18,28836,取料4R轴_Axis_Pos_18,Material taking 4R axis _Axis_Pos_18,L?y 4R_tr?c_??a ?i?m_18
PLC/取料4R轴_Axis_Pos,取料4R轴_Axis_Pos_19,28838,取料4R轴_Axis_Pos_19,Material taking 4R axis _Axis_Pos_19,L?y 4R_tr?c_??a ?i?m_19
PLC/取料4R轴_Axis_Pos,取料4R轴_Axis_Pos_20,28840,取料4R轴_Axis_Pos_20,Material taking 4R axis _Axis_Pos_20,L?y 4R_tr?c_??a ?i?m_20
PLC/取料4R轴_Axis_Pos,取料4R轴_Axis_Pos_21,28842,取料4R轴_Axis_Pos_21,Material taking 4R axis _Axis_Pos_21,L?y 4R_tr?c_??a ?i?m_21
PLC/取料4R轴_Axis_Pos,取料4R轴_Axis_Pos_22,28844,取料4R轴_Axis_Pos_22,Material taking 4R axis _Axis_Pos_22,L?y 4R_tr?c_??a ?i?m_22
PLC/取料4R轴_Axis_Pos,取料4R轴_Axis_Pos_23,28846,取料4R轴_Axis_Pos_23,Material taking 4R axis _Axis_Pos_23,L?y 4R_tr?c_??a ?i?m_23
PLC/取料4R轴_Axis_Pos,取料4R轴_Axis_Pos_24,28848,取料4R轴_Axis_Pos_24,Material taking 4R axis _Axis_Pos_24,L?y 4R_tr?c_??a ?i?m_24
PLC/取料4R轴_Axis_Pos,取料4R轴_Axis_Pos_25,28850,取料4R轴_Axis_Pos_25,Material taking 4R axis _Axis_Pos_25,L?y 4R_tr?c_??a ?i?m_25
PLC/取料4R轴_Axis_Pos,取料4R轴_Axis_Pos_26,28852,取料4R轴_Axis_Pos_26,Material taking 4R axis _Axis_Pos_26,L?y 4R_tr?c_??a ?i?m_26
PLC/取料4R轴_Axis_Pos,取料4R轴_Axis_Pos_27,28854,取料4R轴_Axis_Pos_27,Material taking 4R axis _Axis_Pos_27,L?y 4R_tr?c_??a ?i?m_27
PLC/取料4R轴_Axis_Pos,取料4R轴_Axis_Pos_28,28856,取料4R轴_Axis_Pos_28,Material taking 4R axis _Axis_Pos_28,L?y 4R_tr?c_??a ?i?m_28
PLC/取料4R轴_Axis_Pos,取料4R轴_Axis_Pos_29,28858,取料4R轴_Axis_Pos_29,Material taking 4R axis _Axis_Pos_29,L?y 4R_tr?c_??a ?i?m_29
PLC/取料4R轴_Axis_Pos,取料4R轴_Axis_Pos_30,28860,取料4R轴_Axis_Pos_30,Material taking 4R axis _Axis_Pos_30,L?y 4R_tr?c_??a ?i?m_30
PLC/取料4R轴_Axis_Pos,取料4R轴_Axis_Pos_31,28862,取料4R轴_Axis_Pos_31,Material taking 4R axis _Axis_Pos_31,L?y 4R_tr?c_??a ?i?m_31
PLC/取料4R轴_Axis_Pos,取料4R轴_Axis_Pos_32,28864,取料4R轴_Axis_Pos_32,Material taking 4R axis _Axis_Pos_32,L?y 4R_tr?c_??a ?i?m_32
PLC/取料4R轴_Axis_Pos,取料4R轴_Axis_Pos_33,28866,取料4R轴_Axis_Pos_33,Material taking 4R axis _Axis_Pos_33,L?y 4R_tr?c_??a ?i?m_33
PLC/取料4R轴_Axis_Pos,取料4R轴_Axis_Pos_34,28868,取料4R轴_Axis_Pos_34,Material taking 4R axis _Axis_Pos_34,L?y 4R_tr?c_??a ?i?m_34
PLC/取料4R轴_Axis_Pos,取料4R轴_Axis_Pos_35,28870,取料4R轴_Axis_Pos_35,Material taking 4R axis _Axis_Pos_35,L?y 4R_tr?c_??a ?i?m_35
PLC/取料4R轴_Axis_Pos,取料4R轴_Axis_Pos_36,28872,取料4R轴_Axis_Pos_36,Material taking 4R axis _Axis_Pos_36,L?y 4R_tr?c_??a ?i?m_36
PLC/取料4R轴_Axis_Pos,取料4R轴_Axis_Pos_37,28874,取料4R轴_Axis_Pos_37,Material taking 4R axis _Axis_Pos_37,L?y 4R_tr?c_??a ?i?m_37
PLC/取料4R轴_Axis_Pos,取料4R轴_Axis_Pos_38,28876,取料4R轴_Axis_Pos_38,Material taking 4R axis _Axis_Pos_38,L?y 4R_tr?c_??a ?i?m_38
PLC/取料4R轴_Axis_Pos,取料4R轴_Axis_Pos_39,28878,取料4R轴_Axis_Pos_39,Material taking 4R axis _Axis_Pos_39,L?y 4R_tr?c_??a ?i?m_39
PLC/取料4R轴_Axis_Pos,取料4R轴_Axis_Pos_40,28880,取料4R轴_Axis_Pos_40,Material taking 4R axis _Axis_Pos_40,L?y 4R_tr?c_??a ?i?m_40
PLC/取料4R轴_Axis_Pos,取料4R轴_Axis_Pos_41,28882,取料4R轴_Axis_Pos_41,Material taking 4R axis _Axis_Pos_41,L?y 4R_tr?c_??a ?i?m_41
PLC/取料4R轴_Axis_Pos,取料4R轴_Axis_Pos_42,28884,取料4R轴_Axis_Pos_42,Material taking 4R axis _Axis_Pos_42,L?y 4R_tr?c_??a ?i?m_42
PLC/取料4R轴_Axis_Pos,取料4R轴_Axis_Pos_43,28886,取料4R轴_Axis_Pos_43,Material taking 4R axis _Axis_Pos_43,L?y 4R_tr?c_??a ?i?m_43
PLC/取料4R轴_Axis_Pos,取料4R轴_Axis_Pos_44,28888,取料4R轴_Axis_Pos_44,Material taking 4R axis _Axis_Pos_44,L?y 4R_tr?c_??a ?i?m_44
PLC/取料4R轴_Axis_Pos,取料4R轴_Axis_Pos_45,28890,取料4R轴_Axis_Pos_45,Material taking 4R axis _Axis_Pos_45,L?y 4R_tr?c_??a ?i?m_45
PLC/取料4R轴_Axis_Pos,取料4R轴_Axis_Pos_46,28892,取料4R轴_Axis_Pos_46,Material taking 4R axis _Axis_Pos_46,L?y 4R_tr?c_??a ?i?m_46
PLC/取料4R轴_Axis_Pos,取料4R轴_Axis_Pos_47,28894,取料4R轴_Axis_Pos_47,Material taking 4R axis _Axis_Pos_47,L?y 4R_tr?c_??a ?i?m_47
PLC/取料4R轴_Axis_Pos,取料4R轴_Axis_Pos_48,28896,取料4R轴_Axis_Pos_48,Material taking 4R axis _Axis_Pos_48,L?y 4R_tr?c_??a ?i?m_48
PLC/取料4R轴_Axis_Pos,取料4R轴_Axis_Pos_49,28898,取料4R轴_Axis_Pos_49,Material taking 4R axis _Axis_Pos_49,L?y 4R_tr?c_??a ?i?m_49
PLC/取料4R轴_Axis_Pos,取料4R轴_Axis_Pos_50,28900,取料4R轴_Axis_Pos_50,Material taking 4R axis _Axis_Pos_50,L?y 4R_tr?c_??a ?i?m_50
PLC/取料4R轴_Axis_Pos,取料4R轴_Axis_Pos_51,28902,取料4R轴_Axis_Pos_51,Material taking 4R axis _Axis_Pos_51,L?y 4R_tr?c_??a ?i?m_51
PLC/取料4R轴_Axis_Pos,取料4R轴_Axis_Pos_52,28904,取料4R轴_Axis_Pos_52,Material taking 4R axis _Axis_Pos_52,L?y 4R_tr?c_??a ?i?m_52
PLC/取料4R轴_Axis_Pos,取料4R轴_Axis_Pos_53,28906,取料4R轴_Axis_Pos_53,Material taking 4R axis _Axis_Pos_53,L?y 4R_tr?c_??a ?i?m_53
PLC/取料4R轴_Axis_Pos,取料4R轴_Axis_Pos_54,28908,取料4R轴_Axis_Pos_54,Material taking 4R axis _Axis_Pos_54,L?y 4R_tr?c_??a ?i?m_54
PLC/取料4R轴_Axis_Pos,取料4R轴_Axis_Pos_55,28910,取料4R轴_Axis_Pos_55,Material taking 4R axis _Axis_Pos_55,L?y 4R_tr?c_??a ?i?m_55

PLC/取料4R轴_Axis_Vel,取料4R轴_Axis_Vel_0,29000,取料4R轴_Axis_Vel_0,Material taking 4R axis_Axis_Vel_0,L?y 4R_tr?c_t?c ??_0
PLC/取料4R轴_Axis_Vel,取料4R轴_Axis_Vel_1,29002,取料4R轴_Axis_Vel_1,Material taking 4R axis_Axis_Vel_1,L?y 4R_tr?c_t?c ??_1
PLC/取料4R轴_Axis_Vel,取料4R轴_Axis_Vel_2,29004,取料4R轴_Axis_Vel_2,Material taking 4R axis_Axis_Vel_2,L?y 4R_tr?c_t?c ??_2
PLC/取料4R轴_Axis_Vel,取料4R轴_Axis_Vel_3,29006,取料4R轴_Axis_Vel_3,Material taking 4R axis_Axis_Vel_3,L?y 4R_tr?c_t?c ??_3
PLC/取料4R轴_Axis_Vel,取料4R轴_Axis_Vel_4,29008,取料4R轴_Axis_Vel_4,Material taking 4R axis_Axis_Vel_4,L?y 4R_tr?c_t?c ??_4
PLC/取料4R轴_Axis_Vel,取料4R轴_Axis_Vel_5,29010,取料4R轴_Axis_Vel_5,Material taking 4R axis_Axis_Vel_5,L?y 4R_tr?c_t?c ??_5
PLC/取料4R轴_Axis_Vel,取料4R轴_Axis_Vel_6,29012,取料4R轴_Axis_Vel_6,Material taking 4R axis_Axis_Vel-6,L?y 4R_tr?c_t?c ??_6
PLC/取料4R轴_Axis_Vel,取料4R轴_Axis_Vel_7,29014,取料4R轴_Axis_Vel_7,Material taking 4R axis_Axis_Vel_7,L?y 4R_tr?c_t?c ??_7
PLC/取料4R轴_Axis_Vel,取料4R轴_Axis_Vel_8,29016,取料4R轴_Axis_Vel_8,Material taking 4R axis_Axis_Vel_8,L?y 4R_tr?c_t?c ??_8
PLC/取料4R轴_Axis_Vel,取料4R轴_Axis_Vel_9,29018,取料4R轴_Axis_Vel_9,Material taking 4R axis_Axis_Vel_9,L?y 4R_tr?c_t?c ??_9
PLC/取料4R轴_Axis_Vel,取料4R轴_Axis_Vel_10,29020,取料4R轴_Axis_Vel_10,Material taking 4R axis_Axis_Vel_10,L?y 4R_tr?c_t?c ??_10
PLC/取料4R轴_Axis_Vel,取料4R轴_Axis_Vel_11,29022,取料4R轴_Axis_Vel_11,Material taking 4R axis_Axis_Vel_11,L?y 4R_tr?c_t?c ??_11
PLC/取料4R轴_Axis_Vel,取料4R轴_Axis_Vel_12,29024,取料4R轴_Axis_Vel_12,Material taking 4R axis_Axis_Vel_12,L?y 4R_tr?c_t?c ??_12
PLC/取料4R轴_Axis_Vel,取料4R轴_Axis_Vel_13,29026,取料4R轴_Axis_Vel_13,Material taking 4R axis_Axis_Vel_13,L?y 4R_tr?c_t?c ??_13
PLC/取料4R轴_Axis_Vel,取料4R轴_Axis_Vel_14,29028,取料4R轴_Axis_Vel_14,Material taking 4R axis_Axis_Vel_14,L?y 4R_tr?c_t?c ??_14
PLC/取料4R轴_Axis_Vel,取料4R轴_Axis_Vel_15,29030,取料4R轴_Axis_Vel_15,Material taking 4R axis_Axis_Vel_15,L?y 4R_tr?c_t?c ??_15
PLC/取料4R轴_Axis_Vel,取料4R轴_Axis_Vel_16,29032,取料4R轴_Axis_Vel_16,Material taking 4R axis_Axis_Vel_16,L?y 4R_tr?c_t?c ??_16
PLC/取料4R轴_Axis_Vel,取料4R轴_Axis_Vel_17,29034,取料4R轴_Axis_Vel_17,Material taking 4R axis_Axis_Vel_17,L?y 4R_tr?c_t?c ??_17
PLC/取料4R轴_Axis_Vel,取料4R轴_Axis_Vel_18,29036,取料4R轴_Axis_Vel_18,Material taking 4R axis_Axis_Vel_18,L?y 4R_tr?c_t?c ??_18
PLC/取料4R轴_Axis_Vel,取料4R轴_Axis_Vel_19,29038,取料4R轴_Axis_Vel_19,Material taking 4R axis_Axis_Vel_19,L?y 4R_tr?c_t?c ??_19
PLC/取料4R轴_Axis_Vel,取料4R轴_Axis_Vel_20,29040,取料4R轴_Axis_Vel_20,Material taking 4R axis_Axis_Vel_20,L?y 4R_tr?c_t?c ??_20
PLC/取料4R轴_Axis_Vel,取料4R轴_Axis_Vel_21,29042,取料4R轴_Axis_Vel_21,Material taking 4R axis_Axis_Vel_21,L?y 4R_tr?c_t?c ??_21
PLC/取料4R轴_Axis_Vel,取料4R轴_Axis_Vel_22,29044,取料4R轴_Axis_Vel_22,Material taking 4R axis_Axis_Vel_22,L?y 4R_tr?c_t?c ??_22
PLC/取料4R轴_Axis_Vel,取料4R轴_Axis_Vel_23,29046,取料4R轴_Axis_Vel_23,Material taking 4R axis_Axis_Vel_23,L?y 4R_tr?c_t?c ??_23
PLC/取料4R轴_Axis_Vel,取料4R轴_Axis_Vel_24,29048,取料4R轴_Axis_Vel_24,Material taking 4R axis_Axis_Vel_24,L?y 4R_tr?c_t?c ??_24
PLC/取料4R轴_Axis_Vel,取料4R轴_Axis_Vel_25,29050,取料4R轴_Axis_Vel_25,Material taking 4R axis_Axis_Vel_25,L?y 4R_tr?c_t?c ??_25
PLC/取料4R轴_Axis_Vel,取料4R轴_Axis_Vel_26,29052,取料4R轴_Axis_Vel_26,Material taking 4R axis_Axis_Vel_26,L?y 4R_tr?c_t?c ??_26
PLC/取料4R轴_Axis_Vel,取料4R轴_Axis_Vel_27,29054,取料4R轴_Axis_Vel_27,Material taking 4R axis_Axis_Vel_27,L?y 4R_tr?c_t?c ??_27
PLC/取料4R轴_Axis_Vel,取料4R轴_Axis_Vel_28,29056,取料4R轴_Axis_Vel_28,Material taking 4R axis_Axis_Vel_28,L?y 4R_tr?c_t?c ??_28
PLC/取料4R轴_Axis_Vel,取料4R轴_Axis_Vel_29,29058,取料4R轴_Axis_Vel_29,Material taking 4R axis_Axis_Vel_29,L?y 4R_tr?c_t?c ??_29
PLC/取料4R轴_Axis_Vel,取料4R轴_Axis_Vel_30,29060,取料4R轴_Axis_Vel_30,Material taking 4R axis_Axis_Vel_30,L?y 4R_tr?c_t?c ??_30
PLC/取料4R轴_Axis_Vel,取料4R轴_Axis_Vel_31,29062,取料4R轴_Axis_Vel_31,Material taking 4R axis_Axis_Vel_31,L?y 4R_tr?c_t?c ??_31
PLC/取料4R轴_Axis_Vel,取料4R轴_Axis_Vel_32,29064,取料4R轴_Axis_Vel_32,Material taking 4R axis_Axis_Vel_32,L?y 4R_tr?c_t?c ??_32
PLC/取料4R轴_Axis_Vel,取料4R轴_Axis_Vel_33,29066,取料4R轴_Axis_Vel_33,Material taking 4R axis_Axis_Vel_33,L?y 4R_tr?c_t?c ??_33
PLC/取料4R轴_Axis_Vel,取料4R轴_Axis_Vel_34,29068,取料4R轴_Axis_Vel_34,Material taking 4R axis_Axis_Vel_34,L?y 4R_tr?c_t?c ??_34
PLC/取料4R轴_Axis_Vel,取料4R轴_Axis_Vel_35,29070,取料4R轴_Axis_Vel_35,Material taking 4R axis_Axis_Vel_35,L?y 4R_tr?c_t?c ??_35
PLC/取料4R轴_Axis_Vel,取料4R轴_Axis_Vel_36,29072,取料4R轴_Axis_Vel_36,Material taking 4R axis_Axis_Vel_36,L?y 4R_tr?c_t?c ??_36
PLC/取料4R轴_Axis_Vel,取料4R轴_Axis_Vel_37,29074,取料4R轴_Axis_Vel_37,Material taking 4R axis_Axis_Vel_37,L?y 4R_tr?c_t?c ??_37
PLC/取料4R轴_Axis_Vel,取料4R轴_Axis_Vel_38,29076,取料4R轴_Axis_Vel_38,Material taking 4R axis_Axis_Vel_38,L?y 4R_tr?c_t?c ??_38
PLC/取料4R轴_Axis_Vel,取料4R轴_Axis_Vel_39,29078,取料4R轴_Axis_Vel_39,Material taking 4R axis_Axis_Vel_39,L?y 4R_tr?c_t?c ??_39
PLC/取料4R轴_Axis_Vel,取料4R轴_Axis_Vel_40,29080,取料4R轴_Axis_Vel_40,Material taking 4R axis_Axis_Vel_40,L?y 4R_tr?c_t?c ??_40
PLC/取料4R轴_Axis_Vel,取料4R轴_Axis_Vel_41,29082,取料4R轴_Axis_Vel_41,Material taking 4R axis_Axis_Vel_41,L?y 4R_tr?c_t?c ??_41
PLC/取料4R轴_Axis_Vel,取料4R轴_Axis_Vel_42,29084,取料4R轴_Axis_Vel_42,Material taking 4R axis_Axis_Vel_42,L?y 4R_tr?c_t?c ??_42
PLC/取料4R轴_Axis_Vel,取料4R轴_Axis_Vel_43,29086,取料4R轴_Axis_Vel_43,Material taking 4R axis_Axis_Vel_43,L?y 4R_tr?c_t?c ??_43
PLC/取料4R轴_Axis_Vel,取料4R轴_Axis_Vel_44,29088,取料4R轴_Axis_Vel_44,Material taking 4R axis_Axis_Vel_44,L?y 4R_tr?c_t?c ??_44
PLC/取料4R轴_Axis_Vel,取料4R轴_Axis_Vel_45,29090,取料4R轴_Axis_Vel_45,Material taking 4R axis_Axis_Vel_45,L?y 4R_tr?c_t?c ??_45
PLC/取料4R轴_Axis_Vel,取料4R轴_Axis_Vel_46,29092,取料4R轴_Axis_Vel_46,Material taking 4R axis_Axis_Vel_46,L?y 4R_tr?c_t?c ??_46
PLC/取料4R轴_Axis_Vel,取料4R轴_Axis_Vel_47,29094,取料4R轴_Axis_Vel_47,Material taking 4R axis_Axis_Vel_47,L?y 4R_tr?c_t?c ??_47
PLC/取料4R轴_Axis_Vel,取料4R轴_Axis_Vel_48,29096,取料4R轴_Axis_Vel_48,Material taking 4R axis_Axis_Vel_48,L?y 4R_tr?c_t?c ??_48
PLC/取料4R轴_Axis_Vel,取料4R轴_Axis_Vel_49,29098,取料4R轴_Axis_Vel_49,Material taking 4R axis_Axis_Vel_49,L?y 4R_tr?c_t?c ??_49
PLC/取料4R轴_Axis_Vel,取料4R轴_Axis_Vel_50,29100,取料4R轴_Axis_Vel_50,Material taking 4R axis_Axis_Vel_50,L?y 4R_tr?c_t?c ??_50
PLC/取料4R轴_Axis_Vel,取料4R轴_Axis_Vel_51,29102,取料4R轴_Axis_Vel_51,Material taking 4R axis_Axis_Vel_51,L?y 4R_tr?c_t?c ??_51
PLC/取料4R轴_Axis_Vel,取料4R轴_Axis_Vel_52,29104,取料4R轴_Axis_Vel_52,Material taking 4R axis_Axis_Vel_52,L?y 4R_tr?c_t?c ??_52
PLC/取料4R轴_Axis_Vel,取料4R轴_Axis_Vel_53,29106,取料4R轴_Axis_Vel_53,Material taking 4R axis_Axis_Vel_53,L?y 4R_tr?c_t?c ??_53
PLC/取料4R轴_Axis_Vel,取料4R轴_Axis_Vel_54,29108,取料4R轴_Axis_Vel_54,Material taking 4R axis_Axis_Vel_54,L?y 4R_tr?c_t?c ??_54
PLC/取料4R轴_Axis_Vel,取料4R轴_Axis_Vel_55,29110,取料4R轴_Axis_Vel_55,Material taking 4R axis_Axis_Vel_55,L?y 4R_tr?c_t?c ??_55

PLC/取料5Z轴_Axis_Pos,取料5Z轴_Axis_Pos_0,29200,取料5Z轴_Axis_Pos_0,Material taking 5Z-axis_Axis_Pos-0,L?y 5Z_tr?c_??a ?i?m_0
PLC/取料5Z轴_Axis_Pos,取料5Z轴_Axis_Pos_1,29202,取料5Z轴_Axis_Pos_1,Material taking 5Z-axis_Axis_Pos_1,L?y 5Z_tr?c_??a ?i?m_1
PLC/取料5Z轴_Axis_Pos,取料5Z轴_Axis_Pos_2,29204,取料5Z轴_Axis_Pos_2,Material taking 5Z-axis_Axis_Pos_2,L?y 5Z_tr?c_??a ?i?m_2
PLC/取料5Z轴_Axis_Pos,取料5Z轴_Axis_Pos_3,29206,取料5Z轴_Axis_Pos_3,Material taking 5Z-axis_Axis_Pos_3,L?y 5Z_tr?c_??a ?i?m_3
PLC/取料5Z轴_Axis_Pos,取料5Z轴_Axis_Pos_4,29208,取料5Z轴_Axis_Pos_4,Material taking 5Z-axis_Axis_Pos_4,L?y 5Z_tr?c_??a ?i?m_4
PLC/取料5Z轴_Axis_Pos,取料5Z轴_Axis_Pos_5,29210,取料5Z轴_Axis_Pos_5,Material taking 5Z-axis_Axis_Pos_5,L?y 5Z_tr?c_??a ?i?m_5
PLC/取料5Z轴_Axis_Pos,取料5Z轴_Axis_Pos_6,29212,取料5Z轴_Axis_Pos_6,Material taking 5Z-axis_Axis_Pos-6,L?y 5Z_tr?c_??a ?i?m_6
PLC/取料5Z轴_Axis_Pos,取料5Z轴_Axis_Pos_7,29214,取料5Z轴_Axis_Pos_7,Material taking 5Z-axis_Axis_Pos_7,L?y 5Z_tr?c_??a ?i?m_7
PLC/取料5Z轴_Axis_Pos,取料5Z轴_Axis_Pos_8,29216,取料5Z轴_Axis_Pos_8,Material taking 5Z-axis_Axis_Pos_8,L?y 5Z_tr?c_??a ?i?m_8
PLC/取料5Z轴_Axis_Pos,取料5Z轴_Axis_Pos_9,29218,取料5Z轴_Axis_Pos_9,Material taking 5Z-axis_Axis_Pos_9,L?y 5Z_tr?c_??a ?i?m_9
PLC/取料5Z轴_Axis_Pos,取料5Z轴_Axis_Pos_10,29220,取料5Z轴_Axis_Pos_10,Material taking 5Z-axis_Axis_Pos_10,L?y 5Z_tr?c_??a ?i?m_10
PLC/取料5Z轴_Axis_Pos,取料5Z轴_Axis_Pos_11,29222,取料5Z轴_Axis_Pos_11,Material taking 5Z-axis_Axis_Pos_11,L?y 5Z_tr?c_??a ?i?m_11
PLC/取料5Z轴_Axis_Pos,取料5Z轴_Axis_Pos_12,29224,取料5Z轴_Axis_Pos_12,Material taking 5Z-axis_Axis_Pos_12,L?y 5Z_tr?c_??a ?i?m_12
PLC/取料5Z轴_Axis_Pos,取料5Z轴_Axis_Pos_13,29226,取料5Z轴_Axis_Pos_13,Material taking 5Z-axis_Axis_Pos_13,L?y 5Z_tr?c_??a ?i?m_13
PLC/取料5Z轴_Axis_Pos,取料5Z轴_Axis_Pos_14,29228,取料5Z轴_Axis_Pos_14,Material taking 5Z-axis_Axis_Pos_14,L?y 5Z_tr?c_??a ?i?m_14
PLC/取料5Z轴_Axis_Pos,取料5Z轴_Axis_Pos_15,29230,取料5Z轴_Axis_Pos_15,Material taking 5Z-axis_Axis_Pos_15,L?y 5Z_tr?c_??a ?i?m_15
PLC/取料5Z轴_Axis_Pos,取料5Z轴_Axis_Pos_16,29232,取料5Z轴_Axis_Pos_16,Material taking 5Z-axis_Axis_Pos_16,L?y 5Z_tr?c_??a ?i?m_16
PLC/取料5Z轴_Axis_Pos,取料5Z轴_Axis_Pos_17,29234,取料5Z轴_Axis_Pos_17,Material taking 5Z-axis_Axis_Pos_17,L?y 5Z_tr?c_??a ?i?m_17
PLC/取料5Z轴_Axis_Pos,取料5Z轴_Axis_Pos_18,29236,取料5Z轴_Axis_Pos_18,Material taking 5Z-axis_Axis_Pos_18,L?y 5Z_tr?c_??a ?i?m_18
PLC/取料5Z轴_Axis_Pos,取料5Z轴_Axis_Pos_19,29238,取料5Z轴_Axis_Pos_19,Material taking 5Z-axis_Axis_Pos_19,L?y 5Z_tr?c_??a ?i?m_19
PLC/取料5Z轴_Axis_Pos,取料5Z轴_Axis_Pos_20,29240,取料5Z轴_Axis_Pos_20,Material taking: Z-axis _Axis_Pos_20,L?y 5Z_tr?c_??a ?i?m_20
PLC/取料5Z轴_Axis_Pos,取料5Z轴_Axis_Pos_21,29242,取料5Z轴_Axis_Pos_21,Material taking: Z-axis _Axis_Pos_21,L?y 5Z_tr?c_??a ?i?m_21
PLC/取料5Z轴_Axis_Pos,取料5Z轴_Axis_Pos_22,29244,取料5Z轴_Axis_Pos_22,Material taking: Z-axis _Axis_Pos_22,L?y 5Z_tr?c_??a ?i?m_22
PLC/取料5Z轴_Axis_Pos,取料5Z轴_Axis_Pos_23,29246,取料5Z轴_Axis_Pos_23,Material taking: Z-axis _Axis_Pos_23,L?y 5Z_tr?c_??a ?i?m_23
PLC/取料5Z轴_Axis_Pos,取料5Z轴_Axis_Pos_24,29248,取料5Z轴_Axis_Pos_24,Material taking: Z-axis _Axis_Pos_24,L?y 5Z_tr?c_??a ?i?m_24
PLC/取料5Z轴_Axis_Pos,取料5Z轴_Axis_Pos_25,29250,取料5Z轴_Axis_Pos_25,Material taking: Z-axis _Axis_Pos_25,L?y 5Z_tr?c_??a ?i?m_25
PLC/取料5Z轴_Axis_Pos,取料5Z轴_Axis_Pos_26,29252,取料5Z轴_Axis_Pos_26,Material taking: Z-axis _Axis_Pos_26,L?y 5Z_tr?c_??a ?i?m_26
PLC/取料5Z轴_Axis_Pos,取料5Z轴_Axis_Pos_27,29254,取料5Z轴_Axis_Pos_27,Material taking: Z-axis _Axis_Pos_27,L?y 5Z_tr?c_??a ?i?m_27
PLC/取料5Z轴_Axis_Pos,取料5Z轴_Axis_Pos_28,29256,取料5Z轴_Axis_Pos_28,Material taking: Z-axis _Axis_Pos_28,L?y 5Z_tr?c_??a ?i?m_28
PLC/取料5Z轴_Axis_Pos,取料5Z轴_Axis_Pos_29,29258,取料5Z轴_Axis_Pos_29,Material taking: Z-axis _Axis_Pos_29,L?y 5Z_tr?c_??a ?i?m_29
PLC/取料5Z轴_Axis_Pos,取料5Z轴_Axis_Pos_30,29260,取料5Z轴_Axis_Pos_30,Material taking: Z-axis _Axis_Pos_30,L?y 5Z_tr?c_??a ?i?m_30
PLC/取料5Z轴_Axis_Pos,取料5Z轴_Axis_Pos_31,29262,取料5Z轴_Axis_Pos_31,Material taking: Z-axis _Axis_Pos_31,L?y 5Z_tr?c_??a ?i?m_31
PLC/取料5Z轴_Axis_Pos,取料5Z轴_Axis_Pos_32,29264,取料5Z轴_Axis_Pos_32,Material taking: Z-axis _Axis_Pos_32,L?y 5Z_tr?c_??a ?i?m_32
PLC/取料5Z轴_Axis_Pos,取料5Z轴_Axis_Pos_33,29266,取料5Z轴_Axis_Pos_33,Material taking: Z-axis _Axis_Pos_33,L?y 5Z_tr?c_??a ?i?m_33
PLC/取料5Z轴_Axis_Pos,取料5Z轴_Axis_Pos_34,29268,取料5Z轴_Axis_Pos_34,Material taking: Z-axis _Axis_Pos_34,L?y 5Z_tr?c_??a ?i?m_34
PLC/取料5Z轴_Axis_Pos,取料5Z轴_Axis_Pos_35,29270,取料5Z轴_Axis_Pos_35,Material taking: Z-axis _Axis_Pos_35,L?y 5Z_tr?c_??a ?i?m_35
PLC/取料5Z轴_Axis_Pos,取料5Z轴_Axis_Pos_36,29272,取料5Z轴_Axis_Pos_36,Material taking: Z-axis _Axis_Pos_36,L?y 5Z_tr?c_??a ?i?m_36
PLC/取料5Z轴_Axis_Pos,取料5Z轴_Axis_Pos_37,29274,取料5Z轴_Axis_Pos_37,Material taking: Z-axis _Axis_Pos_37,L?y 5Z_tr?c_??a ?i?m_37
PLC/取料5Z轴_Axis_Pos,取料5Z轴_Axis_Pos_38,29276,取料5Z轴_Axis_Pos_38,Material taking: Z-axis _Axis_Pos_38,L?y 5Z_tr?c_??a ?i?m_38
PLC/取料5Z轴_Axis_Pos,取料5Z轴_Axis_Pos_39,29278,取料5Z轴_Axis_Pos_39,Material taking: Z-axis _Axis_Pos_39,L?y 5Z_tr?c_??a ?i?m_39
PLC/取料5Z轴_Axis_Pos,取料5Z轴_Axis_Pos_40,29280,取料5Z轴_Axis_Pos_40,Material taking: Z-axis _Axis_Pos_40,L?y 5Z_tr?c_??a ?i?m_40
PLC/取料5Z轴_Axis_Pos,取料5Z轴_Axis_Pos_41,29282,取料5Z轴_Axis_Pos_41,Material taking: Z-axis _Axis_Pos_41,L?y 5Z_tr?c_??a ?i?m_41
PLC/取料5Z轴_Axis_Pos,取料5Z轴_Axis_Pos_42,29284,取料5Z轴_Axis_Pos_42,Material taking: Z-axis _Axis_Pos_42,L?y 5Z_tr?c_??a ?i?m_42
PLC/取料5Z轴_Axis_Pos,取料5Z轴_Axis_Pos_43,29286,取料5Z轴_Axis_Pos_43,Material taking: Z-axis _Axis_Pos_43,L?y 5Z_tr?c_??a ?i?m_43
PLC/取料5Z轴_Axis_Pos,取料5Z轴_Axis_Pos_44,29288,取料5Z轴_Axis_Pos_44,Material taking: Z-axis _Axis_Pos_44,L?y 5Z_tr?c_??a ?i?m_44
PLC/取料5Z轴_Axis_Pos,取料5Z轴_Axis_Pos_45,29290,取料5Z轴_Axis_Pos_45,Material taking: Z-axis _Axis_Pos_45,L?y 5Z_tr?c_??a ?i?m_45
PLC/取料5Z轴_Axis_Pos,取料5Z轴_Axis_Pos_46,29292,取料5Z轴_Axis_Pos_46,Material taking: Z-axis _Axis_Pos_46,L?y 5Z_tr?c_??a ?i?m_46
PLC/取料5Z轴_Axis_Pos,取料5Z轴_Axis_Pos_47,29294,取料5Z轴_Axis_Pos_47,Material taking: Z-axis _Axis_Pos_47,L?y 5Z_tr?c_??a ?i?m_47
PLC/取料5Z轴_Axis_Pos,取料5Z轴_Axis_Pos_48,29296,取料5Z轴_Axis_Pos_48,Material taking: Z-axis _Axis_Pos_48,L?y 5Z_tr?c_??a ?i?m_48
PLC/取料5Z轴_Axis_Pos,取料5Z轴_Axis_Pos_49,29298,取料5Z轴_Axis_Pos_49,Material taking: Z-axis _Axis_Pos_49,L?y 5Z_tr?c_??a ?i?m_49
PLC/取料5Z轴_Axis_Pos,取料5Z轴_Axis_Pos_50,29300,取料5Z轴_Axis_Pos_50,Material taking: Z-axis _Axis_Pos_50,L?y 5Z_tr?c_??a ?i?m_50
PLC/取料5Z轴_Axis_Pos,取料5Z轴_Axis_Pos_51,29302,取料5Z轴_Axis_Pos_51,Material taking: Z-axis _Axis_Pos_51,L?y 5Z_tr?c_??a ?i?m_51
PLC/取料5Z轴_Axis_Pos,取料5Z轴_Axis_Pos_52,29304,取料5Z轴_Axis_Pos_52,Material taking: Z-axis _Axis_Pos_52,L?y 5Z_tr?c_??a ?i?m_52
PLC/取料5Z轴_Axis_Pos,取料5Z轴_Axis_Pos_53,29306,取料5Z轴_Axis_Pos_53,Material taking: Z-axis _Axis_Pos_53,L?y 5Z_tr?c_??a ?i?m_53
PLC/取料5Z轴_Axis_Pos,取料5Z轴_Axis_Pos_54,29308,取料5Z轴_Axis_Pos_54,Material taking: Z-axis _Axis_Pos_54,L?y 5Z_tr?c_??a ?i?m_54
PLC/取料5Z轴_Axis_Pos,取料5Z轴_Axis_Pos_55,29310,取料5Z轴_Axis_Pos_55,Material taking: Z-axis _Axis_Pos_55,L?y 5Z_tr?c_??a ?i?m_55

PLC/取料5Z轴_Axis_Vel,取料5Z轴_Axis_Vel_0,29400,取料5Z轴_Axis_Vel_0,Material taking 5Z-axis_Axis_Vel_0,L?y 5Z_tr?c_t?c ??_0
PLC/取料5Z轴_Axis_Vel,取料5Z轴_Axis_Vel_1,29402,取料5Z轴_Axis_Vel_1,Material taking 5Z-axis_Axis_Vel_1,L?y 5Z_tr?c_t?c ??_1
PLC/取料5Z轴_Axis_Vel,取料5Z轴_Axis_Vel_2,29404,取料5Z轴_Axis_Vel_2,Material taking 5Z-axis_Axis_Vel_2,L?y 5Z_tr?c_t?c ??_2
PLC/取料5Z轴_Axis_Vel,取料5Z轴_Axis_Vel_3,29406,取料5Z轴_Axis_Vel_3,Material taking 5Z-axis_Axis_Vel_3,L?y 5Z_tr?c_t?c ??_3
PLC/取料5Z轴_Axis_Vel,取料5Z轴_Axis_Vel_4,29408,取料5Z轴_Axis_Vel_4,Material taking 5Z-axis_Axis_Vel_4,L?y 5Z_tr?c_t?c ??_4
PLC/取料5Z轴_Axis_Vel,取料5Z轴_Axis_Vel_5,29410,取料5Z轴_Axis_Vel_5,Material taking 5Z-axis_Axis_Vel_5,L?y 5Z_tr?c_t?c ??_5
PLC/取料5Z轴_Axis_Vel,取料5Z轴_Axis_Vel_6,29412,取料5Z轴_Axis_Vel_6,Material taking 5Z-axis_Axis_Vel-6,L?y 5Z_tr?c_t?c ??_6
PLC/取料5Z轴_Axis_Vel,取料5Z轴_Axis_Vel_7,29414,取料5Z轴_Axis_Vel_7,Material taking 5Z-axis_Axis_Vel_7,L?y 5Z_tr?c_t?c ??_7
PLC/取料5Z轴_Axis_Vel,取料5Z轴_Axis_Vel_8,29416,取料5Z轴_Axis_Vel_8,Material taking 5Z-axis_Axis_Vel_8,L?y 5Z_tr?c_t?c ??_8
PLC/取料5Z轴_Axis_Vel,取料5Z轴_Axis_Vel_9,29418,取料5Z轴_Axis_Vel_9,Material taking 5Z-axis_Axis_Vel_9,L?y 5Z_tr?c_t?c ??_9
PLC/取料5Z轴_Axis_Vel,取料5Z轴_Axis_Vel_10,29420,取料5Z轴_Axis_Vel_10,Material taking 5Z-axis_Axis_Vel_10,L?y 5Z_tr?c_t?c ??_10
PLC/取料5Z轴_Axis_Vel,取料5Z轴_Axis_Vel_11,29422,取料5Z轴_Axis_Vel_11,Material taking 5Z-axis_Axis_Vel_11,L?y 5Z_tr?c_t?c ??_11
PLC/取料5Z轴_Axis_Vel,取料5Z轴_Axis_Vel_12,29424,取料5Z轴_Axis_Vel_12,Material taking 5Z-axis_Axis_Vel_12,L?y 5Z_tr?c_t?c ??_12
PLC/取料5Z轴_Axis_Vel,取料5Z轴_Axis_Vel_13,29426,取料5Z轴_Axis_Vel_13,Material taking 5Z-axis_Axis_Vel_13,L?y 5Z_tr?c_t?c ??_13
PLC/取料5Z轴_Axis_Vel,取料5Z轴_Axis_Vel_14,29428,取料5Z轴_Axis_Vel_14,Material taking 5Z-axis_Axis_Vel_14,L?y 5Z_tr?c_t?c ??_14
PLC/取料5Z轴_Axis_Vel,取料5Z轴_Axis_Vel_15,29430,取料5Z轴_Axis_Vel_15,Material taking 5Z-axis_Axis_Vel_15,L?y 5Z_tr?c_t?c ??_15
PLC/取料5Z轴_Axis_Vel,取料5Z轴_Axis_Vel_16,29432,取料5Z轴_Axis_Vel_16,Material taking 5Z-axis_Axis_Vel_16,L?y 5Z_tr?c_t?c ??_16
PLC/取料5Z轴_Axis_Vel,取料5Z轴_Axis_Vel_17,29434,取料5Z轴_Axis_Vel_17,Material taking 5Z-axis_Axis_Vel_17,L?y 5Z_tr?c_t?c ??_17
PLC/取料5Z轴_Axis_Vel,取料5Z轴_Axis_Vel_18,29436,取料5Z轴_Axis_Vel_18,Material taking 5Z-axis_Axis_Vel_18,L?y 5Z_tr?c_t?c ??_18
PLC/取料5Z轴_Axis_Vel,取料5Z轴_Axis_Vel_19,29438,取料5Z轴_Axis_Vel_19,Material taking 5Z-axis_Axis_Vel_19,L?y 5Z_tr?c_t?c ??_19
PLC/取料5Z轴_Axis_Vel,取料5Z轴_Axis_Vel_20,29440,取料5Z轴_Axis_Vel_20,Material taking 5Z-axis_Axis_Vel_20,L?y 5Z_tr?c_t?c ??_20
PLC/取料5Z轴_Axis_Vel,取料5Z轴_Axis_Vel_21,29442,取料5Z轴_Axis_Vel_21,Material taking 5Z-axis_Axis_Vel_21,L?y 5Z_tr?c_t?c ??_21
PLC/取料5Z轴_Axis_Vel,取料5Z轴_Axis_Vel_22,29444,取料5Z轴_Axis_Vel_22,Material taking 5Z-axis_Axis_Vel_22,L?y 5Z_tr?c_t?c ??_22
PLC/取料5Z轴_Axis_Vel,取料5Z轴_Axis_Vel_23,29446,取料5Z轴_Axis_Vel_23,Material taking 5Z-axis_Axis_Vel_23,L?y 5Z_tr?c_t?c ??_23
PLC/取料5Z轴_Axis_Vel,取料5Z轴_Axis_Vel_24,29448,取料5Z轴_Axis_Vel_24,Material taking 5Z-axis_Axis_Vel_24,L?y 5Z_tr?c_t?c ??_24
PLC/取料5Z轴_Axis_Vel,取料5Z轴_Axis_Vel_25,29450,取料5Z轴_Axis_Vel_25,Material taking 5Z-axis_Axis_Vel_25,L?y 5Z_tr?c_t?c ??_25
PLC/取料5Z轴_Axis_Vel,取料5Z轴_Axis_Vel_26,29452,取料5Z轴_Axis_Vel_26,Material taking 5Z-axis_Axis_Vel_26,L?y 5Z_tr?c_t?c ??_26
PLC/取料5Z轴_Axis_Vel,取料5Z轴_Axis_Vel_27,29454,取料5Z轴_Axis_Vel_27,Material taking 5Z-axis_Axis_Vel_27,L?y 5Z_tr?c_t?c ??_27
PLC/取料5Z轴_Axis_Vel,取料5Z轴_Axis_Vel_28,29456,取料5Z轴_Axis_Vel_28,Material taking 5Z-axis_Axis_Vel_28,L?y 5Z_tr?c_t?c ??_28
PLC/取料5Z轴_Axis_Vel,取料5Z轴_Axis_Vel_29,29458,取料5Z轴_Axis_Vel_29,Material taking 5Z-axis_Axis_Vel_29,L?y 5Z_tr?c_t?c ??_29
PLC/取料5Z轴_Axis_Vel,取料5Z轴_Axis_Vel_30,29460,取料5Z轴_Axis_Vel_30,Material taking 5Z-axis_Axis_Vel_30,L?y 5Z_tr?c_t?c ??_30
PLC/取料5Z轴_Axis_Vel,取料5Z轴_Axis_Vel_31,29462,取料5Z轴_Axis_Vel_31,Material taking 5Z-axis_Axis_Vel_31,L?y 5Z_tr?c_t?c ??_31
PLC/取料5Z轴_Axis_Vel,取料5Z轴_Axis_Vel_32,29464,取料5Z轴_Axis_Vel_32,Material taking 5Z-axis_Axis_Vel_32,L?y 5Z_tr?c_t?c ??_32
PLC/取料5Z轴_Axis_Vel,取料5Z轴_Axis_Vel_33,29466,取料5Z轴_Axis_Vel_33,Material taking 5Z-axis_Axis_Vel_33,L?y 5Z_tr?c_t?c ??_33
PLC/取料5Z轴_Axis_Vel,取料5Z轴_Axis_Vel_34,29468,取料5Z轴_Axis_Vel_34,Material taking 5Z-axis_Axis_Vel_34,L?y 5Z_tr?c_t?c ??_34
PLC/取料5Z轴_Axis_Vel,取料5Z轴_Axis_Vel_35,29470,取料5Z轴_Axis_Vel_35,Material taking 5Z-axis_Axis_Vel_35,L?y 5Z_tr?c_t?c ??_35
PLC/取料5Z轴_Axis_Vel,取料5Z轴_Axis_Vel_36,29472,取料5Z轴_Axis_Vel_36,Material taking 5Z-axis_Axis_Vel_36,L?y 5Z_tr?c_t?c ??_36
PLC/取料5Z轴_Axis_Vel,取料5Z轴_Axis_Vel_37,29474,取料5Z轴_Axis_Vel_37,Material taking 5Z-axis_Axis_Vel_37,L?y 5Z_tr?c_t?c ??_37
PLC/取料5Z轴_Axis_Vel,取料5Z轴_Axis_Vel_38,29476,取料5Z轴_Axis_Vel_38,Material taking 5Z-axis_Axis_Vel_38,L?y 5Z_tr?c_t?c ??_38
PLC/取料5Z轴_Axis_Vel,取料5Z轴_Axis_Vel_39,29478,取料5Z轴_Axis_Vel_39,Material taking 5Z-axis_Axis_Vel_39,L?y 5Z_tr?c_t?c ??_39
PLC/取料5Z轴_Axis_Vel,取料5Z轴_Axis_Vel_40,29480,取料5Z轴_Axis_Vel_40,Material taking 5Z-axis_Axis_Vel_40,L?y 5Z_tr?c_t?c ??_40
PLC/取料5Z轴_Axis_Vel,取料5Z轴_Axis_Vel_41,29482,取料5Z轴_Axis_Vel_41,Material taking 5Z-axis_Axis_Vel_41,L?y 5Z_tr?c_t?c ??_41
PLC/取料5Z轴_Axis_Vel,取料5Z轴_Axis_Vel_42,29484,取料5Z轴_Axis_Vel_42,Material taking 5Z-axis_Axis_Vel_42,L?y 5Z_tr?c_t?c ??_42
PLC/取料5Z轴_Axis_Vel,取料5Z轴_Axis_Vel_43,29486,取料5Z轴_Axis_Vel_43,Material taking 5Z-axis_Axis_Vel_43,L?y 5Z_tr?c_t?c ??_43
PLC/取料5Z轴_Axis_Vel,取料5Z轴_Axis_Vel_44,29488,取料5Z轴_Axis_Vel_44,Material taking 5Z-axis_Axis_Vel_44,L?y 5Z_tr?c_t?c ??_44
PLC/取料5Z轴_Axis_Vel,取料5Z轴_Axis_Vel_45,29490,取料5Z轴_Axis_Vel_45,Material taking 5Z-axis_Axis_Vel_45,L?y 5Z_tr?c_t?c ??_45
PLC/取料5Z轴_Axis_Vel,取料5Z轴_Axis_Vel_46,29492,取料5Z轴_Axis_Vel_46,Material taking 5Z-axis_Axis_Vel_46,L?y 5Z_tr?c_t?c ??_46
PLC/取料5Z轴_Axis_Vel,取料5Z轴_Axis_Vel_47,29494,取料5Z轴_Axis_Vel_47,Material taking 5Z-axis_Axis_Vel_47,L?y 5Z_tr?c_t?c ??_47
PLC/取料5Z轴_Axis_Vel,取料5Z轴_Axis_Vel_48,29496,取料5Z轴_Axis_Vel_48,Material taking 5Z-axis_Axis_Vel_48,L?y 5Z_tr?c_t?c ??_48
PLC/取料5Z轴_Axis_Vel,取料5Z轴_Axis_Vel_49,29498,取料5Z轴_Axis_Vel_49,Material taking 5Z-axis_Axis_Vel_49,L?y 5Z_tr?c_t?c ??_49
PLC/取料5Z轴_Axis_Vel,取料5Z轴_Axis_Vel_50,29500,取料5Z轴_Axis_Vel_50,Material taking 5Z-axis_Axis_Vel_50,L?y 5Z_tr?c_t?c ??_50
PLC/取料5Z轴_Axis_Vel,取料5Z轴_Axis_Vel_51,29502,取料5Z轴_Axis_Vel_51,Material taking 5Z-axis_Axis_Vel_51,L?y 5Z_tr?c_t?c ??_51
PLC/取料5Z轴_Axis_Vel,取料5Z轴_Axis_Vel_52,29504,取料5Z轴_Axis_Vel_52,Material taking 5Z-axis_Axis_Vel_52,L?y 5Z_tr?c_t?c ??_52
PLC/取料5Z轴_Axis_Vel,取料5Z轴_Axis_Vel_53,29506,取料5Z轴_Axis_Vel_53,Material taking 5Z-axis_Axis_Vel_53,L?y 5Z_tr?c_t?c ??_53
PLC/取料5Z轴_Axis_Vel,取料5Z轴_Axis_Vel_54,29508,取料5Z轴_Axis_Vel_54,Material taking 5Z-axis_Axis_Vel_54,L?y 5Z_tr?c_t?c ??_54
PLC/取料5Z轴_Axis_Vel,取料5Z轴_Axis_Vel_55,29510,取料5Z轴_Axis_Vel_55,Material taking 5Z-axis_Axis_Vel_55,L?y 5Z_tr?c_t?c ??_55

PLC/取料5R轴_Axis_Pos,取料5R轴_Axis_Pos_0,29600,取料5R轴_Axis_Pos_0,Material taking 5R axis _Axis_Pos-0,L?y 5R_tr?c_??a ?i?m_0
PLC/取料5R轴_Axis_Pos,取料5R轴_Axis_Pos_1,29602,取料5R轴_Axis_Pos_1,Material retrieval 5R axis_Axis_Pos_1,L?y 5R_tr?c_??a ?i?m_1
PLC/取料5R轴_Axis_Pos,取料5R轴_Axis_Pos_2,29604,取料5R轴_Axis_Pos_2,Material retrieval 5R axis_Axis_Pos_2,L?y 5R_tr?c_??a ?i?m_2
PLC/取料5R轴_Axis_Pos,取料5R轴_Axis_Pos_3,29606,取料5R轴_Axis_Pos_3,Material retrieval 5R axis_Axis_Pos_3,L?y 5R_tr?c_??a ?i?m_3
PLC/取料5R轴_Axis_Pos,取料5R轴_Axis_Pos_4,29608,取料5R轴_Axis_Pos_4,Material retrieval 5R axis_Axis_Pos_2,L?y 5R_tr?c_??a ?i?m_4
PLC/取料5R轴_Axis_Pos,取料5R轴_Axis_Pos_5,29610,取料5R轴_Axis_Pos_5,Material retrieval 5R axis_Axis_Pos_5,L?y 5R_tr?c_??a ?i?m_5
PLC/取料5R轴_Axis_Pos,取料5R轴_Axis_Pos_6,29612,取料5R轴_Axis_Pos_6,Material retrieval 5R axis_Axis_Pos-6,L?y 5R_tr?c_??a ?i?m_6
PLC/取料5R轴_Axis_Pos,取料5R轴_Axis_Pos_7,29614,取料5R轴_Axis_Pos_7,Material retrieval 5R axis_Axis_Pos_7,L?y 5R_tr?c_??a ?i?m_7
PLC/取料5R轴_Axis_Pos,取料5R轴_Axis_Pos_8,29616,取料5R轴_Axis_Pos_8,Material retrieval 5R axis_Axis_Pos_8,L?y 5R_tr?c_??a ?i?m_8
PLC/取料5R轴_Axis_Pos,取料5R轴_Axis_Pos_9,29618,取料5R轴_Axis_Pos_9,Material retrieval 5R axis_Axis_Pos_9,L?y 5R_tr?c_??a ?i?m_9
PLC/取料5R轴_Axis_Pos,取料5R轴_Axis_Pos_10,29620,取料5R轴_Axis_Pos_10,Material taking 5R axis __Axis_Pos_10,L?y 5R_tr?c_??a ?i?m_10
PLC/取料5R轴_Axis_Pos,取料5R轴_Axis_Pos_11,29622,取料5R轴_Axis_Pos_11,Material retrieval 5R axis_Axis_Pos_11,L?y 5R_tr?c_??a ?i?m_11
PLC/取料5R轴_Axis_Pos,取料5R轴_Axis_Pos_12,29624,取料5R轴_Axis_Pos_12,Material retrieval 5R axis_Axis_Pos_12,L?y 5R_tr?c_??a ?i?m_12
PLC/取料5R轴_Axis_Pos,取料5R轴_Axis_Pos_13,29626,取料5R轴_Axis_Pos_13,Material retrieval 5R axis_Axis_Pos_13,L?y 5R_tr?c_??a ?i?m_13
PLC/取料5R轴_Axis_Pos,取料5R轴_Axis_Pos_14,29628,取料5R轴_Axis_Pos_14,Material retrieval 5R axis_Axis_Pos_14,L?y 5R_tr?c_??a ?i?m_14
PLC/取料5R轴_Axis_Pos,取料5R轴_Axis_Pos_15,29630,取料5R轴_Axis_Pos_15,Material retrieval 5R axis_Axis_Pos_15,L?y 5R_tr?c_??a ?i?m_15
PLC/取料5R轴_Axis_Pos,取料5R轴_Axis_Pos_16,29632,取料5R轴_Axis_Pos_16,Material retrieval 5R axis_Axis_Pos_16,L?y 5R_tr?c_??a ?i?m_16
PLC/取料5R轴_Axis_Pos,取料5R轴_Axis_Pos_17,29634,取料5R轴_Axis_Pos_17,Material retrieval 5R axis_Axis_Pos_17,L?y 5R_tr?c_??a ?i?m_17
PLC/取料5R轴_Axis_Pos,取料5R轴_Axis_Pos_18,29636,取料5R轴_Axis_Pos_18,Material retrieval 5R axis_Axis_Pos_18,L?y 5R_tr?c_??a ?i?m_18
PLC/取料5R轴_Axis_Pos,取料5R轴_Axis_Pos_19,29638,取料5R轴_Axis_Pos_19,Material retrieval 5R axis_Axis_Pos_19,L?y 5R_tr?c_??a ?i?m_19
PLC/取料5R轴_Axis_Pos,取料5R轴_Axis_Pos_20,29640,取料5R轴_Axis_Pos_20,Material taking 5R axis __Axis_Pos_20,L?y 5R_tr?c_??a ?i?m_20
PLC/取料5R轴_Axis_Pos,取料5R轴_Axis_Pos_21,29642,取料5R轴_Axis_Pos_21,Material taking 5R axis __Axis_Pos_21,L?y 5R_tr?c_??a ?i?m_21
PLC/取料5R轴_Axis_Pos,取料5R轴_Axis_Pos_22,29644,取料5R轴_Axis_Pos_22,Material taking 5R axis __Axis_Pos_22,L?y 5R_tr?c_??a ?i?m_22
PLC/取料5R轴_Axis_Pos,取料5R轴_Axis_Pos_23,29646,取料5R轴_Axis_Pos_23,Material taking 5R axis __Axis_Pos_23,L?y 5R_tr?c_??a ?i?m_23
PLC/取料5R轴_Axis_Pos,取料5R轴_Axis_Pos_24,29648,取料5R轴_Axis_Pos_24,Material taking 5R axis __Axis_Pos_24,L?y 5R_tr?c_??a ?i?m_24
PLC/取料5R轴_Axis_Pos,取料5R轴_Axis_Pos_25,29650,取料5R轴_Axis_Pos_25,Material taking 5R axis __Axis_Pos_25,L?y 5R_tr?c_??a ?i?m_25
PLC/取料5R轴_Axis_Pos,取料5R轴_Axis_Pos_26,29652,取料5R轴_Axis_Pos_26,Material taking 5R axis __Axis_Pos_26,L?y 5R_tr?c_??a ?i?m_26
PLC/取料5R轴_Axis_Pos,取料5R轴_Axis_Pos_27,29654,取料5R轴_Axis_Pos_27,Material taking 5R axis __Axis_Pos_27,L?y 5R_tr?c_??a ?i?m_27
PLC/取料5R轴_Axis_Pos,取料5R轴_Axis_Pos_28,29656,取料5R轴_Axis_Pos_28,Material taking 5R axis __Axis_Pos_28,L?y 5R_tr?c_??a ?i?m_28
PLC/取料5R轴_Axis_Pos,取料5R轴_Axis_Pos_29,29658,取料5R轴_Axis_Pos_29,Material taking 5R axis __Axis_Pos_29,L?y 5R_tr?c_??a ?i?m_29
PLC/取料5R轴_Axis_Pos,取料5R轴_Axis_Pos_30,29660,取料5R轴_Axis_Pos_30,Material taking 5R axis __Axis_Pos_30,L?y 5R_tr?c_??a ?i?m_30
PLC/取料5R轴_Axis_Pos,取料5R轴_Axis_Pos_31,29662,取料5R轴_Axis_Pos_31,Material taking 5R axis __Axis_Pos_31,L?y 5R_tr?c_??a ?i?m_31
PLC/取料5R轴_Axis_Pos,取料5R轴_Axis_Pos_32,29664,取料5R轴_Axis_Pos_32,Material taking 5R axis __Axis_Pos_32,L?y 5R_tr?c_??a ?i?m_32
PLC/取料5R轴_Axis_Pos,取料5R轴_Axis_Pos_33,29666,取料5R轴_Axis_Pos_33,Material taking 5R axis __Axis_Pos_33,L?y 5R_tr?c_??a ?i?m_33
PLC/取料5R轴_Axis_Pos,取料5R轴_Axis_Pos_34,29668,取料5R轴_Axis_Pos_34,Material taking 5R axis __Axis_Pos_34,L?y 5R_tr?c_??a ?i?m_34
PLC/取料5R轴_Axis_Pos,取料5R轴_Axis_Pos_35,29670,取料5R轴_Axis_Pos_35,Material taking 5R axis __Axis_Pos_35,L?y 5R_tr?c_??a ?i?m_35
PLC/取料5R轴_Axis_Pos,取料5R轴_Axis_Pos_36,29672,取料5R轴_Axis_Pos_36,Material taking 5R axis __Axis_Pos_36,L?y 5R_tr?c_??a ?i?m_36
PLC/取料5R轴_Axis_Pos,取料5R轴_Axis_Pos_37,29674,取料5R轴_Axis_Pos_37,Material taking 5R axis __Axis_Pos_37,L?y 5R_tr?c_??a ?i?m_37
PLC/取料5R轴_Axis_Pos,取料5R轴_Axis_Pos_38,29676,取料5R轴_Axis_Pos_38,Material taking 5R axis __Axis_Pos_38,L?y 5R_tr?c_??a ?i?m_38
PLC/取料5R轴_Axis_Pos,取料5R轴_Axis_Pos_39,29678,取料5R轴_Axis_Pos_39,Material taking 5R axis __Axis_Pos_39,L?y 5R_tr?c_??a ?i?m_39
PLC/取料5R轴_Axis_Pos,取料5R轴_Axis_Pos_40,29680,取料5R轴_Axis_Pos_40,Material taking 5R axis __Axis_Pos_40,L?y 5R_tr?c_??a ?i?m_40
PLC/取料5R轴_Axis_Pos,取料5R轴_Axis_Pos_41,29682,取料5R轴_Axis_Pos_41,Material taking 5R axis __Axis_Pos_41,L?y 5R_tr?c_??a ?i?m_41
PLC/取料5R轴_Axis_Pos,取料5R轴_Axis_Pos_42,29684,取料5R轴_Axis_Pos_42,Material taking 5R axis __Axis_Pos_42,L?y 5R_tr?c_??a ?i?m_42
PLC/取料5R轴_Axis_Pos,取料5R轴_Axis_Pos_43,29686,取料5R轴_Axis_Pos_43,Material taking 5R axis __Axis_Pos_43,L?y 5R_tr?c_??a ?i?m_43
PLC/取料5R轴_Axis_Pos,取料5R轴_Axis_Pos_44,29688,取料5R轴_Axis_Pos_44,Material taking 5R axis __Axis_Pos_44,L?y 5R_tr?c_??a ?i?m_44
PLC/取料5R轴_Axis_Pos,取料5R轴_Axis_Pos_45,29690,取料5R轴_Axis_Pos_45,Material taking 5R axis __Axis_Pos_45,L?y 5R_tr?c_??a ?i?m_45
PLC/取料5R轴_Axis_Pos,取料5R轴_Axis_Pos_46,29692,取料5R轴_Axis_Pos_46,Material taking 5R axis __Axis_Pos_46,L?y 5R_tr?c_??a ?i?m_46
PLC/取料5R轴_Axis_Pos,取料5R轴_Axis_Pos_47,29694,取料5R轴_Axis_Pos_47,Material taking 5R axis __Axis_Pos_47,L?y 5R_tr?c_??a ?i?m_47
PLC/取料5R轴_Axis_Pos,取料5R轴_Axis_Pos_48,29696,取料5R轴_Axis_Pos_48,Material taking 5R axis __Axis_Pos_48,L?y 5R_tr?c_??a ?i?m_48
PLC/取料5R轴_Axis_Pos,取料5R轴_Axis_Pos_49,29698,取料5R轴_Axis_Pos_49,Material taking 5R axis __Axis_Pos_49,L?y 5R_tr?c_??a ?i?m_49
PLC/取料5R轴_Axis_Pos,取料5R轴_Axis_Pos_50,29700,取料5R轴_Axis_Pos_50,Material taking 5R axis __Axis_Pos_50,L?y 5R_tr?c_??a ?i?m_50
PLC/取料5R轴_Axis_Pos,取料5R轴_Axis_Pos_51,29702,取料5R轴_Axis_Pos_51,Material taking 5R axis __Axis_Pos_51,L?y 5R_tr?c_??a ?i?m_51
PLC/取料5R轴_Axis_Pos,取料5R轴_Axis_Pos_52,29704,取料5R轴_Axis_Pos_52,Material taking 5R axis __Axis_Pos_52,L?y 5R_tr?c_??a ?i?m_52
PLC/取料5R轴_Axis_Pos,取料5R轴_Axis_Pos_53,29706,取料5R轴_Axis_Pos_53,Material taking 5R axis __Axis_Pos_53,L?y 5R_tr?c_??a ?i?m_53
PLC/取料5R轴_Axis_Pos,取料5R轴_Axis_Pos_54,29708,取料5R轴_Axis_Pos_54,Material taking 5R axis __Axis_Pos_54,L?y 5R_tr?c_??a ?i?m_54
PLC/取料5R轴_Axis_Pos,取料5R轴_Axis_Pos_55,29710,取料5R轴_Axis_Pos_55,Material taking 5R axis __Axis_Pos_55,L?y 5R_tr?c_??a ?i?m_55

PLC/取料5R轴_Axis_Vel,取料5R轴_Axis_Vel_0,29800,取料5R轴_Axis_Vel_0,Material taking 5R axis_Axis_Vel_0,L?y 5R_tr?c_t?c ??_0
PLC/取料5R轴_Axis_Vel,取料5R轴_Axis_Vel_1,29802,取料5R轴_Axis_Vel_1,Material taking 5R axis_Axis_Vel_1,L?y 5R_tr?c_t?c ??_1
PLC/取料5R轴_Axis_Vel,取料5R轴_Axis_Vel_2,29804,取料5R轴_Axis_Vel_2,Material taking 5R axis_Axis_Vel_2,L?y 5R_tr?c_t?c ??_2
PLC/取料5R轴_Axis_Vel,取料5R轴_Axis_Vel_3,29806,取料5R轴_Axis_Vel_3,Material taking 5R axis_Axis_Vel_3,L?y 5R_tr?c_t?c ??_3
PLC/取料5R轴_Axis_Vel,取料5R轴_Axis_Vel_4,29808,取料5R轴_Axis_Vel_4,Material taking 5R axis_Axis_Vel_4,L?y 5R_tr?c_t?c ??_4
PLC/取料5R轴_Axis_Vel,取料5R轴_Axis_Vel_5,29810,取料5R轴_Axis_Vel_5,Material taking 5R axis_Axis_Vel_5,L?y 5R_tr?c_t?c ??_5
PLC/取料5R轴_Axis_Vel,取料5R轴_Axis_Vel_6,29812,取料5R轴_Axis_Vel_6,Material taking 5R axis_Axis_Vel-6,L?y 5R_tr?c_t?c ??_6
PLC/取料5R轴_Axis_Vel,取料5R轴_Axis_Vel_7,29814,取料5R轴_Axis_Vel_7,Material taking 5R axis_Axis_Vel_7,L?y 5R_tr?c_t?c ??_7
PLC/取料5R轴_Axis_Vel,取料5R轴_Axis_Vel_8,29816,取料5R轴_Axis_Vel_8,Material taking 5R axis_Axis_Vel_8,L?y 5R_tr?c_t?c ??_8
PLC/取料5R轴_Axis_Vel,取料5R轴_Axis_Vel_9,29818,取料5R轴_Axis_Vel_9,Material taking 5R axis_Axis_Vel_9,L?y 5R_tr?c_t?c ??_9
PLC/取料5R轴_Axis_Vel,取料5R轴_Axis_Vel_10,29820,取料5R轴_Axis_Vel_10,Material taking 5R axis_Axis_Vel_10,L?y 5R_tr?c_t?c ??_10
PLC/取料5R轴_Axis_Vel,取料5R轴_Axis_Vel_11,29822,取料5R轴_Axis_Vel_11,Material taking 5R axis_Axis_Vel_11,L?y 5R_tr?c_t?c ??_11
PLC/取料5R轴_Axis_Vel,取料5R轴_Axis_Vel_12,29824,取料5R轴_Axis_Vel_12,Material taking 5R axis_Axis_Vel_12,L?y 5R_tr?c_t?c ??_12
PLC/取料5R轴_Axis_Vel,取料5R轴_Axis_Vel_13,29826,取料5R轴_Axis_Vel_13,Material taking 5R axis_Axis_Vel_13,L?y 5R_tr?c_t?c ??_13
PLC/取料5R轴_Axis_Vel,取料5R轴_Axis_Vel_14,29828,取料5R轴_Axis_Vel_14,Material taking 5R axis_Axis_Vel_14,L?y 5R_tr?c_t?c ??_14
PLC/取料5R轴_Axis_Vel,取料5R轴_Axis_Vel_15,29830,取料5R轴_Axis_Vel_15,Material taking 5R axis_Axis_Vel_15,L?y 5R_tr?c_t?c ??_15
PLC/取料5R轴_Axis_Vel,取料5R轴_Axis_Vel_16,29832,取料5R轴_Axis_Vel_16,Material taking 5R axis_Axis_Vel_16,L?y 5R_tr?c_t?c ??_16
PLC/取料5R轴_Axis_Vel,取料5R轴_Axis_Vel_17,29834,取料5R轴_Axis_Vel_17,Material taking 5R axis_Axis_Vel_17,L?y 5R_tr?c_t?c ??_17
PLC/取料5R轴_Axis_Vel,取料5R轴_Axis_Vel_18,29836,取料5R轴_Axis_Vel_18,Material taking 5R axis_Axis_Vel_18,L?y 5R_tr?c_t?c ??_18
PLC/取料5R轴_Axis_Vel,取料5R轴_Axis_Vel_19,29838,取料5R轴_Axis_Vel_19,Material taking 5R axis_Axis_Vel_19,L?y 5R_tr?c_t?c ??_19
PLC/取料5R轴_Axis_Vel,取料5R轴_Axis_Vel_20,29840,取料5R轴_Axis_Vel_20,Material taking 5R axis_Axis_Vel_20,L?y 5R_tr?c_t?c ??_20
PLC/取料5R轴_Axis_Vel,取料5R轴_Axis_Vel_21,29842,取料5R轴_Axis_Vel_21,Material taking 5R axis_Axis_Vel_21,L?y 5R_tr?c_t?c ??_21
PLC/取料5R轴_Axis_Vel,取料5R轴_Axis_Vel_22,29844,取料5R轴_Axis_Vel_22,Material taking 5R axis_Axis_Vel_22,L?y 5R_tr?c_t?c ??_22
PLC/取料5R轴_Axis_Vel,取料5R轴_Axis_Vel_23,29846,取料5R轴_Axis_Vel_23,Material taking 5R axis_Axis_Vel_23,L?y 5R_tr?c_t?c ??_23
PLC/取料5R轴_Axis_Vel,取料5R轴_Axis_Vel_24,29848,取料5R轴_Axis_Vel_24,Material taking 5R axis_Axis_Vel_24,L?y 5R_tr?c_t?c ??_24
PLC/取料5R轴_Axis_Vel,取料5R轴_Axis_Vel_25,29850,取料5R轴_Axis_Vel_25,Material taking 5R axis_Axis_Vel_25,L?y 5R_tr?c_t?c ??_25
PLC/取料5R轴_Axis_Vel,取料5R轴_Axis_Vel_26,29852,取料5R轴_Axis_Vel_26,Material taking 5R axis_Axis_Vel_26,L?y 5R_tr?c_t?c ??_26
PLC/取料5R轴_Axis_Vel,取料5R轴_Axis_Vel_27,29854,取料5R轴_Axis_Vel_27,Material taking 5R axis_Axis_Vel_27,L?y 5R_tr?c_t?c ??_27
PLC/取料5R轴_Axis_Vel,取料5R轴_Axis_Vel_28,29856,取料5R轴_Axis_Vel_28,Material taking 5R axis_Axis_Vel_28,L?y 5R_tr?c_t?c ??_28
PLC/取料5R轴_Axis_Vel,取料5R轴_Axis_Vel_29,29858,取料5R轴_Axis_Vel_29,Material taking 5R axis_Axis_Vel_29,L?y 5R_tr?c_t?c ??_29
PLC/取料5R轴_Axis_Vel,取料5R轴_Axis_Vel_30,29860,取料5R轴_Axis_Vel_30,Material taking 5R axis_Axis_Vel_30,L?y 5R_tr?c_t?c ??_30
PLC/取料5R轴_Axis_Vel,取料5R轴_Axis_Vel_31,29862,取料5R轴_Axis_Vel_31,Material taking 5R axis_Axis_Vel_31,L?y 5R_tr?c_t?c ??_31
PLC/取料5R轴_Axis_Vel,取料5R轴_Axis_Vel_32,29864,取料5R轴_Axis_Vel_32,Material taking 5R axis_Axis_Vel_32,L?y 5R_tr?c_t?c ??_32
PLC/取料5R轴_Axis_Vel,取料5R轴_Axis_Vel_33,29866,取料5R轴_Axis_Vel_33,Material taking 5R axis_Axis_Vel_33,L?y 5R_tr?c_t?c ??_33
PLC/取料5R轴_Axis_Vel,取料5R轴_Axis_Vel_34,29868,取料5R轴_Axis_Vel_34,Material taking 5R axis_Axis_Vel_34,L?y 5R_tr?c_t?c ??_34
PLC/取料5R轴_Axis_Vel,取料5R轴_Axis_Vel_35,29870,取料5R轴_Axis_Vel_35,Material taking 5R axis_Axis_Vel_35,L?y 5R_tr?c_t?c ??_35
PLC/取料5R轴_Axis_Vel,取料5R轴_Axis_Vel_36,29872,取料5R轴_Axis_Vel_36,Material taking 5R axis_Axis_Vel_36,L?y 5R_tr?c_t?c ??_36
PLC/取料5R轴_Axis_Vel,取料5R轴_Axis_Vel_37,29874,取料5R轴_Axis_Vel_37,Material taking 5R axis_Axis_Vel_37,L?y 5R_tr?c_t?c ??_37
PLC/取料5R轴_Axis_Vel,取料5R轴_Axis_Vel_38,29876,取料5R轴_Axis_Vel_38,Material taking 5R axis_Axis_Vel_38,L?y 5R_tr?c_t?c ??_38
PLC/取料5R轴_Axis_Vel,取料5R轴_Axis_Vel_39,29878,取料5R轴_Axis_Vel_39,Material taking 5R axis_Axis_Vel_39,L?y 5R_tr?c_t?c ??_39
PLC/取料5R轴_Axis_Vel,取料5R轴_Axis_Vel_40,29880,取料5R轴_Axis_Vel_40,Material taking 5R axis_Axis_Vel_40,L?y 5R_tr?c_t?c ??_40
PLC/取料5R轴_Axis_Vel,取料5R轴_Axis_Vel_41,29882,取料5R轴_Axis_Vel_41,Material taking 5R axis_Axis_Vel_41,L?y 5R_tr?c_t?c ??_41
PLC/取料5R轴_Axis_Vel,取料5R轴_Axis_Vel_42,29884,取料5R轴_Axis_Vel_42,Material taking 5R axis_Axis_Vel_42,L?y 5R_tr?c_t?c ??_42
PLC/取料5R轴_Axis_Vel,取料5R轴_Axis_Vel_43,29886,取料5R轴_Axis_Vel_43,Material taking 5R axis_Axis_Vel_43,L?y 5R_tr?c_t?c ??_43
PLC/取料5R轴_Axis_Vel,取料5R轴_Axis_Vel_44,29888,取料5R轴_Axis_Vel_44,Material taking 5R axis_Axis_Vel_44,L?y 5R_tr?c_t?c ??_44
PLC/取料5R轴_Axis_Vel,取料5R轴_Axis_Vel_45,29890,取料5R轴_Axis_Vel_45,Material taking 5R axis_Axis_Vel_45,L?y 5R_tr?c_t?c ??_45
PLC/取料5R轴_Axis_Vel,取料5R轴_Axis_Vel_46,29892,取料5R轴_Axis_Vel_46,Material taking 5R axis_Axis_Vel_46,L?y 5R_tr?c_t?c ??_46
PLC/取料5R轴_Axis_Vel,取料5R轴_Axis_Vel_47,29894,取料5R轴_Axis_Vel_47,Material taking 5R axis_Axis_Vel_47,L?y 5R_tr?c_t?c ??_47
PLC/取料5R轴_Axis_Vel,取料5R轴_Axis_Vel_48,29896,取料5R轴_Axis_Vel_48,Material taking 5R axis_Axis_Vel_48,L?y 5R_tr?c_t?c ??_48
PLC/取料5R轴_Axis_Vel,取料5R轴_Axis_Vel_49,29898,取料5R轴_Axis_Vel_49,Material taking 5R axis_Axis_Vel_49,L?y 5R_tr?c_t?c ??_49
PLC/取料5R轴_Axis_Vel,取料5R轴_Axis_Vel_50,29900,取料5R轴_Axis_Vel_50,Material taking 5R axis_Axis_Vel_50,L?y 5R_tr?c_t?c ??_50
PLC/取料5R轴_Axis_Vel,取料5R轴_Axis_Vel_51,29902,取料5R轴_Axis_Vel_51,Material taking 5R axis_Axis_Vel_51,L?y 5R_tr?c_t?c ??_51
PLC/取料5R轴_Axis_Vel,取料5R轴_Axis_Vel_52,29904,取料5R轴_Axis_Vel_52,Material taking 5R axis_Axis_Vel_52,L?y 5R_tr?c_t?c ??_52
PLC/取料5R轴_Axis_Vel,取料5R轴_Axis_Vel_53,29906,取料5R轴_Axis_Vel_53,Material taking 5R axis_Axis_Vel_53,L?y 5R_tr?c_t?c ??_53
PLC/取料5R轴_Axis_Vel,取料5R轴_Axis_Vel_54,29908,取料5R轴_Axis_Vel_54,Material taking 5R axis_Axis_Vel_54,L?y 5R_tr?c_t?c ??_54
PLC/取料5R轴_Axis_Vel,取料5R轴_Axis_Vel_55,29910,取料5R轴_Axis_Vel_55,Material taking 5R axis_Axis_Vel_55,L?y 5R_tr?c_t?c ??_55

PLC/取料6Z轴_Axis_Pos,取料6Z轴_Axis_Pos_0,30000,取料6Z轴_Axis_Pos_0,Material retrieval 6Z axis_Axis_Pos-0,L?y 6Z_tr?c_??a ?i?m_0
PLC/取料6Z轴_Axis_Pos,取料6Z轴_Axis_Pos_1,30002,取料6Z轴_Axis_Pos_1,Material retrieval 6Z axis_Axis_Pos_1,L?y 6Z_tr?c_??a ?i?m_1
PLC/取料6Z轴_Axis_Pos,取料6Z轴_Axis_Pos_2,30004,取料6Z轴_Axis_Pos_2,Material retrieval 6Z axis_Axis_Pos_2,L?y 6Z_tr?c_??a ?i?m_2
PLC/取料6Z轴_Axis_Pos,取料6Z轴_Axis_Pos_3,30006,取料6Z轴_Axis_Pos_3,Material retrieval 6Z axis_Axis_Pos_3,L?y 6Z_tr?c_??a ?i?m_3
PLC/取料6Z轴_Axis_Pos,取料6Z轴_Axis_Pos_4,30008,取料6Z轴_Axis_Pos_4,Material retrieval 6Z axis_Axis_Pos_2,L?y 6Z_tr?c_??a ?i?m_4
PLC/取料6Z轴_Axis_Pos,取料6Z轴_Axis_Pos_5,30010,取料6Z轴_Axis_Pos_5,Material retrieval 6Z axis_Axis_Pos_5,L?y 6Z_tr?c_??a ?i?m_5
PLC/取料6Z轴_Axis_Pos,取料6Z轴_Axis_Pos_6,30012,取料6Z轴_Axis_Pos_6,Material retrieval 6Z axis_Axis_Pos-6,L?y 6Z_tr?c_??a ?i?m_6
PLC/取料6Z轴_Axis_Pos,取料6Z轴_Axis_Pos_7,30014,取料6Z轴_Axis_Pos_7,Material retrieval 6Z axis_Axis_Pos_7,L?y 6Z_tr?c_??a ?i?m_7
PLC/取料6Z轴_Axis_Pos,取料6Z轴_Axis_Pos_8,30016,取料6Z轴_Axis_Pos_8,Material retrieval 6Z axis_Axis_Pos_8,L?y 6Z_tr?c_??a ?i?m_8
PLC/取料6Z轴_Axis_Pos,取料6Z轴_Axis_Pos_9,30018,取料6Z轴_Axis_Pos_9,Material retrieval 6Z axis_Axis_Pos_9,L?y 6Z_tr?c_??a ?i?m_9
PLC/取料6Z轴_Axis_Pos,取料6Z轴_Axis_Pos_10,30020,取料6Z轴_Axis_Pos_10,Material retrieval 6Z axis_Axis_Pos_10,L?y 6Z_tr?c_??a ?i?m_10
PLC/取料6Z轴_Axis_Pos,取料6Z轴_Axis_Pos_11,30022,取料6Z轴_Axis_Pos_11,Material retrieval 6Z axis_Axis_Pos_11,L?y 6Z_tr?c_??a ?i?m_11
PLC/取料6Z轴_Axis_Pos,取料6Z轴_Axis_Pos_12,30024,取料6Z轴_Axis_Pos_12,Material retrieval 6Z axis_Axis_Pos_12,L?y 6Z_tr?c_??a ?i?m_12
PLC/取料6Z轴_Axis_Pos,取料6Z轴_Axis_Pos_13,30026,取料6Z轴_Axis_Pos_13,Material retrieval 6Z axis_Axis_Pos_13,L?y 6Z_tr?c_??a ?i?m_13
PLC/取料6Z轴_Axis_Pos,取料6Z轴_Axis_Pos_14,30028,取料6Z轴_Axis_Pos_14,Material retrieval 6Z axis_Axis_Pos_14,L?y 6Z_tr?c_??a ?i?m_14
PLC/取料6Z轴_Axis_Pos,取料6Z轴_Axis_Pos_15,30030,取料6Z轴_Axis_Pos_15,Material retrieval 6Z axis_Axis_Pos_15,L?y 6Z_tr?c_??a ?i?m_15
PLC/取料6Z轴_Axis_Pos,取料6Z轴_Axis_Pos_16,30032,取料6Z轴_Axis_Pos_16,Material retrieval 6Z axis_Axis_Pos_16,L?y 6Z_tr?c_??a ?i?m_16
PLC/取料6Z轴_Axis_Pos,取料6Z轴_Axis_Pos_17,30034,取料6Z轴_Axis_Pos_17,Material retrieval 6Z axis_Axis_Pos_17,L?y 6Z_tr?c_??a ?i?m_17
PLC/取料6Z轴_Axis_Pos,取料6Z轴_Axis_Pos_18,30036,取料6Z轴_Axis_Pos_18,Material retrieval 6Z axis_Axis_Pos_18,L?y 6Z_tr?c_??a ?i?m_18
PLC/取料6Z轴_Axis_Pos,取料6Z轴_Axis_Pos_19,30038,取料6Z轴_Axis_Pos_19,Material retrieval 6Z axis_Axis_Pos_19,L?y 6Z_tr?c_??a ?i?m_19
PLC/取料6Z轴_Axis_Pos,取料6Z轴_Axis_Pos_20,30040,取料6Z轴_Axis_Pos_20,Material retrieval 6Z axis_Axis_Pos_20,L?y 6Z_tr?c_??a ?i?m_20
PLC/取料6Z轴_Axis_Pos,取料6Z轴_Axis_Pos_21,30042,取料6Z轴_Axis_Pos_21,Material retrieval 6Z axis_Axis_Pos_21,L?y 6Z_tr?c_??a ?i?m_21
PLC/取料6Z轴_Axis_Pos,取料6Z轴_Axis_Pos_22,30044,取料6Z轴_Axis_Pos_22,Material retrieval 6Z axis_Axis_Pos_22,L?y 6Z_tr?c_??a ?i?m_22
PLC/取料6Z轴_Axis_Pos,取料6Z轴_Axis_Pos_23,30046,取料6Z轴_Axis_Pos_23,Material retrieval 6Z axis_Axis_Pos_23,L?y 6Z_tr?c_??a ?i?m_23
PLC/取料6Z轴_Axis_Pos,取料6Z轴_Axis_Pos_24,30048,取料6Z轴_Axis_Pos_24,Material retrieval 6Z axis_Axis_Pos_24,L?y 6Z_tr?c_??a ?i?m_24
PLC/取料6Z轴_Axis_Pos,取料6Z轴_Axis_Pos_25,30050,取料6Z轴_Axis_Pos_25,Material retrieval 6Z axis_Axis_Pos_25,L?y 6Z_tr?c_??a ?i?m_25
PLC/取料6Z轴_Axis_Pos,取料6Z轴_Axis_Pos_26,30052,取料6Z轴_Axis_Pos_26,Material retrieval 6Z axis_Axis_Pos_26,L?y 6Z_tr?c_??a ?i?m_26
PLC/取料6Z轴_Axis_Pos,取料6Z轴_Axis_Pos_27,30054,取料6Z轴_Axis_Pos_27,Material retrieval 6Z axis_Axis_Pos_27,L?y 6Z_tr?c_??a ?i?m_27
PLC/取料6Z轴_Axis_Pos,取料6Z轴_Axis_Pos_28,30056,取料6Z轴_Axis_Pos_28,Material retrieval 6Z axis_Axis_Pos_28,L?y 6Z_tr?c_??a ?i?m_28
PLC/取料6Z轴_Axis_Pos,取料6Z轴_Axis_Pos_29,30058,取料6Z轴_Axis_Pos_29,Material retrieval 6Z axis_Axis_Pos_29,L?y 6Z_tr?c_??a ?i?m_29
PLC/取料6Z轴_Axis_Pos,取料6Z轴_Axis_Pos_30,30060,取料6Z轴_Axis_Pos_30,Material retrieval 6Z axis_Axis_Pos_30,L?y 6Z_tr?c_??a ?i?m_30
PLC/取料6Z轴_Axis_Pos,取料6Z轴_Axis_Pos_31,30062,取料6Z轴_Axis_Pos_31,Material retrieval 6Z axis_Axis_Pos_31,L?y 6Z_tr?c_??a ?i?m_31
PLC/取料6Z轴_Axis_Pos,取料6Z轴_Axis_Pos_32,30064,取料6Z轴_Axis_Pos_32,Material retrieval 6Z axis_Axis_Pos_32,L?y 6Z_tr?c_??a ?i?m_32
PLC/取料6Z轴_Axis_Pos,取料6Z轴_Axis_Pos_33,30066,取料6Z轴_Axis_Pos_33,Material retrieval 6Z axis_Axis_Pos_33,L?y 6Z_tr?c_??a ?i?m_33
PLC/取料6Z轴_Axis_Pos,取料6Z轴_Axis_Pos_34,30068,取料6Z轴_Axis_Pos_34,Material retrieval 6Z axis_Axis_Pos_34,L?y 6Z_tr?c_??a ?i?m_34
PLC/取料6Z轴_Axis_Pos,取料6Z轴_Axis_Pos_35,30070,取料6Z轴_Axis_Pos_35,Material retrieval 6Z axis_Axis_Pos_35,L?y 6Z_tr?c_??a ?i?m_35
PLC/取料6Z轴_Axis_Pos,取料6Z轴_Axis_Pos_36,30072,取料6Z轴_Axis_Pos_36,Material retrieval 6Z axis_Axis_Pos_36,L?y 6Z_tr?c_??a ?i?m_36
PLC/取料6Z轴_Axis_Pos,取料6Z轴_Axis_Pos_37,30074,取料6Z轴_Axis_Pos_37,Material retrieval 6Z axis_Axis_Pos_37,L?y 6Z_tr?c_??a ?i?m_37
PLC/取料6Z轴_Axis_Pos,取料6Z轴_Axis_Pos_38,30076,取料6Z轴_Axis_Pos_38,Material retrieval 6Z axis_Axis_Pos_38,L?y 6Z_tr?c_??a ?i?m_38
PLC/取料6Z轴_Axis_Pos,取料6Z轴_Axis_Pos_39,30078,取料6Z轴_Axis_Pos_39,Material retrieval 6Z axis_Axis_Pos_39,L?y 6Z_tr?c_??a ?i?m_39
PLC/取料6Z轴_Axis_Pos,取料6Z轴_Axis_Pos_40,30080,取料6Z轴_Axis_Pos_40,Material retrieval 6Z axis_Axis_Pos_40,L?y 6Z_tr?c_??a ?i?m_40
PLC/取料6Z轴_Axis_Pos,取料6Z轴_Axis_Pos_41,30082,取料6Z轴_Axis_Pos_41,Material retrieval 6Z axis_Axis_Pos_41,L?y 6Z_tr?c_??a ?i?m_41
PLC/取料6Z轴_Axis_Pos,取料6Z轴_Axis_Pos_42,30084,取料6Z轴_Axis_Pos_42,Material retrieval 6Z axis_Axis_Pos_42,L?y 6Z_tr?c_??a ?i?m_42
PLC/取料6Z轴_Axis_Pos,取料6Z轴_Axis_Pos_43,30086,取料6Z轴_Axis_Pos_43,Material retrieval 6Z axis_Axis_Pos_43,L?y 6Z_tr?c_??a ?i?m_43
PLC/取料6Z轴_Axis_Pos,取料6Z轴_Axis_Pos_44,30088,取料6Z轴_Axis_Pos_44,Material retrieval 6Z axis_Axis_Pos_44,L?y 6Z_tr?c_??a ?i?m_44
PLC/取料6Z轴_Axis_Pos,取料6Z轴_Axis_Pos_45,30090,取料6Z轴_Axis_Pos_45,Material retrieval 6Z axis_Axis_Pos_45,L?y 6Z_tr?c_??a ?i?m_45
PLC/取料6Z轴_Axis_Pos,取料6Z轴_Axis_Pos_46,30092,取料6Z轴_Axis_Pos_46,Material retrieval 6Z axis_Axis_Pos_46,L?y 6Z_tr?c_??a ?i?m_46
PLC/取料6Z轴_Axis_Pos,取料6Z轴_Axis_Pos_47,30094,取料6Z轴_Axis_Pos_47,Material retrieval 6Z axis_Axis_Pos_47,L?y 6Z_tr?c_??a ?i?m_47
PLC/取料6Z轴_Axis_Pos,取料6Z轴_Axis_Pos_48,30096,取料6Z轴_Axis_Pos_48,Material retrieval 6Z axis_Axis_Pos_48,L?y 6Z_tr?c_??a ?i?m_48
PLC/取料6Z轴_Axis_Pos,取料6Z轴_Axis_Pos_49,30098,取料6Z轴_Axis_Pos_49,Material retrieval 6Z axis_Axis_Pos_49,L?y 6Z_tr?c_??a ?i?m_49
PLC/取料6Z轴_Axis_Pos,取料6Z轴_Axis_Pos_50,30100,取料6Z轴_Axis_Pos_50,Material retrieval 6Z axis_Axis_Pos_50,L?y 6Z_tr?c_??a ?i?m_50
PLC/取料6Z轴_Axis_Pos,取料6Z轴_Axis_Pos_51,30102,取料6Z轴_Axis_Pos_51,Material retrieval 6Z axis_Axis_Pos_51,L?y 6Z_tr?c_??a ?i?m_51
PLC/取料6Z轴_Axis_Pos,取料6Z轴_Axis_Pos_52,30104,取料6Z轴_Axis_Pos_52,Material retrieval 6Z axis_Axis_Pos_52,L?y 6Z_tr?c_??a ?i?m_52
PLC/取料6Z轴_Axis_Pos,取料6Z轴_Axis_Pos_53,30106,取料6Z轴_Axis_Pos_53,Material retrieval 6Z axis_Axis_Pos_53,L?y 6Z_tr?c_??a ?i?m_53
PLC/取料6Z轴_Axis_Pos,取料6Z轴_Axis_Pos_54,30108,取料6Z轴_Axis_Pos_54,Material retrieval 6Z axis_Axis_Pos_54,L?y 6Z_tr?c_??a ?i?m_54
PLC/取料6Z轴_Axis_Pos,取料6Z轴_Axis_Pos_55,30110,取料6Z轴_Axis_Pos_55,Material retrieval 6Z axis_Axis_Pos_55,L?y 6Z_tr?c_??a ?i?m_55

PLC/取料6Z轴_Axis_Vel,取料6Z轴_Axis_Vel_0,30200,取料6Z轴_Axis_Vel_0,Material taking 6Z axis_Axis_Vel_0,L?y 6Z_tr?c_t?c ??_0
PLC/取料6Z轴_Axis_Vel,取料6Z轴_Axis_Vel_1,30202,取料6Z轴_Axis_Vel_1,Material taking 6Z axis_Axis_Vel_1,L?y 6Z_tr?c_t?c ??_1
PLC/取料6Z轴_Axis_Vel,取料6Z轴_Axis_Vel_2,30204,取料6Z轴_Axis_Vel_2,Material taking 6Z axis_Axis_Vel_2,L?y 6Z_tr?c_t?c ??_2
PLC/取料6Z轴_Axis_Vel,取料6Z轴_Axis_Vel_3,30206,取料6Z轴_Axis_Vel_3,Material taking 6Z axis_Axis_Vel_3,L?y 6Z_tr?c_t?c ??_3
PLC/取料6Z轴_Axis_Vel,取料6Z轴_Axis_Vel_4,30208,取料6Z轴_Axis_Vel_4,Material taking 6Z axis_Axis_Vel_4,L?y 6Z_tr?c_t?c ??_4
PLC/取料6Z轴_Axis_Vel,取料6Z轴_Axis_Vel_5,30210,取料6Z轴_Axis_Vel_5,Material taking 6Z axis_Axis_Vel_5,L?y 6Z_tr?c_t?c ??_5
PLC/取料6Z轴_Axis_Vel,取料6Z轴_Axis_Vel_6,30212,取料6Z轴_Axis_Vel_6,Material taking 6Z axis_Axis_Vel-6,L?y 6Z_tr?c_t?c ??_6
PLC/取料6Z轴_Axis_Vel,取料6Z轴_Axis_Vel_7,30214,取料6Z轴_Axis_Vel_7,Material taking 6Z axis_Axis_Vel_7,L?y 6Z_tr?c_t?c ??_7
PLC/取料6Z轴_Axis_Vel,取料6Z轴_Axis_Vel_8,30216,取料6Z轴_Axis_Vel_8,Material taking 6Z axis_Axis_Vel_8,L?y 6Z_tr?c_t?c ??_8
PLC/取料6Z轴_Axis_Vel,取料6Z轴_Axis_Vel_9,30218,取料6Z轴_Axis_Vel_9,Material taking 6Z axis_Axis_Vel_9,L?y 6Z_tr?c_t?c ??_9
PLC/取料6Z轴_Axis_Vel,取料6Z轴_Axis_Vel_10,30220,取料6Z轴_Axis_Vel_10,Material taking 6Z axis_Axis_Vel_10,L?y 6Z_tr?c_t?c ??_10
PLC/取料6Z轴_Axis_Vel,取料6Z轴_Axis_Vel_11,30222,取料6Z轴_Axis_Vel_11,Material taking 6Z axis_Axis_Vel_11,L?y 6Z_tr?c_t?c ??_11
PLC/取料6Z轴_Axis_Vel,取料6Z轴_Axis_Vel_12,30224,取料6Z轴_Axis_Vel_12,Material taking 6Z axis_Axis_Vel_12,L?y 6Z_tr?c_t?c ??_12
PLC/取料6Z轴_Axis_Vel,取料6Z轴_Axis_Vel_13,30226,取料6Z轴_Axis_Vel_13,Material taking 6Z axis_Axis_Vel_13,L?y 6Z_tr?c_t?c ??_13
PLC/取料6Z轴_Axis_Vel,取料6Z轴_Axis_Vel_14,30228,取料6Z轴_Axis_Vel_14,Material taking 6Z axis_Axis_Vel_14,L?y 6Z_tr?c_t?c ??_14
PLC/取料6Z轴_Axis_Vel,取料6Z轴_Axis_Vel_15,30230,取料6Z轴_Axis_Vel_15,Material taking 6Z axis_Axis_Vel_15,L?y 6Z_tr?c_t?c ??_15
PLC/取料6Z轴_Axis_Vel,取料6Z轴_Axis_Vel_16,30232,取料6Z轴_Axis_Vel_16,Material taking 6Z axis_Axis_Vel_16,L?y 6Z_tr?c_t?c ??_16
PLC/取料6Z轴_Axis_Vel,取料6Z轴_Axis_Vel_17,30234,取料6Z轴_Axis_Vel_17,Material taking 6Z axis_Axis_Vel_17,L?y 6Z_tr?c_t?c ??_17
PLC/取料6Z轴_Axis_Vel,取料6Z轴_Axis_Vel_18,30236,取料6Z轴_Axis_Vel_18,Material taking 6Z axis_Axis_Vel_18,L?y 6Z_tr?c_t?c ??_18
PLC/取料6Z轴_Axis_Vel,取料6Z轴_Axis_Vel_19,30238,取料6Z轴_Axis_Vel_19,Material taking 6Z axis_Axis_Vel_19,L?y 6Z_tr?c_t?c ??_19
PLC/取料6Z轴_Axis_Vel,取料6Z轴_Axis_Vel_20,30240,取料6Z轴_Axis_Vel_20,Material taking 6Z axis_Axis_Vel_20,L?y 6Z_tr?c_t?c ??_20
PLC/取料6Z轴_Axis_Vel,取料6Z轴_Axis_Vel_21,30240,取料6Z轴_Axis_Vel_21,Material taking 6Z axis_Axis_Vel_21,L?y 6Z_tr?c_t?c ??_21
PLC/取料6Z轴_Axis_Vel,取料6Z轴_Axis_Vel_22,30240,取料6Z轴_Axis_Vel_22,Material taking 6Z axis_Axis_Vel_22,L?y 6Z_tr?c_t?c ??_22
PLC/取料6Z轴_Axis_Vel,取料6Z轴_Axis_Vel_23,30240,取料6Z轴_Axis_Vel_23,Material taking 6Z axis_Axis_Vel_23,L?y 6Z_tr?c_t?c ??_23
PLC/取料6Z轴_Axis_Vel,取料6Z轴_Axis_Vel_24,30240,取料6Z轴_Axis_Vel_24,Material taking 6Z axis_Axis_Vel_24,L?y 6Z_tr?c_t?c ??_24
PLC/取料6Z轴_Axis_Vel,取料6Z轴_Axis_Vel_25,30240,取料6Z轴_Axis_Vel_25,Material taking 6Z axis_Axis_Vel_25,L?y 6Z_tr?c_t?c ??_25
PLC/取料6Z轴_Axis_Vel,取料6Z轴_Axis_Vel_26,30240,取料6Z轴_Axis_Vel_26,Material taking 6Z axis_Axis_Vel_26,L?y 6Z_tr?c_t?c ??_26
PLC/取料6Z轴_Axis_Vel,取料6Z轴_Axis_Vel_27,30240,取料6Z轴_Axis_Vel_27,Material taking 6Z axis_Axis_Vel_27,L?y 6Z_tr?c_t?c ??_27
PLC/取料6Z轴_Axis_Vel,取料6Z轴_Axis_Vel_28,30240,取料6Z轴_Axis_Vel_28,Material taking 6Z axis_Axis_Vel_28,L?y 6Z_tr?c_t?c ??_28
PLC/取料6Z轴_Axis_Vel,取料6Z轴_Axis_Vel_29,30240,取料6Z轴_Axis_Vel_29,Material taking 6Z axis_Axis_Vel_29,L?y 6Z_tr?c_t?c ??_29
PLC/取料6Z轴_Axis_Vel,取料6Z轴_Axis_Vel_30,30240,取料6Z轴_Axis_Vel_30,Material taking 6Z axis_Axis_Vel_30,L?y 6Z_tr?c_t?c ??_30
PLC/取料6Z轴_Axis_Vel,取料6Z轴_Axis_Vel_31,30240,取料6Z轴_Axis_Vel_31,Material taking 6Z axis_Axis_Vel_31,L?y 6Z_tr?c_t?c ??_31
PLC/取料6Z轴_Axis_Vel,取料6Z轴_Axis_Vel_32,30240,取料6Z轴_Axis_Vel_32,Material taking 6Z axis_Axis_Vel_32,L?y 6Z_tr?c_t?c ??_32
PLC/取料6Z轴_Axis_Vel,取料6Z轴_Axis_Vel_33,30240,取料6Z轴_Axis_Vel_33,Material taking 6Z axis_Axis_Vel_33,L?y 6Z_tr?c_t?c ??_33
PLC/取料6Z轴_Axis_Vel,取料6Z轴_Axis_Vel_34,30240,取料6Z轴_Axis_Vel_34,Material taking 6Z axis_Axis_Vel_34,L?y 6Z_tr?c_t?c ??_34
PLC/取料6Z轴_Axis_Vel,取料6Z轴_Axis_Vel_35,30240,取料6Z轴_Axis_Vel_35,Material taking 6Z axis_Axis_Vel_35,L?y 6Z_tr?c_t?c ??_35
PLC/取料6Z轴_Axis_Vel,取料6Z轴_Axis_Vel_36,30240,取料6Z轴_Axis_Vel_36,Material taking 6Z axis_Axis_Vel_36,L?y 6Z_tr?c_t?c ??_36
PLC/取料6Z轴_Axis_Vel,取料6Z轴_Axis_Vel_37,30240,取料6Z轴_Axis_Vel_37,Material taking 6Z axis_Axis_Vel_37,L?y 6Z_tr?c_t?c ??_37
PLC/取料6Z轴_Axis_Vel,取料6Z轴_Axis_Vel_38,30240,取料6Z轴_Axis_Vel_38,Material taking 6Z axis_Axis_Vel_38,L?y 6Z_tr?c_t?c ??_38
PLC/取料6Z轴_Axis_Vel,取料6Z轴_Axis_Vel_39,30240,取料6Z轴_Axis_Vel_39,Material taking 6Z axis_Axis_Vel_39,L?y 6Z_tr?c_t?c ??_39
PLC/取料6Z轴_Axis_Vel,取料6Z轴_Axis_Vel_40,30240,取料6Z轴_Axis_Vel_40,Material taking 6Z axis_Axis_Vel_40,L?y 6Z_tr?c_t?c ??_40
PLC/取料6Z轴_Axis_Vel,取料6Z轴_Axis_Vel_41,30240,取料6Z轴_Axis_Vel_41,Material taking 6Z axis_Axis_Vel_41,L?y 6Z_tr?c_t?c ??_41
PLC/取料6Z轴_Axis_Vel,取料6Z轴_Axis_Vel_42,30240,取料6Z轴_Axis_Vel_42,Material taking 6Z axis_Axis_Vel_42,L?y 6Z_tr?c_t?c ??_42
PLC/取料6Z轴_Axis_Vel,取料6Z轴_Axis_Vel_43,30240,取料6Z轴_Axis_Vel_43,Material taking 6Z axis_Axis_Vel_43,L?y 6Z_tr?c_t?c ??_43
PLC/取料6Z轴_Axis_Vel,取料6Z轴_Axis_Vel_44,30240,取料6Z轴_Axis_Vel_44,Material taking 6Z axis_Axis_Vel_44,L?y 6Z_tr?c_t?c ??_44
PLC/取料6Z轴_Axis_Vel,取料6Z轴_Axis_Vel_45,30240,取料6Z轴_Axis_Vel_45,Material taking 6Z axis_Axis_Vel_45,L?y 6Z_tr?c_t?c ??_45
PLC/取料6Z轴_Axis_Vel,取料6Z轴_Axis_Vel_46,30240,取料6Z轴_Axis_Vel_46,Material taking 6Z axis_Axis_Vel_46,L?y 6Z_tr?c_t?c ??_46
PLC/取料6Z轴_Axis_Vel,取料6Z轴_Axis_Vel_47,30240,取料6Z轴_Axis_Vel_47,Material taking 6Z axis_Axis_Vel_47,L?y 6Z_tr?c_t?c ??_47
PLC/取料6Z轴_Axis_Vel,取料6Z轴_Axis_Vel_48,30240,取料6Z轴_Axis_Vel_48,Material taking 6Z axis_Axis_Vel_48,L?y 6Z_tr?c_t?c ??_48
PLC/取料6Z轴_Axis_Vel,取料6Z轴_Axis_Vel_49,30240,取料6Z轴_Axis_Vel_49,Material taking 6Z axis_Axis_Vel_49,L?y 6Z_tr?c_t?c ??_49
PLC/取料6Z轴_Axis_Vel,取料6Z轴_Axis_Vel_50,30240,取料6Z轴_Axis_Vel_50,Material taking 6Z axis_Axis_Vel_50,L?y 6Z_tr?c_t?c ??_50
PLC/取料6Z轴_Axis_Vel,取料6Z轴_Axis_Vel_51,30240,取料6Z轴_Axis_Vel_51,Material taking 6Z axis_Axis_Vel_51,L?y 6Z_tr?c_t?c ??_51
PLC/取料6Z轴_Axis_Vel,取料6Z轴_Axis_Vel_52,30240,取料6Z轴_Axis_Vel_52,Material taking 6Z axis_Axis_Vel_52,L?y 6Z_tr?c_t?c ??_52
PLC/取料6Z轴_Axis_Vel,取料6Z轴_Axis_Vel_53,30240,取料6Z轴_Axis_Vel_53,Material taking 6Z axis_Axis_Vel_53,L?y 6Z_tr?c_t?c ??_53
PLC/取料6Z轴_Axis_Vel,取料6Z轴_Axis_Vel_54,30240,取料6Z轴_Axis_Vel_54,Material taking 6Z axis_Axis_Vel_54,L?y 6Z_tr?c_t?c ??_54
PLC/取料6Z轴_Axis_Vel,取料6Z轴_Axis_Vel_55,30240,取料6Z轴_Axis_Vel_55,Material taking 6Z axis_Axis_Vel_55,L?y 6Z_tr?c_t?c ??_55

PLC/取料6R轴_Axis_Pos,取料6R轴_Axis_Pos_0,30400,取料6R轴_Axis_Pos_0,Material retrieval 6R axis __Axis_Pos-0,L?y 6R_tr?c_??a ?i?m_0
PLC/取料6R轴_Axis_Pos,取料6R轴_Axis_Pos_1,30402,取料6R轴_Axis_Pos_1,Material retrieval 6R axis_Axis_Pos_1,L?y 6R_tr?c_??a ?i?m_1
PLC/取料6R轴_Axis_Pos,取料6R轴_Axis_Pos_2,30404,取料6R轴_Axis_Pos_2,Material retrieval 6R axis_Axis_Pos_2,L?y 6R_tr?c_??a ?i?m_2
PLC/取料6R轴_Axis_Pos,取料6R轴_Axis_Pos_3,30406,取料6R轴_Axis_Pos_3,Material retrieval 6R axis_Axis_Pos_3,L?y 6R_tr?c_??a ?i?m_3
PLC/取料6R轴_Axis_Pos,取料6R轴_Axis_Pos_4,30408,取料6R轴_Axis_Pos_4,Material retrieval 6R axis_Axis_Pos_2,L?y 6R_tr?c_??a ?i?m_4
PLC/取料6R轴_Axis_Pos,取料6R轴_Axis_Pos_5,30410,取料6R轴_Axis_Pos_5,Material retrieval 6R axis_Axis_Pos_5,L?y 6R_tr?c_??a ?i?m_5
PLC/取料6R轴_Axis_Pos,取料6R轴_Axis_Pos_6,30412,取料6R轴_Axis_Pos_6,Material retrieval 6R axis_Axis_Pos-6,L?y 6R_tr?c_??a ?i?m_6
PLC/取料6R轴_Axis_Pos,取料6R轴_Axis_Pos_7,30414,取料6R轴_Axis_Pos_7,Material retrieval 6R axis_Axis_Pos_7,L?y 6R_tr?c_??a ?i?m_7
PLC/取料6R轴_Axis_Pos,取料6R轴_Axis_Pos_8,30416,取料6R轴_Axis_Pos_8,Material retrieval 6R axis_Axis_Pos_8,L?y 6R_tr?c_??a ?i?m_8
PLC/取料6R轴_Axis_Pos,取料6R轴_Axis_Pos_9,30418,取料6R轴_Axis_Pos_9,Material retrieval 6R axis_Axis_Pos_9,L?y 6R_tr?c_??a ?i?m_9
PLC/取料6R轴_Axis_Pos,取料6R轴_Axis_Pos_10,30420,取料6R轴_Axis_Pos_10,Material retrieval 6R axis __Axis_Pos_10,L?y 6R_tr?c_??a ?i?m_10
PLC/取料6R轴_Axis_Pos,取料6R轴_Axis_Pos_11,30422,取料6R轴_Axis_Pos_11,Material retrieval 6R axis_Axis_Pos_11,L?y 6R_tr?c_??a ?i?m_11
PLC/取料6R轴_Axis_Pos,取料6R轴_Axis_Pos_12,30424,取料6R轴_Axis_Pos_12,Material retrieval 6R axis_Axis_Pos_12,L?y 6R_tr?c_??a ?i?m_12
PLC/取料6R轴_Axis_Pos,取料6R轴_Axis_Pos_13,30426,取料6R轴_Axis_Pos_13,Material retrieval 6R axis_Axis_Pos_13,L?y 6R_tr?c_??a ?i?m_13
PLC/取料6R轴_Axis_Pos,取料6R轴_Axis_Pos_14,30428,取料6R轴_Axis_Pos_14,Material retrieval 6R axis_Axis_Pos_14,L?y 6R_tr?c_??a ?i?m_14
PLC/取料6R轴_Axis_Pos,取料6R轴_Axis_Pos_15,30430,取料6R轴_Axis_Pos_15,Material retrieval 6R axis_Axis_Pos_15,L?y 6R_tr?c_??a ?i?m_15
PLC/取料6R轴_Axis_Pos,取料6R轴_Axis_Pos_16,30432,取料6R轴_Axis_Pos_16,Material retrieval 6R axis_Axis_Pos_16,L?y 6R_tr?c_??a ?i?m_16
PLC/取料6R轴_Axis_Pos,取料6R轴_Axis_Pos_17,30434,取料6R轴_Axis_Pos_17,Material retrieval 6R axis_Axis_Pos_17,L?y 6R_tr?c_??a ?i?m_17
PLC/取料6R轴_Axis_Pos,取料6R轴_Axis_Pos_18,30436,取料6R轴_Axis_Pos_18,Material retrieval 6R axis_Axis_Pos_18,L?y 6R_tr?c_??a ?i?m_18
PLC/取料6R轴_Axis_Pos,取料6R轴_Axis_Pos_19,30438,取料6R轴_Axis_Pos_19,Material retrieval 6R axis_Axis_Pos_19,L?y 6R_tr?c_??a ?i?m_19
PLC/取料6R轴_Axis_Pos,取料6R轴_Axis_Pos_20,30440,取料6R轴_Axis_Pos_20,Material retrieval 6R axis_Axis_Pos_20,L?y 6R_tr?c_??a ?i?m_20
PLC/取料6R轴_Axis_Pos,取料6R轴_Axis_Pos_21,30442,取料6R轴_Axis_Pos_21,Material retrieval 6R axis_Axis_Pos_21,L?y 6R_tr?c_??a ?i?m_21
PLC/取料6R轴_Axis_Pos,取料6R轴_Axis_Pos_22,30444,取料6R轴_Axis_Pos_22,Material retrieval 6R axis_Axis_Pos_22,L?y 6R_tr?c_??a ?i?m_22
PLC/取料6R轴_Axis_Pos,取料6R轴_Axis_Pos_23,30446,取料6R轴_Axis_Pos_23,Material retrieval 6R axis_Axis_Pos_23,L?y 6R_tr?c_??a ?i?m_23
PLC/取料6R轴_Axis_Pos,取料6R轴_Axis_Pos_24,30448,取料6R轴_Axis_Pos_24,Material retrieval 6R axis_Axis_Pos_24,L?y 6R_tr?c_??a ?i?m_24
PLC/取料6R轴_Axis_Pos,取料6R轴_Axis_Pos_25,30450,取料6R轴_Axis_Pos_25,Material retrieval 6R axis_Axis_Pos_25,L?y 6R_tr?c_??a ?i?m_25
PLC/取料6R轴_Axis_Pos,取料6R轴_Axis_Pos_26,30452,取料6R轴_Axis_Pos_26,Material retrieval 6R axis_Axis_Pos_26,L?y 6R_tr?c_??a ?i?m_26
PLC/取料6R轴_Axis_Pos,取料6R轴_Axis_Pos_27,30454,取料6R轴_Axis_Pos_27,Material retrieval 6R axis_Axis_Pos_27,L?y 6R_tr?c_??a ?i?m_27
PLC/取料6R轴_Axis_Pos,取料6R轴_Axis_Pos_28,30456,取料6R轴_Axis_Pos_28,Material retrieval 6R axis_Axis_Pos_28,L?y 6R_tr?c_??a ?i?m_28
PLC/取料6R轴_Axis_Pos,取料6R轴_Axis_Pos_29,30458,取料6R轴_Axis_Pos_29,Material retrieval 6R axis_Axis_Pos_29,L?y 6R_tr?c_??a ?i?m_29
PLC/取料6R轴_Axis_Pos,取料6R轴_Axis_Pos_30,30460,取料6R轴_Axis_Pos_30,Material retrieval 6R axis_Axis_Pos_30,L?y 6R_tr?c_??a ?i?m_30
PLC/取料6R轴_Axis_Pos,取料6R轴_Axis_Pos_31,30462,取料6R轴_Axis_Pos_31,Material retrieval 6R axis_Axis_Pos_31,L?y 6R_tr?c_??a ?i?m_31
PLC/取料6R轴_Axis_Pos,取料6R轴_Axis_Pos_32,30464,取料6R轴_Axis_Pos_32,Material retrieval 6R axis_Axis_Pos_32,L?y 6R_tr?c_??a ?i?m_32
PLC/取料6R轴_Axis_Pos,取料6R轴_Axis_Pos_33,30466,取料6R轴_Axis_Pos_33,Material retrieval 6R axis_Axis_Pos_33,L?y 6R_tr?c_??a ?i?m_33
PLC/取料6R轴_Axis_Pos,取料6R轴_Axis_Pos_34,30468,取料6R轴_Axis_Pos_34,Material retrieval 6R axis_Axis_Pos_34,L?y 6R_tr?c_??a ?i?m_34
PLC/取料6R轴_Axis_Pos,取料6R轴_Axis_Pos_35,30470,取料6R轴_Axis_Pos_35,Material retrieval 6R axis_Axis_Pos_35,L?y 6R_tr?c_??a ?i?m_35
PLC/取料6R轴_Axis_Pos,取料6R轴_Axis_Pos_36,30472,取料6R轴_Axis_Pos_36,Material retrieval 6R axis_Axis_Pos_36,L?y 6R_tr?c_??a ?i?m_36
PLC/取料6R轴_Axis_Pos,取料6R轴_Axis_Pos_37,30474,取料6R轴_Axis_Pos_37,Material retrieval 6R axis_Axis_Pos_37,L?y 6R_tr?c_??a ?i?m_37
PLC/取料6R轴_Axis_Pos,取料6R轴_Axis_Pos_38,30476,取料6R轴_Axis_Pos_38,Material retrieval 6R axis_Axis_Pos_38,L?y 6R_tr?c_??a ?i?m_38
PLC/取料6R轴_Axis_Pos,取料6R轴_Axis_Pos_39,30478,取料6R轴_Axis_Pos_39,Material retrieval 6R axis_Axis_Pos_39,L?y 6R_tr?c_??a ?i?m_39
PLC/取料6R轴_Axis_Pos,取料6R轴_Axis_Pos_40,30480,取料6R轴_Axis_Pos_40,Material retrieval 6R axis_Axis_Pos_40,L?y 6R_tr?c_??a ?i?m_40
PLC/取料6R轴_Axis_Pos,取料6R轴_Axis_Pos_41,30482,取料6R轴_Axis_Pos_41,Material retrieval 6R axis_Axis_Pos_41,L?y 6R_tr?c_??a ?i?m_41
PLC/取料6R轴_Axis_Pos,取料6R轴_Axis_Pos_42,30484,取料6R轴_Axis_Pos_42,Material retrieval 6R axis_Axis_Pos_42,L?y 6R_tr?c_??a ?i?m_42
PLC/取料6R轴_Axis_Pos,取料6R轴_Axis_Pos_43,30486,取料6R轴_Axis_Pos_43,Material retrieval 6R axis_Axis_Pos_43,L?y 6R_tr?c_??a ?i?m_43
PLC/取料6R轴_Axis_Pos,取料6R轴_Axis_Pos_44,30488,取料6R轴_Axis_Pos_44,Material retrieval 6R axis_Axis_Pos_44,L?y 6R_tr?c_??a ?i?m_44
PLC/取料6R轴_Axis_Pos,取料6R轴_Axis_Pos_45,30490,取料6R轴_Axis_Pos_45,Material retrieval 6R axis_Axis_Pos_45,L?y 6R_tr?c_??a ?i?m_45
PLC/取料6R轴_Axis_Pos,取料6R轴_Axis_Pos_46,30492,取料6R轴_Axis_Pos_46,Material retrieval 6R axis_Axis_Pos_46,L?y 6R_tr?c_??a ?i?m_46
PLC/取料6R轴_Axis_Pos,取料6R轴_Axis_Pos_47,30494,取料6R轴_Axis_Pos_47,Material retrieval 6R axis_Axis_Pos_47,L?y 6R_tr?c_??a ?i?m_47
PLC/取料6R轴_Axis_Pos,取料6R轴_Axis_Pos_48,30496,取料6R轴_Axis_Pos_48,Material retrieval 6R axis_Axis_Pos_48,L?y 6R_tr?c_??a ?i?m_48
PLC/取料6R轴_Axis_Pos,取料6R轴_Axis_Pos_49,30498,取料6R轴_Axis_Pos_49,Material retrieval 6R axis_Axis_Pos_49,L?y 6R_tr?c_??a ?i?m_49
PLC/取料6R轴_Axis_Pos,取料6R轴_Axis_Pos_50,30500,取料6R轴_Axis_Pos_50,Material retrieval 6R axis_Axis_Pos_50,L?y 6R_tr?c_??a ?i?m_50
PLC/取料6R轴_Axis_Pos,取料6R轴_Axis_Pos_51,30502,取料6R轴_Axis_Pos_51,Material retrieval 6R axis_Axis_Pos_51,L?y 6R_tr?c_??a ?i?m_51
PLC/取料6R轴_Axis_Pos,取料6R轴_Axis_Pos_52,30504,取料6R轴_Axis_Pos_52,Material retrieval 6R axis_Axis_Pos_52,L?y 6R_tr?c_??a ?i?m_52
PLC/取料6R轴_Axis_Pos,取料6R轴_Axis_Pos_53,30506,取料6R轴_Axis_Pos_53,Material retrieval 6R axis_Axis_Pos_53,L?y 6R_tr?c_??a ?i?m_53
PLC/取料6R轴_Axis_Pos,取料6R轴_Axis_Pos_54,30508,取料6R轴_Axis_Pos_54,Material retrieval 6R axis_Axis_Pos_54,L?y 6R_tr?c_??a ?i?m_54
PLC/取料6R轴_Axis_Pos,取料6R轴_Axis_Pos_55,30510,取料6R轴_Axis_Pos_55,Material retrieval 6R axis_Axis_Pos_55,L?y 6R_tr?c_??a ?i?m_55

PLC/取料6R轴_Axis_Vel,取料6R轴_Axis_Vel_0,30600,取料6R轴_Axis_Vel_0,Material taking 6R axis_Axis_Vel_0,L?y 6R_tr?c_t?c ??_0
PLC/取料6R轴_Axis_Vel,取料6R轴_Axis_Vel_1,30602,取料6R轴_Axis_Vel_1,Material taking 6R axis_Axis_Vel_1,L?y 6R_tr?c_t?c ??_1
PLC/取料6R轴_Axis_Vel,取料6R轴_Axis_Vel_2,30604,取料6R轴_Axis_Vel_2,Material taking 6R axis_Axis_Vel_2,L?y 6R_tr?c_t?c ??_2
PLC/取料6R轴_Axis_Vel,取料6R轴_Axis_Vel_3,30606,取料6R轴_Axis_Vel_3,Material taking 6R axis_Axis_Vel_3,L?y 6R_tr?c_t?c ??_3
PLC/取料6R轴_Axis_Vel,取料6R轴_Axis_Vel_4,30608,取料6R轴_Axis_Vel_4,Material taking 6R axis_Axis_Vel_4,L?y 6R_tr?c_t?c ??_4
PLC/取料6R轴_Axis_Vel,取料6R轴_Axis_Vel_5,30610,取料6R轴_Axis_Vel_5,Material taking 6R axis_Axis_Vel_5,L?y 6R_tr?c_t?c ??_5
PLC/取料6R轴_Axis_Vel,取料6R轴_Axis_Vel_6,30612,取料6R轴_Axis_Vel_6,Material taking 6R axis_Axis_Vel-6,L?y 6R_tr?c_t?c ??_6
PLC/取料6R轴_Axis_Vel,取料6R轴_Axis_Vel_7,30614,取料6R轴_Axis_Vel_7,Material taking 6R axis_Axis_Vel_7,L?y 6R_tr?c_t?c ??_7
PLC/取料6R轴_Axis_Vel,取料6R轴_Axis_Vel_8,30616,取料6R轴_Axis_Vel_8,Material taking 6R axis_Axis_Vel_8,L?y 6R_tr?c_t?c ??_8
PLC/取料6R轴_Axis_Vel,取料6R轴_Axis_Vel_9,30618,取料6R轴_Axis_Vel_9,Material taking 6R axis_Axis_Vel_9,L?y 6R_tr?c_t?c ??_9
PLC/取料6R轴_Axis_Vel,取料6R轴_Axis_Vel_10,30620,取料6R轴_Axis_Vel_10,Material taking 6R axis_Axis_Vel_10,L?y 6R_tr?c_t?c ??_10
PLC/取料6R轴_Axis_Vel,取料6R轴_Axis_Vel_11,30622,取料6R轴_Axis_Vel_11,Material taking 6R axis_Axis_Vel_11,L?y 6R_tr?c_t?c ??_11
PLC/取料6R轴_Axis_Vel,取料6R轴_Axis_Vel_12,30624,取料6R轴_Axis_Vel_12,Material taking 6R axis_Axis_Vel_12,L?y 6R_tr?c_t?c ??_12
PLC/取料6R轴_Axis_Vel,取料6R轴_Axis_Vel_13,30626,取料6R轴_Axis_Vel_13,Material taking 6R axis_Axis_Vel_13,L?y 6R_tr?c_t?c ??_13
PLC/取料6R轴_Axis_Vel,取料6R轴_Axis_Vel_14,30628,取料6R轴_Axis_Vel_14,Material taking 6R axis_Axis_Vel_14,L?y 6R_tr?c_t?c ??_14
PLC/取料6R轴_Axis_Vel,取料6R轴_Axis_Vel_15,30630,取料6R轴_Axis_Vel_15,Material taking 6R axis_Axis_Vel_15,L?y 6R_tr?c_t?c ??_15
PLC/取料6R轴_Axis_Vel,取料6R轴_Axis_Vel_16,30632,取料6R轴_Axis_Vel_16,Material taking 6R axis_Axis_Vel_16,L?y 6R_tr?c_t?c ??_16
PLC/取料6R轴_Axis_Vel,取料6R轴_Axis_Vel_17,30634,取料6R轴_Axis_Vel_17,Material taking 6R axis_Axis_Vel_17,L?y 6R_tr?c_t?c ??_17
PLC/取料6R轴_Axis_Vel,取料6R轴_Axis_Vel_18,30636,取料6R轴_Axis_Vel_18,Material taking 6R axis_Axis_Vel_18,L?y 6R_tr?c_t?c ??_18
PLC/取料6R轴_Axis_Vel,取料6R轴_Axis_Vel_19,30638,取料6R轴_Axis_Vel_19,Material taking 6R axis_Axis_Vel_19,L?y 6R_tr?c_t?c ??_19
PLC/取料6R轴_Axis_Vel,取料6R轴_Axis_Vel_20,30640,取料6R轴_Axis_Vel_20,Material taking 6R axis_Axis_Vel_20,L?y 6R_tr?c_t?c ??_20
PLC/取料6R轴_Axis_Vel,取料6R轴_Axis_Vel_21,30642,取料6R轴_Axis_Vel_21,Material taking 6R axis_Axis_Vel_21,L?y 6R_tr?c_t?c ??_21
PLC/取料6R轴_Axis_Vel,取料6R轴_Axis_Vel_22,30644,取料6R轴_Axis_Vel_22,Material taking 6R axis_Axis_Vel_22,L?y 6R_tr?c_t?c ??_22
PLC/取料6R轴_Axis_Vel,取料6R轴_Axis_Vel_23,30646,取料6R轴_Axis_Vel_23,Material taking 6R axis_Axis_Vel_23,L?y 6R_tr?c_t?c ??_23
PLC/取料6R轴_Axis_Vel,取料6R轴_Axis_Vel_24,30648,取料6R轴_Axis_Vel_24,Material taking 6R axis_Axis_Vel_24,L?y 6R_tr?c_t?c ??_24
PLC/取料6R轴_Axis_Vel,取料6R轴_Axis_Vel_25,30650,取料6R轴_Axis_Vel_25,Material taking 6R axis_Axis_Vel_25,L?y 6R_tr?c_t?c ??_25
PLC/取料6R轴_Axis_Vel,取料6R轴_Axis_Vel_26,30652,取料6R轴_Axis_Vel_26,Material taking 6R axis_Axis_Vel_26,L?y 6R_tr?c_t?c ??_26
PLC/取料6R轴_Axis_Vel,取料6R轴_Axis_Vel_27,30654,取料6R轴_Axis_Vel_27,Material taking 6R axis_Axis_Vel_27,L?y 6R_tr?c_t?c ??_27
PLC/取料6R轴_Axis_Vel,取料6R轴_Axis_Vel_28,30656,取料6R轴_Axis_Vel_28,Material taking 6R axis_Axis_Vel_28,L?y 6R_tr?c_t?c ??_28
PLC/取料6R轴_Axis_Vel,取料6R轴_Axis_Vel_29,30658,取料6R轴_Axis_Vel_29,Material taking 6R axis_Axis_Vel_29,L?y 6R_tr?c_t?c ??_29
PLC/取料6R轴_Axis_Vel,取料6R轴_Axis_Vel_30,30660,取料6R轴_Axis_Vel_30,Material taking 6R axis_Axis_Vel_30,L?y 6R_tr?c_t?c ??_30
PLC/取料6R轴_Axis_Vel,取料6R轴_Axis_Vel_31,30662,取料6R轴_Axis_Vel_31,Material taking 6R axis_Axis_Vel_31,L?y 6R_tr?c_t?c ??_31
PLC/取料6R轴_Axis_Vel,取料6R轴_Axis_Vel_32,30664,取料6R轴_Axis_Vel_32,Material taking 6R axis_Axis_Vel_32,L?y 6R_tr?c_t?c ??_32
PLC/取料6R轴_Axis_Vel,取料6R轴_Axis_Vel_33,30666,取料6R轴_Axis_Vel_33,Material taking 6R axis_Axis_Vel_33,L?y 6R_tr?c_t?c ??_33
PLC/取料6R轴_Axis_Vel,取料6R轴_Axis_Vel_34,30668,取料6R轴_Axis_Vel_34,Material taking 6R axis_Axis_Vel_34,L?y 6R_tr?c_t?c ??_34
PLC/取料6R轴_Axis_Vel,取料6R轴_Axis_Vel_35,30670,取料6R轴_Axis_Vel_35,Material taking 6R axis_Axis_Vel_35,L?y 6R_tr?c_t?c ??_35
PLC/取料6R轴_Axis_Vel,取料6R轴_Axis_Vel_36,30672,取料6R轴_Axis_Vel_36,Material taking 6R axis_Axis_Vel_36,L?y 6R_tr?c_t?c ??_36
PLC/取料6R轴_Axis_Vel,取料6R轴_Axis_Vel_37,30674,取料6R轴_Axis_Vel_37,Material taking 6R axis_Axis_Vel_37,L?y 6R_tr?c_t?c ??_37
PLC/取料6R轴_Axis_Vel,取料6R轴_Axis_Vel_38,30676,取料6R轴_Axis_Vel_38,Material taking 6R axis_Axis_Vel_38,L?y 6R_tr?c_t?c ??_38
PLC/取料6R轴_Axis_Vel,取料6R轴_Axis_Vel_39,30678,取料6R轴_Axis_Vel_39,Material taking 6R axis_Axis_Vel_39,L?y 6R_tr?c_t?c ??_39
PLC/取料6R轴_Axis_Vel,取料6R轴_Axis_Vel_40,30680,取料6R轴_Axis_Vel_40,Material taking 6R axis_Axis_Vel_40,L?y 6R_tr?c_t?c ??_40
PLC/取料6R轴_Axis_Vel,取料6R轴_Axis_Vel_41,30682,取料6R轴_Axis_Vel_41,Material taking 6R axis_Axis_Vel_41,L?y 6R_tr?c_t?c ??_41
PLC/取料6R轴_Axis_Vel,取料6R轴_Axis_Vel_42,30684,取料6R轴_Axis_Vel_42,Material taking 6R axis_Axis_Vel_42,L?y 6R_tr?c_t?c ??_42
PLC/取料6R轴_Axis_Vel,取料6R轴_Axis_Vel_43,30686,取料6R轴_Axis_Vel_43,Material taking 6R axis_Axis_Vel_43,L?y 6R_tr?c_t?c ??_43
PLC/取料6R轴_Axis_Vel,取料6R轴_Axis_Vel_44,30688,取料6R轴_Axis_Vel_44,Material taking 6R axis_Axis_Vel_44,L?y 6R_tr?c_t?c ??_44
PLC/取料6R轴_Axis_Vel,取料6R轴_Axis_Vel_45,30690,取料6R轴_Axis_Vel_45,Material taking 6R axis_Axis_Vel_45,L?y 6R_tr?c_t?c ??_45
PLC/取料6R轴_Axis_Vel,取料6R轴_Axis_Vel_46,30692,取料6R轴_Axis_Vel_46,Material taking 6R axis_Axis_Vel_46,L?y 6R_tr?c_t?c ??_46
PLC/取料6R轴_Axis_Vel,取料6R轴_Axis_Vel_47,30694,取料6R轴_Axis_Vel_47,Material taking 6R axis_Axis_Vel_47,L?y 6R_tr?c_t?c ??_47
PLC/取料6R轴_Axis_Vel,取料6R轴_Axis_Vel_48,30696,取料6R轴_Axis_Vel_48,Material taking 6R axis_Axis_Vel_48,L?y 6R_tr?c_t?c ??_48
PLC/取料6R轴_Axis_Vel,取料6R轴_Axis_Vel_49,30698,取料6R轴_Axis_Vel_49,Material taking 6R axis_Axis_Vel_49,L?y 6R_tr?c_t?c ??_49
PLC/取料6R轴_Axis_Vel,取料6R轴_Axis_Vel_50,30700,取料6R轴_Axis_Vel_50,Material taking 6R axis_Axis_Vel_50,L?y 6R_tr?c_t?c ??_50
PLC/取料6R轴_Axis_Vel,取料6R轴_Axis_Vel_51,30702,取料6R轴_Axis_Vel_51,Material taking 6R axis_Axis_Vel_51,L?y 6R_tr?c_t?c ??_51
PLC/取料6R轴_Axis_Vel,取料6R轴_Axis_Vel_52,30704,取料6R轴_Axis_Vel_52,Material taking 6R axis_Axis_Vel_52,L?y 6R_tr?c_t?c ??_52
PLC/取料6R轴_Axis_Vel,取料6R轴_Axis_Vel_53,30706,取料6R轴_Axis_Vel_53,Material taking 6R axis_Axis_Vel_53,L?y 6R_tr?c_t?c ??_53
PLC/取料6R轴_Axis_Vel,取料6R轴_Axis_Vel_54,30708,取料6R轴_Axis_Vel_54,Material taking 6R axis_Axis_Vel_54,L?y 6R_tr?c_t?c ??_54
PLC/取料6R轴_Axis_Vel,取料6R轴_Axis_Vel_55,30710,取料6R轴_Axis_Vel_55,Material taking 6R axis_Axis_Vel_55,L?y 6R_tr?c_t?c ??_55

PLC/取料7Z轴_Axis_Pos,取料7Z轴_Axis_Pos_0,30800,取料7Z轴_Axis_Pos_0,Material taking 7Z-axis_Axis_Pos-0,L?y 7Z_tr?c_??a ?i?m_0
PLC/取料7Z轴_Axis_Pos,取料7Z轴_Axis_Pos_1,30802,取料7Z轴_Axis_Pos_1,Material taking 7Z-axis_Axis_Pos_1,L?y 7Z_tr?c_??a ?i?m_1
PLC/取料7Z轴_Axis_Pos,取料7Z轴_Axis_Pos_2,30804,取料7Z轴_Axis_Pos_2,Material taking 7Z-axis_Axis_Pos_2,L?y 7Z_tr?c_??a ?i?m_2
PLC/取料7Z轴_Axis_Pos,取料7Z轴_Axis_Pos_3,30806,取料7Z轴_Axis_Pos_3,Material taking 7Z-axis_Axis_Pos_3,L?y 7Z_tr?c_??a ?i?m_3
PLC/取料7Z轴_Axis_Pos,取料7Z轴_Axis_Pos_4,30808,取料7Z轴_Axis_Pos_4,Material taking 7Z-axis_Axis_Pos_2,L?y 7Z_tr?c_??a ?i?m_4
PLC/取料7Z轴_Axis_Pos,取料7Z轴_Axis_Pos_5,30810,取料7Z轴_Axis_Pos_5,Material taking 7Z-axis_Axis_Pos_5,L?y 7Z_tr?c_??a ?i?m_5
PLC/取料7Z轴_Axis_Pos,取料7Z轴_Axis_Pos_6,30812,取料7Z轴_Axis_Pos_6,Material taking 7Z-axis_Axis_Pos-6,L?y 7Z_tr?c_??a ?i?m_6
PLC/取料7Z轴_Axis_Pos,取料7Z轴_Axis_Pos_7,30814,取料7Z轴_Axis_Pos_7,Material taking 7Z-axis_Axis_Pos_7,L?y 7Z_tr?c_??a ?i?m_7
PLC/取料7Z轴_Axis_Pos,取料7Z轴_Axis_Pos_8,30816,取料7Z轴_Axis_Pos_8,Material taking 7Z-axis_Axis_Pos_8,L?y 7Z_tr?c_??a ?i?m_8
PLC/取料7Z轴_Axis_Pos,取料7Z轴_Axis_Pos_9,30818,取料7Z轴_Axis_Pos_9,Material taking 7Z-axis_Axis_Pos_9,L?y 7Z_tr?c_??a ?i?m_9
PLC/取料7Z轴_Axis_Pos,取料7Z轴_Axis_Pos_10,30820,取料7Z轴_Axis_Pos_10,Material taking 7Z-axis_Axis_Pos_10,L?y 7Z_tr?c_??a ?i?m_10
PLC/取料7Z轴_Axis_Pos,取料7Z轴_Axis_Pos_11,30822,取料7Z轴_Axis_Pos_11,Material taking 7Z-axis_Axis_Pos_11,L?y 7Z_tr?c_??a ?i?m_11
PLC/取料7Z轴_Axis_Pos,取料7Z轴_Axis_Pos_12,30824,取料7Z轴_Axis_Pos_12,Material taking 7Z-axis_Axis_Pos_12,L?y 7Z_tr?c_??a ?i?m_12
PLC/取料7Z轴_Axis_Pos,取料7Z轴_Axis_Pos_13,30826,取料7Z轴_Axis_Pos_13,Material taking 7Z-axis_Axis_Pos_13,L?y 7Z_tr?c_??a ?i?m_13
PLC/取料7Z轴_Axis_Pos,取料7Z轴_Axis_Pos_14,30828,取料7Z轴_Axis_Pos_14,Material taking 7Z-axis_Axis_Pos_14,L?y 7Z_tr?c_??a ?i?m_14
PLC/取料7Z轴_Axis_Pos,取料7Z轴_Axis_Pos_15,30830,取料7Z轴_Axis_Pos_15,Material taking 7Z-axis_Axis_Pos_15,L?y 7Z_tr?c_??a ?i?m_15
PLC/取料7Z轴_Axis_Pos,取料7Z轴_Axis_Pos_16,30832,取料7Z轴_Axis_Pos_16,Material taking 7Z-axis_Axis_Pos_16,L?y 7Z_tr?c_??a ?i?m_16
PLC/取料7Z轴_Axis_Pos,取料7Z轴_Axis_Pos_17,30834,取料7Z轴_Axis_Pos_17,Material taking 7Z-axis_Axis_Pos_17,L?y 7Z_tr?c_??a ?i?m_17
PLC/取料7Z轴_Axis_Pos,取料7Z轴_Axis_Pos_18,30836,取料7Z轴_Axis_Pos_18,Material taking 7Z-axis_Axis_Pos_18,L?y 7Z_tr?c_??a ?i?m_18
PLC/取料7Z轴_Axis_Pos,取料7Z轴_Axis_Pos_19,30838,取料7Z轴_Axis_Pos_19,Material taking 7Z-axis_Axis_Pos_19,L?y 7Z_tr?c_??a ?i?m_19
PLC/取料7Z轴_Axis_Pos,取料7Z轴_Axis_Pos_20,30840,取料7Z轴_Axis_Pos_20,Material taking 7Z-axis_Axis_Pos_20,L?y 7Z_tr?c_??a ?i?m_20
PLC/取料7Z轴_Axis_Pos,取料7Z轴_Axis_Pos_21,30842,取料7Z轴_Axis_Pos_21,Material taking 7Z-axis_Axis_Pos_21,L?y 7Z_tr?c_??a ?i?m_21
PLC/取料7Z轴_Axis_Pos,取料7Z轴_Axis_Pos_22,30844,取料7Z轴_Axis_Pos_22,Material taking 7Z-axis_Axis_Pos_22,L?y 7Z_tr?c_??a ?i?m_22
PLC/取料7Z轴_Axis_Pos,取料7Z轴_Axis_Pos_23,30846,取料7Z轴_Axis_Pos_23,Material taking 7Z-axis_Axis_Pos_23,L?y 7Z_tr?c_??a ?i?m_23
PLC/取料7Z轴_Axis_Pos,取料7Z轴_Axis_Pos_24,30848,取料7Z轴_Axis_Pos_24,Material taking 7Z-axis_Axis_Pos_24,L?y 7Z_tr?c_??a ?i?m_24
PLC/取料7Z轴_Axis_Pos,取料7Z轴_Axis_Pos_25,30850,取料7Z轴_Axis_Pos_25,Material taking 7Z-axis_Axis_Pos_25,L?y 7Z_tr?c_??a ?i?m_25
PLC/取料7Z轴_Axis_Pos,取料7Z轴_Axis_Pos_26,30852,取料7Z轴_Axis_Pos_26,Material taking 7Z-axis_Axis_Pos_26,L?y 7Z_tr?c_??a ?i?m_26
PLC/取料7Z轴_Axis_Pos,取料7Z轴_Axis_Pos_27,30854,取料7Z轴_Axis_Pos_27,Material taking 7Z-axis_Axis_Pos_27,L?y 7Z_tr?c_??a ?i?m_27
PLC/取料7Z轴_Axis_Pos,取料7Z轴_Axis_Pos_28,30856,取料7Z轴_Axis_Pos_28,Material taking 7Z-axis_Axis_Pos_28,L?y 7Z_tr?c_??a ?i?m_28
PLC/取料7Z轴_Axis_Pos,取料7Z轴_Axis_Pos_29,30858,取料7Z轴_Axis_Pos_29,Material taking 7Z-axis_Axis_Pos_29,L?y 7Z_tr?c_??a ?i?m_29
PLC/取料7Z轴_Axis_Pos,取料7Z轴_Axis_Pos_30,30860,取料7Z轴_Axis_Pos_30,Material taking 7Z-axis_Axis_Pos_30,L?y 7Z_tr?c_??a ?i?m_30
PLC/取料7Z轴_Axis_Pos,取料7Z轴_Axis_Pos_31,30862,取料7Z轴_Axis_Pos_31,Material taking 7Z-axis_Axis_Pos_31,L?y 7Z_tr?c_??a ?i?m_31
PLC/取料7Z轴_Axis_Pos,取料7Z轴_Axis_Pos_32,30864,取料7Z轴_Axis_Pos_32,Material taking 7Z-axis_Axis_Pos_32,L?y 7Z_tr?c_??a ?i?m_32
PLC/取料7Z轴_Axis_Pos,取料7Z轴_Axis_Pos_33,30866,取料7Z轴_Axis_Pos_33,Material taking 7Z-axis_Axis_Pos_33,L?y 7Z_tr?c_??a ?i?m_33
PLC/取料7Z轴_Axis_Pos,取料7Z轴_Axis_Pos_34,30868,取料7Z轴_Axis_Pos_34,Material taking 7Z-axis_Axis_Pos_34,L?y 7Z_tr?c_??a ?i?m_34
PLC/取料7Z轴_Axis_Pos,取料7Z轴_Axis_Pos_35,30870,取料7Z轴_Axis_Pos_35,Material taking 7Z-axis_Axis_Pos_35,L?y 7Z_tr?c_??a ?i?m_35
PLC/取料7Z轴_Axis_Pos,取料7Z轴_Axis_Pos_36,30872,取料7Z轴_Axis_Pos_36,Material taking 7Z-axis_Axis_Pos_36,L?y 7Z_tr?c_??a ?i?m_36
PLC/取料7Z轴_Axis_Pos,取料7Z轴_Axis_Pos_37,30874,取料7Z轴_Axis_Pos_37,Material taking 7Z-axis_Axis_Pos_37,L?y 7Z_tr?c_??a ?i?m_37
PLC/取料7Z轴_Axis_Pos,取料7Z轴_Axis_Pos_38,30876,取料7Z轴_Axis_Pos_38,Material taking 7Z-axis_Axis_Pos_38,L?y 7Z_tr?c_??a ?i?m_38
PLC/取料7Z轴_Axis_Pos,取料7Z轴_Axis_Pos_39,30878,取料7Z轴_Axis_Pos_39,Material taking 7Z-axis_Axis_Pos_39,L?y 7Z_tr?c_??a ?i?m_39
PLC/取料7Z轴_Axis_Pos,取料7Z轴_Axis_Pos_40,30880,取料7Z轴_Axis_Pos_40,Material taking 7Z-axis_Axis_Pos_40,L?y 7Z_tr?c_??a ?i?m_40
PLC/取料7Z轴_Axis_Pos,取料7Z轴_Axis_Pos_41,30882,取料7Z轴_Axis_Pos_41,Material taking 7Z-axis_Axis_Pos_41,L?y 7Z_tr?c_??a ?i?m_41
PLC/取料7Z轴_Axis_Pos,取料7Z轴_Axis_Pos_42,30884,取料7Z轴_Axis_Pos_42,Material taking 7Z-axis_Axis_Pos_42,L?y 7Z_tr?c_??a ?i?m_42
PLC/取料7Z轴_Axis_Pos,取料7Z轴_Axis_Pos_43,30886,取料7Z轴_Axis_Pos_43,Material taking 7Z-axis_Axis_Pos_43,L?y 7Z_tr?c_??a ?i?m_43
PLC/取料7Z轴_Axis_Pos,取料7Z轴_Axis_Pos_44,30888,取料7Z轴_Axis_Pos_44,Material taking 7Z-axis_Axis_Pos_44,L?y 7Z_tr?c_??a ?i?m_44
PLC/取料7Z轴_Axis_Pos,取料7Z轴_Axis_Pos_45,30890,取料7Z轴_Axis_Pos_45,Material taking 7Z-axis_Axis_Pos_45,L?y 7Z_tr?c_??a ?i?m_45
PLC/取料7Z轴_Axis_Pos,取料7Z轴_Axis_Pos_46,30892,取料7Z轴_Axis_Pos_46,Material taking 7Z-axis_Axis_Pos_46,L?y 7Z_tr?c_??a ?i?m_46
PLC/取料7Z轴_Axis_Pos,取料7Z轴_Axis_Pos_47,30894,取料7Z轴_Axis_Pos_47,Material taking 7Z-axis_Axis_Pos_47,L?y 7Z_tr?c_??a ?i?m_47
PLC/取料7Z轴_Axis_Pos,取料7Z轴_Axis_Pos_48,30896,取料7Z轴_Axis_Pos_48,Material taking 7Z-axis_Axis_Pos_48,L?y 7Z_tr?c_??a ?i?m_48
PLC/取料7Z轴_Axis_Pos,取料7Z轴_Axis_Pos_49,30898,取料7Z轴_Axis_Pos_49,Material taking 7Z-axis_Axis_Pos_49,L?y 7Z_tr?c_??a ?i?m_49
PLC/取料7Z轴_Axis_Pos,取料7Z轴_Axis_Pos_50,30900,取料7Z轴_Axis_Pos_50,Material taking 7Z-axis_Axis_Pos_50,L?y 7Z_tr?c_??a ?i?m_50
PLC/取料7Z轴_Axis_Pos,取料7Z轴_Axis_Pos_51,30902,取料7Z轴_Axis_Pos_51,Material taking 7Z-axis_Axis_Pos_51,L?y 7Z_tr?c_??a ?i?m_51
PLC/取料7Z轴_Axis_Pos,取料7Z轴_Axis_Pos_52,30904,取料7Z轴_Axis_Pos_52,Material taking 7Z-axis_Axis_Pos_52,L?y 7Z_tr?c_??a ?i?m_52
PLC/取料7Z轴_Axis_Pos,取料7Z轴_Axis_Pos_53,30906,取料7Z轴_Axis_Pos_53,Material taking 7Z-axis_Axis_Pos_53,L?y 7Z_tr?c_??a ?i?m_53
PLC/取料7Z轴_Axis_Pos,取料7Z轴_Axis_Pos_54,30908,取料7Z轴_Axis_Pos_54,Material taking 7Z-axis_Axis_Pos_54,L?y 7Z_tr?c_??a ?i?m_54
PLC/取料7Z轴_Axis_Pos,取料7Z轴_Axis_Pos_55,30910,取料7Z轴_Axis_Pos_55,Material taking 7Z-axis_Axis_Pos_55,L?y 7Z_tr?c_??a ?i?m_55

PLC/取料7Z轴_Axis_Vel,取料7Z轴_Axis_Vel_0,31000,取料7Z轴_Axis_Vel_0,Material taking 7Z-axis_Axis_Vel_0,L?y 7Z_tr?c_t?c ??_0
PLC/取料7Z轴_Axis_Vel,取料7Z轴_Axis_Vel_1,31002,取料7Z轴_Axis_Vel_1,Material taking 7Z-axis_Axis_Vel_1,L?y 7Z_tr?c_t?c ??_1
PLC/取料7Z轴_Axis_Vel,取料7Z轴_Axis_Vel_2,31004,取料7Z轴_Axis_Vel_2,Material taking 7Z-axis_Axis_Vel_2,L?y 7Z_tr?c_t?c ??_2
PLC/取料7Z轴_Axis_Vel,取料7Z轴_Axis_Vel_3,31006,取料7Z轴_Axis_Vel_3,Material taking 7Z-axis_Axis_Vel_3,L?y 7Z_tr?c_t?c ??_3
PLC/取料7Z轴_Axis_Vel,取料7Z轴_Axis_Vel_4,31008,取料7Z轴_Axis_Vel_4,Material taking 7Z-axis_Axis_Vel_4,L?y 7Z_tr?c_t?c ??_4
PLC/取料7Z轴_Axis_Vel,取料7Z轴_Axis_Vel_5,31010,取料7Z轴_Axis_Vel_5,Material taking 7Z-axis_Axis_Vel_5,L?y 7Z_tr?c_t?c ??_5
PLC/取料7Z轴_Axis_Vel,取料7Z轴_Axis_Vel_6,31012,取料7Z轴_Axis_Vel_6,Material taking 7Z-axis_Axis_Vel-6,L?y 7Z_tr?c_t?c ??_6
PLC/取料7Z轴_Axis_Vel,取料7Z轴_Axis_Vel_7,31014,取料7Z轴_Axis_Vel_7,Material taking 7Z-axis_Axis_Vel_7,L?y 7Z_tr?c_t?c ??_7
PLC/取料7Z轴_Axis_Vel,取料7Z轴_Axis_Vel_8,31016,取料7Z轴_Axis_Vel_8,Material taking 7Z-axis_Axis_Vel_8,L?y 7Z_tr?c_t?c ??_8
PLC/取料7Z轴_Axis_Vel,取料7Z轴_Axis_Vel_9,31018,取料7Z轴_Axis_Vel_9,Material taking 7Z-axis_Axis_Vel_9,L?y 7Z_tr?c_t?c ??_9
PLC/取料7Z轴_Axis_Vel,取料7Z轴_Axis_Vel_10,31020,取料7Z轴_Axis_Vel_10,Material taking 7Z-axis_Axis_Vel_10,L?y 7Z_tr?c_t?c ??_10
PLC/取料7Z轴_Axis_Vel,取料7Z轴_Axis_Vel_11,31022,取料7Z轴_Axis_Vel_11,Material taking 7Z-axis_Axis_Vel_11,L?y 7Z_tr?c_t?c ??_11
PLC/取料7Z轴_Axis_Vel,取料7Z轴_Axis_Vel_12,31024,取料7Z轴_Axis_Vel_12,Material taking 7Z-axis_Axis_Vel_12,L?y 7Z_tr?c_t?c ??_12
PLC/取料7Z轴_Axis_Vel,取料7Z轴_Axis_Vel_13,31026,取料7Z轴_Axis_Vel_13,Material taking 7Z-axis_Axis_Vel_13,L?y 7Z_tr?c_t?c ??_13
PLC/取料7Z轴_Axis_Vel,取料7Z轴_Axis_Vel_14,31028,取料7Z轴_Axis_Vel_14,Material taking 7Z-axis_Axis_Vel_14,L?y 7Z_tr?c_t?c ??_14
PLC/取料7Z轴_Axis_Vel,取料7Z轴_Axis_Vel_15,31030,取料7Z轴_Axis_Vel_15,Material taking 7Z-axis_Axis_Vel_15,L?y 7Z_tr?c_t?c ??_15
PLC/取料7Z轴_Axis_Vel,取料7Z轴_Axis_Vel_16,31032,取料7Z轴_Axis_Vel_16,Material taking 7Z-axis_Axis_Vel_16,L?y 7Z_tr?c_t?c ??_16
PLC/取料7Z轴_Axis_Vel,取料7Z轴_Axis_Vel_17,31034,取料7Z轴_Axis_Vel_17,Material taking 7Z-axis_Axis_Vel_17,L?y 7Z_tr?c_t?c ??_17
PLC/取料7Z轴_Axis_Vel,取料7Z轴_Axis_Vel_18,31036,取料7Z轴_Axis_Vel_18,Material taking 7Z-axis_Axis_Vel_18,L?y 7Z_tr?c_t?c ??_18
PLC/取料7Z轴_Axis_Vel,取料7Z轴_Axis_Vel_19,31038,取料7Z轴_Axis_Vel_19,Material taking 7Z-axis_Axis_Vel_19,L?y 7Z_tr?c_t?c ??_19
PLC/取料7Z轴_Axis_Vel,取料7Z轴_Axis_Vel_20,31040,取料7Z轴_Axis_Vel_20,Material taking 7Z-axis_Axis_Vel_20,L?y 7Z_tr?c_t?c ??_20
PLC/取料7Z轴_Axis_Vel,取料7Z轴_Axis_Vel_21,31042,取料7Z轴_Axis_Vel_21,Material taking 7Z-axis_Axis_Vel_21,L?y 7Z_tr?c_t?c ??_21
PLC/取料7Z轴_Axis_Vel,取料7Z轴_Axis_Vel_22,31044,取料7Z轴_Axis_Vel_22,Material taking 7Z-axis_Axis_Vel_22,L?y 7Z_tr?c_t?c ??_22
PLC/取料7Z轴_Axis_Vel,取料7Z轴_Axis_Vel_23,31046,取料7Z轴_Axis_Vel_23,Material taking 7Z-axis_Axis_Vel_23,L?y 7Z_tr?c_t?c ??_23
PLC/取料7Z轴_Axis_Vel,取料7Z轴_Axis_Vel_24,31048,取料7Z轴_Axis_Vel_24,Material taking 7Z-axis_Axis_Vel_24,L?y 7Z_tr?c_t?c ??_24
PLC/取料7Z轴_Axis_Vel,取料7Z轴_Axis_Vel_25,31050,取料7Z轴_Axis_Vel_25,Material taking 7Z-axis_Axis_Vel_25,L?y 7Z_tr?c_t?c ??_25
PLC/取料7Z轴_Axis_Vel,取料7Z轴_Axis_Vel_26,31052,取料7Z轴_Axis_Vel_26,Material taking 7Z-axis_Axis_Vel_26,L?y 7Z_tr?c_t?c ??_26
PLC/取料7Z轴_Axis_Vel,取料7Z轴_Axis_Vel_27,31054,取料7Z轴_Axis_Vel_27,Material taking 7Z-axis_Axis_Vel_27,L?y 7Z_tr?c_t?c ??_27
PLC/取料7Z轴_Axis_Vel,取料7Z轴_Axis_Vel_28,31056,取料7Z轴_Axis_Vel_28,Material taking 7Z-axis_Axis_Vel_28,L?y 7Z_tr?c_t?c ??_28
PLC/取料7Z轴_Axis_Vel,取料7Z轴_Axis_Vel_29,31058,取料7Z轴_Axis_Vel_29,Material taking 7Z-axis_Axis_Vel_29,L?y 7Z_tr?c_t?c ??_29
PLC/取料7Z轴_Axis_Vel,取料7Z轴_Axis_Vel_30,31060,取料7Z轴_Axis_Vel_30,Material taking 7Z-axis_Axis_Vel_30,L?y 7Z_tr?c_t?c ??_30
PLC/取料7Z轴_Axis_Vel,取料7Z轴_Axis_Vel_31,31062,取料7Z轴_Axis_Vel_31,Material taking 7Z-axis_Axis_Vel_31,L?y 7Z_tr?c_t?c ??_31
PLC/取料7Z轴_Axis_Vel,取料7Z轴_Axis_Vel_32,31064,取料7Z轴_Axis_Vel_32,Material taking 7Z-axis_Axis_Vel_32,L?y 7Z_tr?c_t?c ??_32
PLC/取料7Z轴_Axis_Vel,取料7Z轴_Axis_Vel_33,31066,取料7Z轴_Axis_Vel_33,Material taking 7Z-axis_Axis_Vel_33,L?y 7Z_tr?c_t?c ??_33
PLC/取料7Z轴_Axis_Vel,取料7Z轴_Axis_Vel_34,31068,取料7Z轴_Axis_Vel_34,Material taking 7Z-axis_Axis_Vel_34,L?y 7Z_tr?c_t?c ??_34
PLC/取料7Z轴_Axis_Vel,取料7Z轴_Axis_Vel_35,31070,取料7Z轴_Axis_Vel_35,Material taking 7Z-axis_Axis_Vel_35,L?y 7Z_tr?c_t?c ??_35
PLC/取料7Z轴_Axis_Vel,取料7Z轴_Axis_Vel_36,31072,取料7Z轴_Axis_Vel_36,Material taking 7Z-axis_Axis_Vel_36,L?y 7Z_tr?c_t?c ??_36
PLC/取料7Z轴_Axis_Vel,取料7Z轴_Axis_Vel_37,31074,取料7Z轴_Axis_Vel_37,Material taking 7Z-axis_Axis_Vel_37,L?y 7Z_tr?c_t?c ??_37
PLC/取料7Z轴_Axis_Vel,取料7Z轴_Axis_Vel_38,31076,取料7Z轴_Axis_Vel_38,Material taking 7Z-axis_Axis_Vel_38,L?y 7Z_tr?c_t?c ??_38
PLC/取料7Z轴_Axis_Vel,取料7Z轴_Axis_Vel_39,31078,取料7Z轴_Axis_Vel_39,Material taking 7Z-axis_Axis_Vel_39,L?y 7Z_tr?c_t?c ??_39
PLC/取料7Z轴_Axis_Vel,取料7Z轴_Axis_Vel_40,31080,取料7Z轴_Axis_Vel_40,Material taking 7Z-axis_Axis_Vel_40,L?y 7Z_tr?c_t?c ??_40
PLC/取料7Z轴_Axis_Vel,取料7Z轴_Axis_Vel_41,31082,取料7Z轴_Axis_Vel_41,Material taking 7Z-axis_Axis_Vel_41,L?y 7Z_tr?c_t?c ??_41
PLC/取料7Z轴_Axis_Vel,取料7Z轴_Axis_Vel_42,31084,取料7Z轴_Axis_Vel_42,Material taking 7Z-axis_Axis_Vel_42,L?y 7Z_tr?c_t?c ??_42
PLC/取料7Z轴_Axis_Vel,取料7Z轴_Axis_Vel_43,31086,取料7Z轴_Axis_Vel_43,Material taking 7Z-axis_Axis_Vel_43,L?y 7Z_tr?c_t?c ??_43
PLC/取料7Z轴_Axis_Vel,取料7Z轴_Axis_Vel_44,31088,取料7Z轴_Axis_Vel_44,Material taking 7Z-axis_Axis_Vel_44,L?y 7Z_tr?c_t?c ??_44
PLC/取料7Z轴_Axis_Vel,取料7Z轴_Axis_Vel_45,31090,取料7Z轴_Axis_Vel_45,Material taking 7Z-axis_Axis_Vel_45,L?y 7Z_tr?c_t?c ??_45
PLC/取料7Z轴_Axis_Vel,取料7Z轴_Axis_Vel_46,31092,取料7Z轴_Axis_Vel_46,Material taking 7Z-axis_Axis_Vel_46,L?y 7Z_tr?c_t?c ??_46
PLC/取料7Z轴_Axis_Vel,取料7Z轴_Axis_Vel_47,31094,取料7Z轴_Axis_Vel_47,Material taking 7Z-axis_Axis_Vel_47,L?y 7Z_tr?c_t?c ??_47
PLC/取料7Z轴_Axis_Vel,取料7Z轴_Axis_Vel_48,31096,取料7Z轴_Axis_Vel_48,Material taking 7Z-axis_Axis_Vel_48,L?y 7Z_tr?c_t?c ??_48
PLC/取料7Z轴_Axis_Vel,取料7Z轴_Axis_Vel_49,31098,取料7Z轴_Axis_Vel_49,Material taking 7Z-axis_Axis_Vel_49,L?y 7Z_tr?c_t?c ??_49
PLC/取料7Z轴_Axis_Vel,取料7Z轴_Axis_Vel_50,31100,取料7Z轴_Axis_Vel_50,Material taking 7Z-axis_Axis_Vel_50,L?y 7Z_tr?c_t?c ??_50
PLC/取料7Z轴_Axis_Vel,取料7Z轴_Axis_Vel_51,31102,取料7Z轴_Axis_Vel_51,Material taking 7Z-axis_Axis_Vel_51,L?y 7Z_tr?c_t?c ??_51
PLC/取料7Z轴_Axis_Vel,取料7Z轴_Axis_Vel_52,31104,取料7Z轴_Axis_Vel_52,Material taking 7Z-axis_Axis_Vel_52,L?y 7Z_tr?c_t?c ??_52
PLC/取料7Z轴_Axis_Vel,取料7Z轴_Axis_Vel_53,31106,取料7Z轴_Axis_Vel_53,Material taking 7Z-axis_Axis_Vel_53,L?y 7Z_tr?c_t?c ??_53
PLC/取料7Z轴_Axis_Vel,取料7Z轴_Axis_Vel_54,31108,取料7Z轴_Axis_Vel_54,Material taking 7Z-axis_Axis_Vel_54,L?y 7Z_tr?c_t?c ??_54
PLC/取料7Z轴_Axis_Vel,取料7Z轴_Axis_Vel_55,31110,取料7Z轴_Axis_Vel_55,Material taking 7Z-axis_Axis_Vel_55,L?y 7Z_tr?c_t?c ??_55

PLC/取料7R轴_Axis_Pos,取料7R轴_Axis_Pos_0,31200,取料7R轴_Axis_Pos_0,Material taking 7R axis __Axis_Pos-0,L?y 7R_tr?c_??a ?i?m_0
PLC/取料7R轴_Axis_Pos,取料7R轴_Axis_Pos_1,31202,取料7R轴_Axis_Pos_1,Material retrieval 7R axis_Axis_Pos_1,L?y 7R_tr?c_??a ?i?m_1
PLC/取料7R轴_Axis_Pos,取料7R轴_Axis_Pos_2,31204,取料7R轴_Axis_Pos_2,Material retrieval 7R axis_Axis_Pos_2,L?y 7R_tr?c_??a ?i?m_2
PLC/取料7R轴_Axis_Pos,取料7R轴_Axis_Pos_3,31206,取料7R轴_Axis_Pos_3,Material taking 7R axis_Axis_Pos_3,L?y 7R_tr?c_??a ?i?m_3
PLC/取料7R轴_Axis_Pos,取料7R轴_Axis_Pos_4,31208,取料7R轴_Axis_Pos_4,Material retrieval 7R axis_Axis_Pos_2,L?y 7R_tr?c_??a ?i?m_4
PLC/取料7R轴_Axis_Pos,取料7R轴_Axis_Pos_5,31210,取料7R轴_Axis_Pos_5,Material retrieval 7R axis_Axis_Pos_5,L?y 7R_tr?c_??a ?i?m_5
PLC/取料7R轴_Axis_Pos,取料7R轴_Axis_Pos_6,31212,取料7R轴_Axis_Pos_6,Material retrieval 7R axis_Axis_Pos-6,L?y 7R_tr?c_??a ?i?m_6
PLC/取料7R轴_Axis_Pos,取料7R轴_Axis_Pos_7,31214,取料7R轴_Axis_Pos_7,Material retrieval 7R axis_Axis_Pos_7,L?y 7R_tr?c_??a ?i?m_7
PLC/取料7R轴_Axis_Pos,取料7R轴_Axis_Pos_8,31216,取料7R轴_Axis_Pos_8,Material retrieval 7R axis_Axis_Pos_8,L?y 7R_tr?c_??a ?i?m_8
PLC/取料7R轴_Axis_Pos,取料7R轴_Axis_Pos_9,31218,取料7R轴_Axis_Pos_9,Material retrieval 7R axis_Axis_Pos_9,L?y 7R_tr?c_??a ?i?m_9
PLC/取料7R轴_Axis_Pos,取料7R轴_Axis_Pos_10,31220,取料7R轴_Axis_Pos_10,Material taking 7R axis __Axis_Pos_10,L?y 7R_tr?c_??a ?i?m_10
PLC/取料7R轴_Axis_Pos,取料7R轴_Axis_Pos_11,31222,取料7R轴_Axis_Pos_11,Material retrieval 7R axis_Axis_Pos_11,L?y 7R_tr?c_??a ?i?m_11
PLC/取料7R轴_Axis_Pos,取料7R轴_Axis_Pos_12,31224,取料7R轴_Axis_Pos_12,Material retrieval 7R axis_Axis_Pos_12,L?y 7R_tr?c_??a ?i?m_12
PLC/取料7R轴_Axis_Pos,取料7R轴_Axis_Pos_13,31226,取料7R轴_Axis_Pos_13,Material retrieval 7R axis_Axis_Pos_13,L?y 7R_tr?c_??a ?i?m_13
PLC/取料7R轴_Axis_Pos,取料7R轴_Axis_Pos_14,31228,取料7R轴_Axis_Pos_14,Material retrieval 7R axis_Axis_Pos_14,L?y 7R_tr?c_??a ?i?m_14
PLC/取料7R轴_Axis_Pos,取料7R轴_Axis_Pos_15,31230,取料7R轴_Axis_Pos_15,Material retrieval 7R axis_Axis_Pos_15,L?y 7R_tr?c_??a ?i?m_15
PLC/取料7R轴_Axis_Pos,取料7R轴_Axis_Pos_16,31232,取料7R轴_Axis_Pos_16,Material retrieval 7R axis_Axis_Pos_16,L?y 7R_tr?c_??a ?i?m_16
PLC/取料7R轴_Axis_Pos,取料7R轴_Axis_Pos_17,31234,取料7R轴_Axis_Pos_17,Material retrieval 7R axis_Axis_Pos_17,L?y 7R_tr?c_??a ?i?m_17
PLC/取料7R轴_Axis_Pos,取料7R轴_Axis_Pos_18,31236,取料7R轴_Axis_Pos_18,Material taking 7R axis __Axis_Pos_18,L?y 7R_tr?c_??a ?i?m_18
PLC/取料7R轴_Axis_Pos,取料7R轴_Axis_Pos_19,31238,取料7R轴_Axis_Pos_19,Material retrieval 7R axis_Axis_Pos_19,L?y 7R_tr?c_??a ?i?m_19
PLC/取料7R轴_Axis_Pos,取料7R轴_Axis_Pos_20,31240,取料7R轴_Axis_Pos_20,Material taking 7R axis __Axis_Pos_20,L?y 7R_tr?c_??a ?i?m_20
PLC/取料7R轴_Axis_Pos,取料7R轴_Axis_Pos_21,31242,取料7R轴_Axis_Pos_21,Material taking 7R axis __Axis_Pos_21,L?y 7R_tr?c_??a ?i?m_21
PLC/取料7R轴_Axis_Pos,取料7R轴_Axis_Pos_22,31244,取料7R轴_Axis_Pos_22,Material taking 7R axis __Axis_Pos_22,L?y 7R_tr?c_??a ?i?m_22
PLC/取料7R轴_Axis_Pos,取料7R轴_Axis_Pos_23,31246,取料7R轴_Axis_Pos_23,Material taking 7R axis __Axis_Pos_23,L?y 7R_tr?c_??a ?i?m_23
PLC/取料7R轴_Axis_Pos,取料7R轴_Axis_Pos_24,31248,取料7R轴_Axis_Pos_24,Material taking 7R axis __Axis_Pos_24,L?y 7R_tr?c_??a ?i?m_24
PLC/取料7R轴_Axis_Pos,取料7R轴_Axis_Pos_25,31250,取料7R轴_Axis_Pos_25,Material taking 7R axis __Axis_Pos_25,L?y 7R_tr?c_??a ?i?m_25
PLC/取料7R轴_Axis_Pos,取料7R轴_Axis_Pos_26,31252,取料7R轴_Axis_Pos_26,Material taking 7R axis __Axis_Pos_26,L?y 7R_tr?c_??a ?i?m_26
PLC/取料7R轴_Axis_Pos,取料7R轴_Axis_Pos_27,31254,取料7R轴_Axis_Pos_27,Material taking 7R axis __Axis_Pos_27,L?y 7R_tr?c_??a ?i?m_27
PLC/取料7R轴_Axis_Pos,取料7R轴_Axis_Pos_28,31256,取料7R轴_Axis_Pos_28,Material taking 7R axis __Axis_Pos_28,L?y 7R_tr?c_??a ?i?m_28
PLC/取料7R轴_Axis_Pos,取料7R轴_Axis_Pos_29,31258,取料7R轴_Axis_Pos_29,Material taking 7R axis __Axis_Pos_29,L?y 7R_tr?c_??a ?i?m_29
PLC/取料7R轴_Axis_Pos,取料7R轴_Axis_Pos_30,31260,取料7R轴_Axis_Pos_30,Material taking 7R axis __Axis_Pos_30,L?y 7R_tr?c_??a ?i?m_30
PLC/取料7R轴_Axis_Pos,取料7R轴_Axis_Pos_31,31262,取料7R轴_Axis_Pos_31,Material taking 7R axis __Axis_Pos_31,L?y 7R_tr?c_??a ?i?m_31
PLC/取料7R轴_Axis_Pos,取料7R轴_Axis_Pos_32,31264,取料7R轴_Axis_Pos_32,Material taking 7R axis __Axis_Pos_32,L?y 7R_tr?c_??a ?i?m_32
PLC/取料7R轴_Axis_Pos,取料7R轴_Axis_Pos_33,31266,取料7R轴_Axis_Pos_33,Material taking 7R axis __Axis_Pos_33,L?y 7R_tr?c_??a ?i?m_33
PLC/取料7R轴_Axis_Pos,取料7R轴_Axis_Pos_34,31268,取料7R轴_Axis_Pos_34,Material taking 7R axis __Axis_Pos_34,L?y 7R_tr?c_??a ?i?m_34
PLC/取料7R轴_Axis_Pos,取料7R轴_Axis_Pos_35,31270,取料7R轴_Axis_Pos_35,Material taking 7R axis __Axis_Pos_35,L?y 7R_tr?c_??a ?i?m_35
PLC/取料7R轴_Axis_Pos,取料7R轴_Axis_Pos_36,31272,取料7R轴_Axis_Pos_36,Material taking 7R axis __Axis_Pos_36,L?y 7R_tr?c_??a ?i?m_36
PLC/取料7R轴_Axis_Pos,取料7R轴_Axis_Pos_37,31274,取料7R轴_Axis_Pos_37,Material taking 7R axis __Axis_Pos_37,L?y 7R_tr?c_??a ?i?m_37
PLC/取料7R轴_Axis_Pos,取料7R轴_Axis_Pos_38,31276,取料7R轴_Axis_Pos_38,Material taking 7R axis __Axis_Pos_38,L?y 7R_tr?c_??a ?i?m_38
PLC/取料7R轴_Axis_Pos,取料7R轴_Axis_Pos_39,31278,取料7R轴_Axis_Pos_39,Material taking 7R axis __Axis_Pos_39,L?y 7R_tr?c_??a ?i?m_39
PLC/取料7R轴_Axis_Pos,取料7R轴_Axis_Pos_40,31280,取料7R轴_Axis_Pos_40,Material taking 7R axis __Axis_Pos_40,L?y 7R_tr?c_??a ?i?m_40
PLC/取料7R轴_Axis_Pos,取料7R轴_Axis_Pos_41,31282,取料7R轴_Axis_Pos_41,Material taking 7R axis __Axis_Pos_41,L?y 7R_tr?c_??a ?i?m_41
PLC/取料7R轴_Axis_Pos,取料7R轴_Axis_Pos_42,31284,取料7R轴_Axis_Pos_42,Material taking 7R axis __Axis_Pos_42,L?y 7R_tr?c_??a ?i?m_42
PLC/取料7R轴_Axis_Pos,取料7R轴_Axis_Pos_43,31286,取料7R轴_Axis_Pos_43,Material taking 7R axis __Axis_Pos_43,L?y 7R_tr?c_??a ?i?m_43
PLC/取料7R轴_Axis_Pos,取料7R轴_Axis_Pos_44,31288,取料7R轴_Axis_Pos_44,Material taking 7R axis __Axis_Pos_44,L?y 7R_tr?c_??a ?i?m_44
PLC/取料7R轴_Axis_Pos,取料7R轴_Axis_Pos_45,31290,取料7R轴_Axis_Pos_45,Material taking 7R axis __Axis_Pos_45,L?y 7R_tr?c_??a ?i?m_45
PLC/取料7R轴_Axis_Pos,取料7R轴_Axis_Pos_46,31292,取料7R轴_Axis_Pos_46,Material taking 7R axis __Axis_Pos_46,L?y 7R_tr?c_??a ?i?m_46
PLC/取料7R轴_Axis_Pos,取料7R轴_Axis_Pos_47,31294,取料7R轴_Axis_Pos_47,Material taking 7R axis __Axis_Pos_47,L?y 7R_tr?c_??a ?i?m_47
PLC/取料7R轴_Axis_Pos,取料7R轴_Axis_Pos_48,31296,取料7R轴_Axis_Pos_48,Material taking 7R axis __Axis_Pos_48,L?y 7R_tr?c_??a ?i?m_48
PLC/取料7R轴_Axis_Pos,取料7R轴_Axis_Pos_49,31298,取料7R轴_Axis_Pos_49,Material taking 7R axis __Axis_Pos_49,L?y 7R_tr?c_??a ?i?m_49
PLC/取料7R轴_Axis_Pos,取料7R轴_Axis_Pos_50,31300,取料7R轴_Axis_Pos_50,Material taking 7R axis __Axis_Pos_50,L?y 7R_tr?c_??a ?i?m_50
PLC/取料7R轴_Axis_Pos,取料7R轴_Axis_Pos_51,31302,取料7R轴_Axis_Pos_51,Material taking 7R axis __Axis_Pos_51,L?y 7R_tr?c_??a ?i?m_51
PLC/取料7R轴_Axis_Pos,取料7R轴_Axis_Pos_52,31304,取料7R轴_Axis_Pos_52,Material taking 7R axis __Axis_Pos_52,L?y 7R_tr?c_??a ?i?m_52
PLC/取料7R轴_Axis_Pos,取料7R轴_Axis_Pos_53,31306,取料7R轴_Axis_Pos_53,Material taking 7R axis __Axis_Pos_53,L?y 7R_tr?c_??a ?i?m_53
PLC/取料7R轴_Axis_Pos,取料7R轴_Axis_Pos_54,31308,取料7R轴_Axis_Pos_54,Material taking 7R axis __Axis_Pos_54,L?y 7R_tr?c_??a ?i?m_54
PLC/取料7R轴_Axis_Pos,取料7R轴_Axis_Pos_55,31310,取料7R轴_Axis_Pos_55,Material taking 7R axis __Axis_Pos_55,L?y 7R_tr?c_??a ?i?m_55

PLC/取料7R轴_Axis_Vel,取料7R轴_Axis_Vel_0,31400,取料7R轴_Axis_Vel_0,Material taking 7R axis_Axis_Vel_0,L?y 7R_Axis_Vel_0
PLC/取料7R轴_Axis_Vel,取料7R轴_Axis_Vel_1,31402,取料7R轴_Axis_Vel_1,Material taking 7R axis_Axis_Vel_1,L?y 7R_Axis_Vel_1
PLC/取料7R轴_Axis_Vel,取料7R轴_Axis_Vel_2,31404,取料7R轴_Axis_Vel_2,Material taking 7R axis_Axis_Vel_2,L?y 7R_Axis_Vel_2
PLC/取料7R轴_Axis_Vel,取料7R轴_Axis_Vel_3,31406,取料7R轴_Axis_Vel_3,Material taking 7R axis_Axis_Vel_3,L?y 7R_Axis_Vel_3
PLC/取料7R轴_Axis_Vel,取料7R轴_Axis_Vel_4,31408,取料7R轴_Axis_Vel_4,Material taking 7R axis_Axis_Vel_4,L?y 7R_Axis_Vel_4
PLC/取料7R轴_Axis_Vel,取料7R轴_Axis_Vel_5,31410,取料7R轴_Axis_Vel_5,Material taking 7R axis_Axis_Vel_5,L?y 7R_Axis_Vel_5
PLC/取料7R轴_Axis_Vel,取料7R轴_Axis_Vel_6,31412,取料7R轴_Axis_Vel_6,Material taking 7R axis_Axis_Vel-6,L?y 7R_Axis_Vel_6
PLC/取料7R轴_Axis_Vel,取料7R轴_Axis_Vel_7,31414,取料7R轴_Axis_Vel_7,Material taking 7R axis_Axis_Vel_7,L?y 7R_Axis_Vel_7
PLC/取料7R轴_Axis_Vel,取料7R轴_Axis_Vel_8,31416,取料7R轴_Axis_Vel_8,Material taking 7R axis_Axis_Vel_8,L?y 7R_Axis_Vel_8
PLC/取料7R轴_Axis_Vel,取料7R轴_Axis_Vel_9,31418,取料7R轴_Axis_Vel_9,Material taking 7R axis_Axis_Vel_9,L?y 7R_Axis_Vel_9
PLC/取料7R轴_Axis_Vel,取料7R轴_Axis_Vel_10,31420,取料7R轴_Axis_Vel_10,Material taking 7R axis_Axis_Vel_10,L?y 7R_Axis_Vel_10
PLC/取料7R轴_Axis_Vel,取料7R轴_Axis_Vel_11,31422,取料7R轴_Axis_Vel_11,Material taking 7R axis_Axis_Vel_11,L?y 7R_Axis_Vel_11
PLC/取料7R轴_Axis_Vel,取料7R轴_Axis_Vel_12,31424,取料7R轴_Axis_Vel_12,Material taking 7R axis_Axis_Vel_12,L?y 7R_Axis_Vel_12
PLC/取料7R轴_Axis_Vel,取料7R轴_Axis_Vel_13,31426,取料7R轴_Axis_Vel_13,Material taking 7R axis_Axis_Vel_13,L?y 7R_Axis_Vel_13
PLC/取料7R轴_Axis_Vel,取料7R轴_Axis_Vel_14,31428,取料7R轴_Axis_Vel_14,Material taking 7R axis_Axis_Vel_14,L?y 7R_Axis_Vel_14
PLC/取料7R轴_Axis_Vel,取料7R轴_Axis_Vel_15,31430,取料7R轴_Axis_Vel_15,Material taking 7R axis_Axis_Vel_15,L?y 7R_Axis_Vel_15
PLC/取料7R轴_Axis_Vel,取料7R轴_Axis_Vel_16,31432,取料7R轴_Axis_Vel_16,Material taking 7R axis_Axis_Vel_16,L?y 7R_Axis_Vel_16
PLC/取料7R轴_Axis_Vel,取料7R轴_Axis_Vel_17,31434,取料7R轴_Axis_Vel_17,Material taking 7R axis_Axis_Vel_17,L?y 7R_Axis_Vel_17
PLC/取料7R轴_Axis_Vel,取料7R轴_Axis_Vel_18,31436,取料7R轴_Axis_Vel_18,Material taking 7R axis_Axis_Vel_18,L?y 7R_Axis_Vel_18
PLC/取料7R轴_Axis_Vel,取料7R轴_Axis_Vel_19,31438,取料7R轴_Axis_Vel_19,Material taking 7R axis_Axis_Vel_19,L?y 7R_Axis_Vel_19
PLC/取料7R轴_Axis_Vel,取料7R轴_Axis_Vel_20,31440,取料7R轴_Axis_Vel_20,Material taking 7R axis_Axis_Vel_20,L?y 7R_Axis_Vel_20
PLC/取料7R轴_Axis_Vel,取料7R轴_Axis_Vel_21,31442,取料7R轴_Axis_Vel_21,Material taking 7R axis_Axis_Vel_21,L?y 7R_Axis_Vel_21
PLC/取料7R轴_Axis_Vel,取料7R轴_Axis_Vel_22,31444,取料7R轴_Axis_Vel_22,Material taking 7R axis_Axis_Vel_22,L?y 7R_Axis_Vel_22
PLC/取料7R轴_Axis_Vel,取料7R轴_Axis_Vel_23,31446,取料7R轴_Axis_Vel_23,Material taking 7R axis_Axis_Vel_23,L?y 7R_Axis_Vel_23
PLC/取料7R轴_Axis_Vel,取料7R轴_Axis_Vel_24,31448,取料7R轴_Axis_Vel_24,Material taking 7R axis_Axis_Vel_24,L?y 7R_Axis_Vel_24
PLC/取料7R轴_Axis_Vel,取料7R轴_Axis_Vel_25,31450,取料7R轴_Axis_Vel_25,Material taking 7R axis_Axis_Vel_25,L?y 7R_Axis_Vel_25
PLC/取料7R轴_Axis_Vel,取料7R轴_Axis_Vel_26,31452,取料7R轴_Axis_Vel_26,Material taking 7R axis_Axis_Vel_26,L?y 7R_Axis_Vel_26
PLC/取料7R轴_Axis_Vel,取料7R轴_Axis_Vel_27,31454,取料7R轴_Axis_Vel_27,Material taking 7R axis_Axis_Vel_27,L?y 7R_Axis_Vel_27
PLC/取料7R轴_Axis_Vel,取料7R轴_Axis_Vel_28,31456,取料7R轴_Axis_Vel_28,Material taking 7R axis_Axis_Vel_28,L?y 7R_Axis_Vel_28
PLC/取料7R轴_Axis_Vel,取料7R轴_Axis_Vel_29,31458,取料7R轴_Axis_Vel_29,Material taking 7R axis_Axis_Vel_29,L?y 7R_Axis_Vel_29
PLC/取料7R轴_Axis_Vel,取料7R轴_Axis_Vel_30,31460,取料7R轴_Axis_Vel_30,Material taking 7R axis_Axis_Vel_30,L?y 7R_Axis_Vel_30
PLC/取料7R轴_Axis_Vel,取料7R轴_Axis_Vel_31,31462,取料7R轴_Axis_Vel_31,Material taking 7R axis_Axis_Vel_31,L?y 7R_Axis_Vel_31
PLC/取料7R轴_Axis_Vel,取料7R轴_Axis_Vel_32,31464,取料7R轴_Axis_Vel_32,Material taking 7R axis_Axis_Vel_32,L?y 7R_Axis_Vel_32
PLC/取料7R轴_Axis_Vel,取料7R轴_Axis_Vel_33,31466,取料7R轴_Axis_Vel_33,Material taking 7R axis_Axis_Vel_33,L?y 7R_Axis_Vel_33
PLC/取料7R轴_Axis_Vel,取料7R轴_Axis_Vel_34,31468,取料7R轴_Axis_Vel_34,Material taking 7R axis_Axis_Vel_34,L?y 7R_Axis_Vel_34
PLC/取料7R轴_Axis_Vel,取料7R轴_Axis_Vel_35,31470,取料7R轴_Axis_Vel_35,Material taking 7R axis_Axis_Vel_35,L?y 7R_Axis_Vel_35
PLC/取料7R轴_Axis_Vel,取料7R轴_Axis_Vel_36,31472,取料7R轴_Axis_Vel_36,Material taking 7R axis_Axis_Vel_36,L?y 7R_Axis_Vel_36
PLC/取料7R轴_Axis_Vel,取料7R轴_Axis_Vel_37,31474,取料7R轴_Axis_Vel_37,Material taking 7R axis_Axis_Vel_37,L?y 7R_Axis_Vel_37
PLC/取料7R轴_Axis_Vel,取料7R轴_Axis_Vel_38,31476,取料7R轴_Axis_Vel_38,Material taking 7R axis_Axis_Vel_38,L?y 7R_Axis_Vel_38
PLC/取料7R轴_Axis_Vel,取料7R轴_Axis_Vel_39,31478,取料7R轴_Axis_Vel_39,Material taking 7R axis_Axis_Vel_39,L?y 7R_Axis_Vel_39
PLC/取料7R轴_Axis_Vel,取料7R轴_Axis_Vel_40,31480,取料7R轴_Axis_Vel_40,Material taking 7R axis_Axis_Vel_40,L?y 7R_Axis_Vel_40
PLC/取料7R轴_Axis_Vel,取料7R轴_Axis_Vel_41,31482,取料7R轴_Axis_Vel_41,Material taking 7R axis_Axis_Vel_41,L?y 7R_Axis_Vel_41
PLC/取料7R轴_Axis_Vel,取料7R轴_Axis_Vel_42,31484,取料7R轴_Axis_Vel_42,Material taking 7R axis_Axis_Vel_42,L?y 7R_Axis_Vel_42
PLC/取料7R轴_Axis_Vel,取料7R轴_Axis_Vel_43,31486,取料7R轴_Axis_Vel_43,Material taking 7R axis_Axis_Vel_43,L?y 7R_Axis_Vel_43
PLC/取料7R轴_Axis_Vel,取料7R轴_Axis_Vel_44,31488,取料7R轴_Axis_Vel_44,Material taking 7R axis_Axis_Vel_44,L?y 7R_Axis_Vel_44
PLC/取料7R轴_Axis_Vel,取料7R轴_Axis_Vel_45,31490,取料7R轴_Axis_Vel_45,Material taking 7R axis_Axis_Vel_45,L?y 7R_Axis_Vel_45
PLC/取料7R轴_Axis_Vel,取料7R轴_Axis_Vel_46,31492,取料7R轴_Axis_Vel_46,Material taking 7R axis_Axis_Vel_46,L?y 7R_Axis_Vel_46
PLC/取料7R轴_Axis_Vel,取料7R轴_Axis_Vel_47,31494,取料7R轴_Axis_Vel_47,Material taking 7R axis_Axis_Vel_47,L?y 7R_Axis_Vel_47
PLC/取料7R轴_Axis_Vel,取料7R轴_Axis_Vel_48,31496,取料7R轴_Axis_Vel_48,Material taking 7R axis_Axis_Vel_48,L?y 7R_Axis_Vel_48
PLC/取料7R轴_Axis_Vel,取料7R轴_Axis_Vel_49,31498,取料7R轴_Axis_Vel_49,Material taking 7R axis_Axis_Vel_49,L?y 7R_Axis_Vel_49
PLC/取料7R轴_Axis_Vel,取料7R轴_Axis_Vel_50,31500,取料7R轴_Axis_Vel_50,Material taking 7R axis_Axis_Vel_50,L?y 7R_Axis_Vel_50
PLC/取料7R轴_Axis_Vel,取料7R轴_Axis_Vel_51,31502,取料7R轴_Axis_Vel_51,Material taking 7R axis_Axis_Vel_51,L?y 7R_Axis_Vel_51
PLC/取料7R轴_Axis_Vel,取料7R轴_Axis_Vel_52,31504,取料7R轴_Axis_Vel_52,Material taking 7R axis_Axis_Vel_52,L?y 7R_Axis_Vel_52
PLC/取料7R轴_Axis_Vel,取料7R轴_Axis_Vel_53,31506,取料7R轴_Axis_Vel_53,Material taking 7R axis_Axis_Vel_53,L?y 7R_Axis_Vel_53
PLC/取料7R轴_Axis_Vel,取料7R轴_Axis_Vel_54,31508,取料7R轴_Axis_Vel_54,Material taking 7R axis_Axis_Vel_54,L?y 7R_Axis_Vel_54
PLC/取料7R轴_Axis_Vel,取料7R轴_Axis_Vel_55,31510,取料7R轴_Axis_Vel_55,Material taking 7R axis_Axis_Vel_55,L?y 7R_Axis_Vel_55
