Category,Name,Offset,NameByCN,NameByEN,NameByVI
PLC/X轴1_Axis_Pos,X轴1_Axis_Pos_0,24000,X轴1_Axis_Pos_0,X axis 1_Axis_Pos_0,Tr?c X 1_V?_trí_tr?c_0
PLC/X轴1_Axis_Pos,X轴1_Axis_Pos_1,24002,X轴1_Axis_Pos_1,X axis 1_Axis_Pos_1,Tr?c X 1_V?_trí_tr?c_1
PLC/X轴1_Axis_Pos,X轴1_Axis_Pos_2,24004,X轴1_Axis_Pos_2,X axis 1_Axis_Pos_2,Tr?c X 1_V?_trí_tr?c_2
PLC/X轴1_Axis_Pos,X轴1_Axis_Pos_3,24006,X轴1_Axis_Pos_3,X axis 1_Axis_Pos_3,Tr?c X 1_V?_trí_tr?c_3
PLC/X轴1_Axis_Pos,X轴1_Axis_Pos_4,24008,X轴1_Axis_Pos_4,X axis 1_Axis_Pos_4,Tr?c X 1_V?_trí_tr?c_4
PLC/X轴1_Axis_Pos,X轴1_Axis_Pos_5,24010,X轴1_Axis_Pos_5,X axis 1_Axis_Pos_5,Tr?c X 1_V?_trí_tr?c_5
PLC/X轴1_Axis_Pos,X轴1_Axis_Pos_6,24012,X轴1_Axis_Pos_6,X axis 1_Axis_Pos_6,Tr?c X 1_V?_trí_tr?c_6
PLC/X轴1_Axis_Pos,X轴1_Axis_Pos_7,24014,X轴1_Axis_Pos_7,X axis 1_Axis_Pos_7,Tr?c X 1_V?_trí_tr?c_7
PLC/X轴1_Axis_Pos,X轴1_Axis_Pos_8,24016,X轴1_Axis_Pos_8,X axis 1_Axis_Pos_8,Tr?c X 1_V?_trí_tr?c_8
PLC/X轴1_Axis_Pos,X轴1_Axis_Pos_9,24018,X轴1_Axis_Pos_9,X axis 1_Axis_Pos_9,Tr?c X 1_V?_trí_tr?c_9
PLC/X轴1_Axis_Pos,X轴1_Axis_Pos_10,24020,X轴1_Axis_Pos_10,X axis 1_Axis_Pos_10,Tr?c X 1_V?_trí_tr?c_10
PLC/X轴1_Axis_Pos,X轴1_Axis_Pos_11,24022,X轴1_Axis_Pos_11,X axis 1_Axis_Pos_11,Tr?c X 1_V?_trí_tr?c_11
PLC/X轴1_Axis_Pos,X轴1_Axis_Pos_12,24024,X轴1_Axis_Pos_12,X axis 1_Axis_Pos_12,Tr?c X 1_V?_trí_tr?c_12
PLC/X轴1_Axis_Pos,X轴1_Axis_Pos_13,24026,X轴1_Axis_Pos_13,X axis 1_Axis_Pos_13,Tr?c X 1_V?_trí_tr?c_13
PLC/X轴1_Axis_Pos,X轴1_Axis_Pos_14,24028,X轴1_Axis_Pos_14,X axis 1_Axis_Pos_14,Tr?c X 1_V?_trí_tr?c_14
PLC/X轴1_Axis_Pos,X轴1_Axis_Pos_15,24030,X轴1_Axis_Pos_15,X axis 1_Axis_Pos_15,Tr?c X 1_V?_trí_tr?c_15
PLC/X轴1_Axis_Pos,X轴1_Axis_Pos_16,24032,X轴1_Axis_Pos_16,X axis 1_Axis_Pos_16,Tr?c X 1_V?_trí_tr?c_16
PLC/X轴1_Axis_Pos,X轴1_Axis_Pos_17,24034,X轴1_Axis_Pos_17,X axis 1_Axis_Pos_17,Tr?c X 1_V?_trí_tr?c_17
PLC/X轴1_Axis_Pos,X轴1_Axis_Pos_18,24036,X轴1_Axis_Pos_18,X axis 1_Axis_Pos_18,Tr?c X 1_V?_trí_tr?c_18
PLC/X轴1_Axis_Pos,X轴1_Axis_Pos_19,24038,X轴1_Axis_Pos_19,X axis 1_Axis_Pos_19,Tr?c X 1_V?_trí_tr?c_19
PLC/X轴1_Axis_Pos,X轴1_Axis_Pos_20,24040,X轴1_Axis_Pos_20,X axis 1_Axis_Pos_20,Tr?c X 1_V?_trí_tr?c_20
PLC/X轴1_Axis_Pos,X轴1_Axis_Pos_21,24042,X轴1_Axis_Pos_21,X axis 1_Axis_Pos_21,Tr?c X 1_V?_trí_tr?c_21
PLC/X轴1_Axis_Pos,X轴1_Axis_Pos_22,24044,X轴1_Axis_Pos_22,X axis 1_Axis_Pos_22,Tr?c X 1_V?_trí_tr?c_22
PLC/X轴1_Axis_Pos,X轴1_Axis_Pos_23,24046,X轴1_Axis_Pos_23,X axis 1_Axis_Pos_23,Tr?c X 1_V?_trí_tr?c_23
PLC/X轴1_Axis_Pos,X轴1_Axis_Pos_24,24048,X轴1_Axis_Pos_24,X axis 1_Axis_Pos_24,Tr?c X 1_V?_trí_tr?c_24
PLC/X轴1_Axis_Pos,X轴1_Axis_Pos_25,24050,X轴1_Axis_Pos_25,X axis 1_Axis_Pos_25,Tr?c X 1_V?_trí_tr?c_25
PLC/X轴1_Axis_Pos,X轴1_Axis_Pos_26,24052,X轴1_Axis_Pos_26,X axis 1_Axis_Pos_26,Tr?c X 1_V?_trí_tr?c_26
PLC/X轴1_Axis_Pos,X轴1_Axis_Pos_27,24054,X轴1_Axis_Pos_27,X axis 1_Axis_Pos_27,Tr?c X 1_V?_trí_tr?c_27
PLC/X轴1_Axis_Pos,X轴1_Axis_Pos_28,24056,X轴1_Axis_Pos_28,X axis 1_Axis_Pos_28,Tr?c X 1_V?_trí_tr?c_28
PLC/X轴1_Axis_Pos,X轴1_Axis_Pos_29,24058,X轴1_Axis_Pos_29,X axis 1_Axis_Pos_29,Tr?c X 1_V?_trí_tr?c_29
PLC/X轴1_Axis_Pos,X轴1_Axis_Pos_30,24060,X轴1_Axis_Pos_30,X axis 1_Axis_Pos_30,Tr?c X 1_V?_trí_tr?c_30
PLC/X轴1_Axis_Pos,X轴1_Axis_Pos_31,24062,X轴1_Axis_Pos_31,X axis 1_Axis_Pos_31,Tr?c X 1_V?_trí_tr?c_31
PLC/X轴1_Axis_Pos,X轴1_Axis_Pos_32,24064,X轴1_Axis_Pos_32,X axis 1_Axis_Pos_32,Tr?c X 1_V?_trí_tr?c_32
PLC/X轴1_Axis_Pos,X轴1_Axis_Pos_33,24066,X轴1_Axis_Pos_33,X axis 1_Axis_Pos_33,Tr?c X 1_V?_trí_tr?c_33
PLC/X轴1_Axis_Pos,X轴1_Axis_Pos_34,24068,X轴1_Axis_Pos_34,X axis 1_Axis_Pos_34,Tr?c X 1_V?_trí_tr?c_34
PLC/X轴1_Axis_Pos,X轴1_Axis_Pos_35,24070,X轴1_Axis_Pos_35,X axis 1_Axis_Pos_35,Tr?c X 1_V?_trí_tr?c_35
PLC/X轴1_Axis_Pos,X轴1_Axis_Pos_36,24072,X轴1_Axis_Pos_36,X axis 1_Axis_Pos_36,Tr?c X 1_V?_trí_tr?c_36
PLC/X轴1_Axis_Pos,X轴1_Axis_Pos_37,24074,X轴1_Axis_Pos_37,X axis 1_Axis_Pos_37,Tr?c X 1_V?_trí_tr?c_37
PLC/X轴1_Axis_Pos,X轴1_Axis_Pos_38,24076,X轴1_Axis_Pos_38,X axis 1_Axis_Pos_38,Tr?c X 1_V?_trí_tr?c_38
PLC/X轴1_Axis_Pos,X轴1_Axis_Pos_39,24078,X轴1_Axis_Pos_39,X axis 1_Axis_Pos_39,Tr?c X 1_V?_trí_tr?c_39
PLC/X轴1_Axis_Pos,X轴1_Axis_Pos_40,24080,X轴1_Axis_Pos_40,X axis 1_Axis_Pos_40,Tr?c X 1_V?_trí_tr?c_40
PLC/X轴1_Axis_Pos,X轴1_Axis_Pos_41,24082,X轴1_Axis_Pos_41,X axis 1_Axis_Pos_41,Tr?c X 1_V?_trí_tr?c_41
PLC/X轴1_Axis_Pos,X轴1_Axis_Pos_42,24084,X轴1_Axis_Pos_42,X axis 1_Axis_Pos_42,Tr?c X 1_V?_trí_tr?c_42
PLC/X轴1_Axis_Pos,X轴1_Axis_Pos_43,24086,X轴1_Axis_Pos_43,X axis 1_Axis_Pos_43,Tr?c X 1_V?_trí_tr?c_43
PLC/X轴1_Axis_Pos,X轴1_Axis_Pos_44,24088,X轴1_Axis_Pos_44,X axis 1_Axis_Pos_44,Tr?c X 1_V?_trí_tr?c_44
PLC/X轴1_Axis_Pos,X轴1_Axis_Pos_45,24090,X轴1_Axis_Pos_45,X axis 1_Axis_Pos_45,Tr?c X 1_V?_trí_tr?c_45
PLC/X轴1_Axis_Pos,X轴1_Axis_Pos_46,24092,X轴1_Axis_Pos_46,X axis 1_Axis_Pos_46,Tr?c X 1_V?_trí_tr?c_46
PLC/X轴1_Axis_Pos,X轴1_Axis_Pos_47,24094,X轴1_Axis_Pos_47,X axis 1_Axis_Pos_47,Tr?c X 1_V?_trí_tr?c_47

PLC/X轴1_Axis_Vel,X轴1_Axis_Vel_0,24100,X轴1_Axis_Vel_0,X axis 1_Axis_Vel_0,Tr?c X 1_T?c ?? tr?c_0
PLC/X轴1_Axis_Vel,X轴1_Axis_Vel_1,24102,X轴1_Axis_Vel_1,X axis 1_Axis_Vel_1,Tr?c X 1_T?c ?? tr?c_1
PLC/X轴1_Axis_Vel,X轴1_Axis_Vel_2,24104,X轴1_Axis_Vel_2,X axis 1_Axis_Vel_2,Tr?c X 1_T?c ?? tr?c_2
PLC/X轴1_Axis_Vel,X轴1_Axis_Vel_3,24106,X轴1_Axis_Vel_3,X axis 1_Axis_Vel_3,Tr?c X 1_T?c ?? tr?c_3
PLC/X轴1_Axis_Vel,X轴1_Axis_Vel_4,24108,X轴1_Axis_Vel_4,X axis 1_Axis_Vel_4,Tr?c X 1_T?c ?? tr?c_4
PLC/X轴1_Axis_Vel,X轴1_Axis_Vel_5,24110,X轴1_Axis_Vel_5,X axis 1_Axis_Vel_5,Tr?c X 1_T?c ?? tr?c_5
PLC/X轴1_Axis_Vel,X轴1_Axis_Vel_6,24112,X轴1_Axis_Vel_6,X axis 1_Axis_Vel_6,Tr?c X 1_T?c ?? tr?c_6
PLC/X轴1_Axis_Vel,X轴1_Axis_Vel_7,24114,X轴1_Axis_Vel_7,X axis 1_Axis_Vel_7,Tr?c X 1_T?c ?? tr?c_7
PLC/X轴1_Axis_Vel,X轴1_Axis_Vel_8,24116,X轴1_Axis_Vel_8,X axis 1_Axis_Vel_8,Tr?c X 1_T?c ?? tr?c_8
PLC/X轴1_Axis_Vel,X轴1_Axis_Vel_9,24118,X轴1_Axis_Vel_9,X axis 1_Axis_Vel_9,Tr?c X 1_T?c ?? tr?c_9
PLC/X轴1_Axis_Vel,X轴1_Axis_Vel_10,24120,X轴1_Axis_Vel_10,X axis 1_Axis_Vel_10,Tr?c X 1_T?c ?? tr?c_10
PLC/X轴1_Axis_Vel,X轴1_Axis_Vel_11,24122,X轴1_Axis_Vel_11,X axis 1_Axis_Vel_11,Tr?c X 1_T?c ?? tr?c_11
PLC/X轴1_Axis_Vel,X轴1_Axis_Vel_12,24124,X轴1_Axis_Vel_12,X axis 1_Axis_Vel_12,Tr?c X 1_T?c ?? tr?c_12
PLC/X轴1_Axis_Vel,X轴1_Axis_Vel_13,24126,X轴1_Axis_Vel_13,X axis 1_Axis_Vel_13,Tr?c X 1_T?c ?? tr?c_13
PLC/X轴1_Axis_Vel,X轴1_Axis_Vel_14,24128,X轴1_Axis_Vel_14,X axis 1_Axis_Vel_14,Tr?c X 1_T?c ?? tr?c_14
PLC/X轴1_Axis_Vel,X轴1_Axis_Vel_15,24130,X轴1_Axis_Vel_15,X axis 1_Axis_Vel_15,Tr?c X 1_T?c ?? tr?c_15
PLC/X轴1_Axis_Vel,X轴1_Axis_Vel_16,24132,X轴1_Axis_Vel_16,X axis 1_Axis_Vel_16,Tr?c X 1_T?c ?? tr?c_16
PLC/X轴1_Axis_Vel,X轴1_Axis_Vel_17,24134,X轴1_Axis_Vel_17,X axis 1_Axis_Vel_17,Tr?c X 1_T?c ?? tr?c_17
PLC/X轴1_Axis_Vel,X轴1_Axis_Vel_18,24136,X轴1_Axis_Vel_18,X axis 1_Axis_Vel_18,Tr?c X 1_T?c ?? tr?c_18
PLC/X轴1_Axis_Vel,X轴1_Axis_Vel_19,24138,X轴1_Axis_Vel_19,X axis 1_Axis_Vel_19,Tr?c X 1_T?c ?? tr?c_19
PLC/X轴1_Axis_Vel,X轴1_Axis_Vel_20,24140,X轴1_Axis_Vel_20,X axis 1_Axis_Vel_20,Tr?c X 1_T?c ?? tr?c_20
PLC/X轴1_Axis_Vel,X轴1_Axis_Vel_21,24142,X轴1_Axis_Vel_21,X axis 1_Axis_Vel_21,Tr?c X 1_T?c ?? tr?c_21
PLC/X轴1_Axis_Vel,X轴1_Axis_Vel_22,24144,X轴1_Axis_Vel_22,X axis 1_Axis_Vel_22,Tr?c X 1_T?c ?? tr?c_22
PLC/X轴1_Axis_Vel,X轴1_Axis_Vel_23,24146,X轴1_Axis_Vel_23,X axis 1_Axis_Vel_23,Tr?c X 1_T?c ?? tr?c_23
PLC/X轴1_Axis_Vel,X轴1_Axis_Vel_24,24148,X轴1_Axis_Vel_24,X axis 1_Axis_Vel_24,Tr?c X 1_T?c ?? tr?c_24
PLC/X轴1_Axis_Vel,X轴1_Axis_Vel_25,24150,X轴1_Axis_Vel_25,X axis 1_Axis_Vel_25,Tr?c X 1_T?c ?? tr?c_25
PLC/X轴1_Axis_Vel,X轴1_Axis_Vel_26,24152,X轴1_Axis_Vel_26,X axis 1_Axis_Vel_26,Tr?c X 1_T?c ?? tr?c_26
PLC/X轴1_Axis_Vel,X轴1_Axis_Vel_27,24154,X轴1_Axis_Vel_27,X axis 1_Axis_Vel_27,Tr?c X 1_T?c ?? tr?c_27
PLC/X轴1_Axis_Vel,X轴1_Axis_Vel_28,24156,X轴1_Axis_Vel_28,X axis 1_Axis_Vel_28,Tr?c X 1_T?c ?? tr?c_28
PLC/X轴1_Axis_Vel,X轴1_Axis_Vel_29,24158,X轴1_Axis_Vel_29,X axis 1_Axis_Vel_29,Tr?c X 1_T?c ?? tr?c_29
PLC/X轴1_Axis_Vel,X轴1_Axis_Vel_30,24160,X轴1_Axis_Vel_30,X axis 1_Axis_Vel_30,Tr?c X 1_T?c ?? tr?c_30
PLC/X轴1_Axis_Vel,X轴1_Axis_Vel_31,24162,X轴1_Axis_Vel_31,X axis 1_Axis_Vel_31,Tr?c X 1_T?c ?? tr?c_31
PLC/X轴1_Axis_Vel,X轴1_Axis_Vel_32,24164,X轴1_Axis_Vel_32,X axis 1_Axis_Vel_32,Tr?c X 1_T?c ?? tr?c_32
PLC/X轴1_Axis_Vel,X轴1_Axis_Vel_33,24166,X轴1_Axis_Vel_33,X axis 1_Axis_Vel_33,Tr?c X 1_T?c ?? tr?c_33
PLC/X轴1_Axis_Vel,X轴1_Axis_Vel_34,24168,X轴1_Axis_Vel_34,X axis 1_Axis_Vel_34,Tr?c X 1_T?c ?? tr?c_34
PLC/X轴1_Axis_Vel,X轴1_Axis_Vel_35,24170,X轴1_Axis_Vel_35,X axis 1_Axis_Vel_35,Tr?c X 1_T?c ?? tr?c_35
PLC/X轴1_Axis_Vel,X轴1_Axis_Vel_36,24172,X轴1_Axis_Vel_36,X axis 1_Axis_Vel_36,Tr?c X 1_T?c ?? tr?c_36
PLC/X轴1_Axis_Vel,X轴1_Axis_Vel_37,24174,X轴1_Axis_Vel_37,X axis 1_Axis_Vel_37,Tr?c X 1_T?c ?? tr?c_37
PLC/X轴1_Axis_Vel,X轴1_Axis_Vel_38,24176,X轴1_Axis_Vel_38,X axis 1_Axis_Vel_38,Tr?c X 1_T?c ?? tr?c_38
PLC/X轴1_Axis_Vel,X轴1_Axis_Vel_39,24178,X轴1_Axis_Vel_39,X axis 1_Axis_Vel_39,Tr?c X 1_T?c ?? tr?c_39
PLC/X轴1_Axis_Vel,X轴1_Axis_Vel_40,24180,X轴1_Axis_Vel_40,X axis 1_Axis_Vel_40,Tr?c X 1_T?c ?? tr?c_40
PLC/X轴1_Axis_Vel,X轴1_Axis_Vel_41,24182,X轴1_Axis_Vel_41,X axis 1_Axis_Vel_41,Tr?c X 1_T?c ?? tr?c_41
PLC/X轴1_Axis_Vel,X轴1_Axis_Vel_42,24184,X轴1_Axis_Vel_42,X axis 1_Axis_Vel_42,Tr?c X 1_T?c ?? tr?c_42
PLC/X轴1_Axis_Vel,X轴1_Axis_Vel_43,24186,X轴1_Axis_Vel_43,X axis 1_Axis_Vel_43,Tr?c X 1_T?c ?? tr?c_43
PLC/X轴1_Axis_Vel,X轴1_Axis_Vel_44,24188,X轴1_Axis_Vel_44,X axis 1_Axis_Vel_44,Tr?c X 1_T?c ?? tr?c_44
PLC/X轴1_Axis_Vel,X轴1_Axis_Vel_45,24190,X轴1_Axis_Vel_45,X axis 1_Axis_Vel_45,Tr?c X 1_T?c ?? tr?c_45
PLC/X轴1_Axis_Vel,X轴1_Axis_Vel_46,24192,X轴1_Axis_Vel_46,X axis 1_Axis_Vel_46,Tr?c X 1_T?c ?? tr?c_46
PLC/X轴1_Axis_Vel,X轴1_Axis_Vel_47,24194,X轴1_Axis_Vel_47,X axis 1_Axis_Vel_47,Tr?c X 1_T?c ?? tr?c_47

PLC/X轴2_Axis_Pos,X轴2_Axis_Pos_0,24200,X轴2_Axis_Pos_0,X axis 2_Axis_Pos_0,Tr?c X 2_V? trí tr?c_0
PLC/X轴2_Axis_Pos,X轴2_Axis_Pos_1,24202,X轴2_Axis_Pos_1,X axis 2_Axis_Pos_1,Tr?c X 2_V? trí tr?c_1
PLC/X轴2_Axis_Pos,X轴2_Axis_Pos_2,24204,X轴2_Axis_Pos_2,X axis 2_Axis_Pos_2,Tr?c X 2_V? trí tr?c_2
PLC/X轴2_Axis_Pos,X轴2_Axis_Pos_3,24206,X轴2_Axis_Pos_3,X axis 2_Axis_Pos_3,Tr?c X 2_V? trí tr?c_3
PLC/X轴2_Axis_Pos,X轴2_Axis_Pos_4,24208,X轴2_Axis_Pos_4,X axis 2_Axis_Pos_4,Tr?c X 2_V? trí tr?c_4
PLC/X轴2_Axis_Pos,X轴2_Axis_Pos_5,24210,X轴2_Axis_Pos_5,X axis 2_Axis_Pos_5,Tr?c X 2_V? trí tr?c_5
PLC/X轴2_Axis_Pos,X轴2_Axis_Pos_6,24212,X轴2_Axis_Pos_6,X axis 2_Axis_Pos_6,Tr?c X 2_V? trí tr?c_6
PLC/X轴2_Axis_Pos,X轴2_Axis_Pos_7,24214,X轴2_Axis_Pos_7,X axis 2_Axis_Pos_7,Tr?c X 2_V? trí tr?c_7
PLC/X轴2_Axis_Pos,X轴2_Axis_Pos_8,24216,X轴2_Axis_Pos_8,X axis 2_Axis_Pos_8,Tr?c X 2_V? trí tr?c_8
PLC/X轴2_Axis_Pos,X轴2_Axis_Pos_9,24218,X轴2_Axis_Pos_9,X axis 2_Axis_Pos_9,Tr?c X 2_V? trí tr?c_9
PLC/X轴2_Axis_Pos,X轴2_Axis_Pos_10,24220,X轴2_Axis_Pos_10,X axis 2_Axis_Pos_10,Tr?c X 2_V? trí tr?c_10
PLC/X轴2_Axis_Pos,X轴2_Axis_Pos_11,24222,X轴2_Axis_Pos_11,X axis 2_Axis_Pos_11,Tr?c X 2_V? trí tr?c_11
PLC/X轴2_Axis_Pos,X轴2_Axis_Pos_12,24224,X轴2_Axis_Pos_12,X axis 2_Axis_Pos_12,Tr?c X 2_V? trí tr?c_12
PLC/X轴2_Axis_Pos,X轴2_Axis_Pos_13,24226,X轴2_Axis_Pos_13,X axis 2_Axis_Pos_13,Tr?c X 2_V? trí tr?c_13
PLC/X轴2_Axis_Pos,X轴2_Axis_Pos_14,24228,X轴2_Axis_Pos_14,X axis 2_Axis_Pos_14,Tr?c X 2_V? trí tr?c_14
PLC/X轴2_Axis_Pos,X轴2_Axis_Pos_15,24230,X轴2_Axis_Pos_15,X axis 2_Axis_Pos_15,Tr?c X 2_V? trí tr?c_15
PLC/X轴2_Axis_Pos,X轴2_Axis_Pos_16,24232,X轴2_Axis_Pos_16,X axis 2_Axis_Pos_16,Tr?c X 2_V? trí tr?c_16
PLC/X轴2_Axis_Pos,X轴2_Axis_Pos_17,24234,X轴2_Axis_Pos_17,X axis 2_Axis_Pos_17,Tr?c X 2_V? trí tr?c_17
PLC/X轴2_Axis_Pos,X轴2_Axis_Pos_18,24236,X轴2_Axis_Pos_18,X axis 2_Axis_Pos_18,Tr?c X 2_V? trí tr?c_18
PLC/X轴2_Axis_Pos,X轴2_Axis_Pos_19,24238,X轴2_Axis_Pos_19,X axis 2_Axis_Pos_19,Tr?c X 2_V? trí tr?c_19
PLC/X轴2_Axis_Pos,X轴2_Axis_Pos_20,24240,X轴2_Axis_Pos_20,X axis 2_Axis_Pos_20,Tr?c X 2_V? trí tr?c_20
PLC/X轴2_Axis_Pos,X轴2_Axis_Pos_21,24242,X轴2_Axis_Pos_21,X axis 2_Axis_Pos_21,Tr?c X 2_V? trí tr?c_21
PLC/X轴2_Axis_Pos,X轴2_Axis_Pos_22,24244,X轴2_Axis_Pos_22,X axis 2_Axis_Pos_22,Tr?c X 2_V? trí tr?c_22
PLC/X轴2_Axis_Pos,X轴2_Axis_Pos_23,24246,X轴2_Axis_Pos_23,X axis 2_Axis_Pos_23,Tr?c X 2_V? trí tr?c_23
PLC/X轴2_Axis_Pos,X轴2_Axis_Pos_24,24248,X轴2_Axis_Pos_24,X axis 2_Axis_Pos_24,Tr?c X 2_V? trí tr?c_24
PLC/X轴2_Axis_Pos,X轴2_Axis_Pos_25,24250,X轴2_Axis_Pos_25,X axis 2_Axis_Pos_25,Tr?c X 2_V? trí tr?c_25
PLC/X轴2_Axis_Pos,X轴2_Axis_Pos_26,24252,X轴2_Axis_Pos_26,X axis 2_Axis_Pos_26,Tr?c X 2_V? trí tr?c_26
PLC/X轴2_Axis_Pos,X轴2_Axis_Pos_27,24254,X轴2_Axis_Pos_27,X axis 2_Axis_Pos_27,Tr?c X 2_V? trí tr?c_27
PLC/X轴2_Axis_Pos,X轴2_Axis_Pos_28,24256,X轴2_Axis_Pos_28,X axis 2_Axis_Pos_28,Tr?c X 2_V? trí tr?c_28
PLC/X轴2_Axis_Pos,X轴2_Axis_Pos_29,24258,X轴2_Axis_Pos_29,X axis 2_Axis_Pos_29,Tr?c X 2_V? trí tr?c_29
PLC/X轴2_Axis_Pos,X轴2_Axis_Pos_30,24260,X轴2_Axis_Pos_30,X axis 2_Axis_Pos_30,Tr?c X 2_V? trí tr?c_30
PLC/X轴2_Axis_Pos,X轴2_Axis_Pos_31,24262,X轴2_Axis_Pos_31,X axis 2_Axis_Pos_31,Tr?c X 2_V? trí tr?c_31
PLC/X轴2_Axis_Pos,X轴2_Axis_Pos_32,24264,X轴2_Axis_Pos_32,X axis 2_Axis_Pos_32,Tr?c X 2_V? trí tr?c_32
PLC/X轴2_Axis_Pos,X轴2_Axis_Pos_33,24266,X轴2_Axis_Pos_33,X axis 2_Axis_Pos_33,Tr?c X 2_V? trí tr?c_33
PLC/X轴2_Axis_Pos,X轴2_Axis_Pos_34,24268,X轴2_Axis_Pos_34,X axis 2_Axis_Pos_34,Tr?c X 2_V? trí tr?c_34
PLC/X轴2_Axis_Pos,X轴2_Axis_Pos_35,24270,X轴2_Axis_Pos_35,X axis 2_Axis_Pos_35,Tr?c X 2_V? trí tr?c_35
PLC/X轴2_Axis_Pos,X轴2_Axis_Pos_36,24272,X轴2_Axis_Pos_36,X axis 2_Axis_Pos_36,Tr?c X 2_V? trí tr?c_36
PLC/X轴2_Axis_Pos,X轴2_Axis_Pos_37,24274,X轴2_Axis_Pos_37,X axis 2_Axis_Pos_37,Tr?c X 2_V? trí tr?c_37
PLC/X轴2_Axis_Pos,X轴2_Axis_Pos_38,24276,X轴2_Axis_Pos_38,X axis 2_Axis_Pos_38,Tr?c X 2_V? trí tr?c_38
PLC/X轴2_Axis_Pos,X轴2_Axis_Pos_39,24278,X轴2_Axis_Pos_39,X axis 2_Axis_Pos_39,Tr?c X 2_V? trí tr?c_39
PLC/X轴2_Axis_Pos,X轴2_Axis_Pos_40,24280,X轴2_Axis_Pos_40,X axis 2_Axis_Pos_40,Tr?c X 2_V? trí tr?c_40
PLC/X轴2_Axis_Pos,X轴2_Axis_Pos_41,24282,X轴2_Axis_Pos_41,X axis 2_Axis_Pos_41,Tr?c X 2_V? trí tr?c_41
PLC/X轴2_Axis_Pos,X轴2_Axis_Pos_42,24284,X轴2_Axis_Pos_42,X axis 2_Axis_Pos_42,Tr?c X 2_V? trí tr?c_42
PLC/X轴2_Axis_Pos,X轴2_Axis_Pos_43,24286,X轴2_Axis_Pos_43,X axis 2_Axis_Pos_43,Tr?c X 2_V? trí tr?c_43
PLC/X轴2_Axis_Pos,X轴2_Axis_Pos_44,24288,X轴2_Axis_Pos_44,X axis 2_Axis_Pos_44,Tr?c X 2_V? trí tr?c_44
PLC/X轴2_Axis_Pos,X轴2_Axis_Pos_45,24290,X轴2_Axis_Pos_45,X axis 2_Axis_Pos_45,Tr?c X 2_V? trí tr?c_45
PLC/X轴2_Axis_Pos,X轴2_Axis_Pos_46,24292,X轴2_Axis_Pos_46,X axis 2_Axis_Pos_46,Tr?c X 2_V? trí tr?c_46
PLC/X轴2_Axis_Pos,X轴2_Axis_Pos_47,24294,X轴2_Axis_Pos_47,X axis 2_Axis_Pos_47,Tr?c X 2_V? trí tr?c_47

PLC/X轴2_Axis_Vel,X轴2_Axis_Vel_0,24300,X轴2_Axis_Vel_0,X axis 2_Axis_Vel_0,Tr?c X 2_T?c ?? tr?c_0
PLC/X轴2_Axis_Vel,X轴2_Axis_Vel_1,24302,X轴2_Axis_Vel_1,X axis 2_Axis_Vel_1,Tr?c X 2_T?c ?? tr?c_1
PLC/X轴2_Axis_Vel,X轴2_Axis_Vel_2,24304,X轴2_Axis_Vel_2,X axis 2_Axis_Vel_2,Tr?c X 2_T?c ?? tr?c_2
PLC/X轴2_Axis_Vel,X轴2_Axis_Vel_3,24306,X轴2_Axis_Vel_3,X axis 2_Axis_Vel_3,Tr?c X 2_T?c ?? tr?c_3
PLC/X轴2_Axis_Vel,X轴2_Axis_Vel_4,24308,X轴2_Axis_Vel_4,X axis 2_Axis_Vel_4,Tr?c X 2_T?c ?? tr?c_4
PLC/X轴2_Axis_Vel,X轴2_Axis_Vel_5,24310,X轴2_Axis_Vel_5,X axis 2_Axis_Vel_5,Tr?c X 2_T?c ?? tr?c_5
PLC/X轴2_Axis_Vel,X轴2_Axis_Vel_6,24312,X轴2_Axis_Vel_6,X axis 2_Axis_Vel_6,Tr?c X 2_T?c ?? tr?c_6
PLC/X轴2_Axis_Vel,X轴2_Axis_Vel_7,24314,X轴2_Axis_Vel_7,X axis 2_Axis_Vel_7,Tr?c X 2_T?c ?? tr?c_7
PLC/X轴2_Axis_Vel,X轴2_Axis_Vel_8,24316,X轴2_Axis_Vel_8,X axis 2_Axis_Vel_8,Tr?c X 2_T?c ?? tr?c_8
PLC/X轴2_Axis_Vel,X轴2_Axis_Vel_9,24318,X轴2_Axis_Vel_9,X axis 2_Axis_Vel_9,Tr?c X 2_T?c ?? tr?c_9
PLC/X轴2_Axis_Vel,X轴2_Axis_Vel_10,24320,X轴2_Axis_Vel_10,X axis 2_Axis_Vel_10,Tr?c X 2_T?c ?? tr?c_10
PLC/X轴2_Axis_Vel,X轴2_Axis_Vel_11,24322,X轴2_Axis_Vel_11,X axis 2_Axis_Vel_11,Tr?c X 2_T?c ?? tr?c_11
PLC/X轴2_Axis_Vel,X轴2_Axis_Vel_12,24324,X轴2_Axis_Vel_12,X axis 2_Axis_Vel_12,Tr?c X 2_T?c ?? tr?c_12
PLC/X轴2_Axis_Vel,X轴2_Axis_Vel_13,24326,X轴2_Axis_Vel_13,X axis 2_Axis_Vel_13,Tr?c X 2_T?c ?? tr?c_13
PLC/X轴2_Axis_Vel,X轴2_Axis_Vel_14,24328,X轴2_Axis_Vel_14,X axis 2_Axis_Vel_14,Tr?c X 2_T?c ?? tr?c_14
PLC/X轴2_Axis_Vel,X轴2_Axis_Vel_15,24330,X轴2_Axis_Vel_15,X axis 2_Axis_Vel_15,Tr?c X 2_T?c ?? tr?c_15
PLC/X轴2_Axis_Vel,X轴2_Axis_Vel_16,24332,X轴2_Axis_Vel_16,X axis 2_Axis_Vel_16,Tr?c X 2_T?c ?? tr?c_16
PLC/X轴2_Axis_Vel,X轴2_Axis_Vel_17,24334,X轴2_Axis_Vel_17,X axis 2_Axis_Vel_17,Tr?c X 2_T?c ?? tr?c_17
PLC/X轴2_Axis_Vel,X轴2_Axis_Vel_18,24336,X轴2_Axis_Vel_18,X axis 2_Axis_Vel_18,Tr?c X 2_T?c ?? tr?c_18
PLC/X轴2_Axis_Vel,X轴2_Axis_Vel_19,24338,X轴2_Axis_Vel_19,X axis 2_Axis_Vel_19,Tr?c X 2_T?c ?? tr?c_19
PLC/X轴2_Axis_Vel,X轴2_Axis_Vel_20,24340,X轴2_Axis_Vel_20,X axis 2_Axis_Vel_20,Tr?c X 2_T?c ?? tr?c_20
PLC/X轴2_Axis_Vel,X轴2_Axis_Vel_21,24342,X轴2_Axis_Vel_21,X axis 2_Axis_Vel_21,Tr?c X 2_T?c ?? tr?c_21
PLC/X轴2_Axis_Vel,X轴2_Axis_Vel_22,24344,X轴2_Axis_Vel_22,X axis 2_Axis_Vel_22,Tr?c X 2_T?c ?? tr?c_22
PLC/X轴2_Axis_Vel,X轴2_Axis_Vel_23,24346,X轴2_Axis_Vel_23,X axis 2_Axis_Vel_23,Tr?c X 2_T?c ?? tr?c_23
PLC/X轴2_Axis_Vel,X轴2_Axis_Vel_24,24348,X轴2_Axis_Vel_24,X axis 2_Axis_Vel_24,Tr?c X 2_T?c ?? tr?c_24
PLC/X轴2_Axis_Vel,X轴2_Axis_Vel_25,24350,X轴2_Axis_Vel_25,X axis 2_Axis_Vel_25,Tr?c X 2_T?c ?? tr?c_25
PLC/X轴2_Axis_Vel,X轴2_Axis_Vel_26,24352,X轴2_Axis_Vel_26,X axis 2_Axis_Vel_26,Tr?c X 2_T?c ?? tr?c_26
PLC/X轴2_Axis_Vel,X轴2_Axis_Vel_27,24354,X轴2_Axis_Vel_27,X axis 2_Axis_Vel_27,Tr?c X 2_T?c ?? tr?c_27
PLC/X轴2_Axis_Vel,X轴2_Axis_Vel_28,24356,X轴2_Axis_Vel_28,X axis 2_Axis_Vel_28,Tr?c X 2_T?c ?? tr?c_28
PLC/X轴2_Axis_Vel,X轴2_Axis_Vel_29,24358,X轴2_Axis_Vel_29,X axis 2_Axis_Vel_29,Tr?c X 2_T?c ?? tr?c_29
PLC/X轴2_Axis_Vel,X轴2_Axis_Vel_30,24360,X轴2_Axis_Vel_30,X axis 2_Axis_Vel_30,Tr?c X 2_T?c ?? tr?c_30
PLC/X轴2_Axis_Vel,X轴2_Axis_Vel_31,24362,X轴2_Axis_Vel_31,X axis 2_Axis_Vel_31,Tr?c X 2_T?c ?? tr?c_31
PLC/X轴2_Axis_Vel,X轴2_Axis_Vel_32,24364,X轴2_Axis_Vel_32,X axis 2_Axis_Vel_32,Tr?c X 2_T?c ?? tr?c_32
PLC/X轴2_Axis_Vel,X轴2_Axis_Vel_33,24366,X轴2_Axis_Vel_33,X axis 2_Axis_Vel_33,Tr?c X 2_T?c ?? tr?c_33
PLC/X轴2_Axis_Vel,X轴2_Axis_Vel_34,24368,X轴2_Axis_Vel_34,X axis 2_Axis_Vel_34,Tr?c X 2_T?c ?? tr?c_34
PLC/X轴2_Axis_Vel,X轴2_Axis_Vel_35,24370,X轴2_Axis_Vel_35,X axis 2_Axis_Vel_35,Tr?c X 2_T?c ?? tr?c_35
PLC/X轴2_Axis_Vel,X轴2_Axis_Vel_36,24372,X轴2_Axis_Vel_36,X axis 2_Axis_Vel_36,Tr?c X 2_T?c ?? tr?c_36
PLC/X轴2_Axis_Vel,X轴2_Axis_Vel_37,24374,X轴2_Axis_Vel_37,X axis 2_Axis_Vel_37,Tr?c X 2_T?c ?? tr?c_37
PLC/X轴2_Axis_Vel,X轴2_Axis_Vel_38,24376,X轴2_Axis_Vel_38,X axis 2_Axis_Vel_38,Tr?c X 2_T?c ?? tr?c_38
PLC/X轴2_Axis_Vel,X轴2_Axis_Vel_39,24378,X轴2_Axis_Vel_39,X axis 2_Axis_Vel_39,Tr?c X 2_T?c ?? tr?c_39
PLC/X轴2_Axis_Vel,X轴2_Axis_Vel_40,24380,X轴2_Axis_Vel_40,X axis 2_Axis_Vel_40,Tr?c X 2_T?c ?? tr?c_40
PLC/X轴2_Axis_Vel,X轴2_Axis_Vel_41,24382,X轴2_Axis_Vel_41,X axis 2_Axis_Vel_41,Tr?c X 2_T?c ?? tr?c_41
PLC/X轴2_Axis_Vel,X轴2_Axis_Vel_42,24384,X轴2_Axis_Vel_42,X axis 2_Axis_Vel_42,Tr?c X 2_T?c ?? tr?c_42
PLC/X轴2_Axis_Vel,X轴2_Axis_Vel_43,24386,X轴2_Axis_Vel_43,X axis 2_Axis_Vel_43,Tr?c X 2_T?c ?? tr?c_43
PLC/X轴2_Axis_Vel,X轴2_Axis_Vel_44,24388,X轴2_Axis_Vel_44,X axis 2_Axis_Vel_44,Tr?c X 2_T?c ?? tr?c_44
PLC/X轴2_Axis_Vel,X轴2_Axis_Vel_45,24390,X轴2_Axis_Vel_45,X axis 2_Axis_Vel_45,Tr?c X 2_T?c ?? tr?c_45
PLC/X轴2_Axis_Vel,X轴2_Axis_Vel_46,24392,X轴2_Axis_Vel_46,X axis 2_Axis_Vel_46,Tr?c X 2_T?c ?? tr?c_46
PLC/X轴2_Axis_Vel,X轴2_Axis_Vel_47,24394,X轴2_Axis_Vel_47,X axis 2_Axis_Vel_47,Tr?c X 2_T?c ?? tr?c_47

PLC/上料轴1_Axis_Pos,上料轴1_Axis_Pos_0,24400,上料轴1_Axis_Pos_0,Loading Axis 1_Axis_Pos_0,Tr?c n?p v?t li?u 1_V? trí tr?c_0
PLC/上料轴1_Axis_Pos,上料轴1_Axis_Pos_1,24402,上料轴1_Axis_Pos_1,Loading Axis 1_Axis_Pos_1,Tr?c n?p v?t li?u 1_V? trí tr?c_1
PLC/上料轴1_Axis_Pos,上料轴1_Axis_Pos_2,24404,上料轴1_Axis_Pos_2,Loading Axis 1_Axis_Pos_2,Tr?c n?p v?t li?u 1_V? trí tr?c_2
PLC/上料轴1_Axis_Pos,上料轴1_Axis_Pos_3,24406,上料轴1_Axis_Pos_3,Loading Axis 1_Axis_Pos_3,Tr?c n?p v?t li?u 1_V? trí tr?c_3
PLC/上料轴1_Axis_Pos,上料轴1_Axis_Pos_4,24408,上料轴1_Axis_Pos_4,Loading Axis 1_Axis_Pos_4,Tr?c n?p v?t li?u 1_V? trí tr?c_4
PLC/上料轴1_Axis_Pos,上料轴1_Axis_Pos_5,24410,上料轴1_Axis_Pos_5,Loading Axis 1_Axis_Pos_5,Tr?c n?p v?t li?u 1_V? trí tr?c_5
PLC/上料轴1_Axis_Pos,上料轴1_Axis_Pos_6,24412,上料轴1_Axis_Pos_6,Loading Axis 1_Axis_Pos_6,Tr?c n?p v?t li?u 1_V? trí tr?c_6
PLC/上料轴1_Axis_Pos,上料轴1_Axis_Pos_7,24414,上料轴1_Axis_Pos_7,Loading Axis 1_Axis_Pos_7,Tr?c n?p v?t li?u 1_V? trí tr?c_7
PLC/上料轴1_Axis_Pos,上料轴1_Axis_Pos_8,24416,上料轴1_Axis_Pos_8,Loading Axis 1_Axis_Pos_8,Tr?c n?p v?t li?u 1_V? trí tr?c_8
PLC/上料轴1_Axis_Pos,上料轴1_Axis_Pos_9,24418,上料轴1_Axis_Pos_9,Loading Axis 1_Axis_Pos_9,Tr?c n?p v?t li?u 1_V? trí tr?c_9
PLC/上料轴1_Axis_Pos,上料轴1_Axis_Pos_10,24420,上料轴1_Axis_Pos_10,Loading Axis 1_Axis_Pos_10,Tr?c n?p v?t li?u 1_V? trí tr?c_10
PLC/上料轴1_Axis_Pos,上料轴1_Axis_Pos_11,24422,上料轴1_Axis_Pos_11,Loading Axis 1_Axis_Pos_11,Tr?c n?p v?t li?u 1_V? trí tr?c_11
PLC/上料轴1_Axis_Pos,上料轴1_Axis_Pos_12,24424,上料轴1_Axis_Pos_12,Loading Axis 1_Axis_Pos_12,Tr?c n?p v?t li?u 1_V? trí tr?c_12
PLC/上料轴1_Axis_Pos,上料轴1_Axis_Pos_13,24426,上料轴1_Axis_Pos_13,Loading Axis 1_Axis_Pos_13,Tr?c n?p v?t li?u 1_V? trí tr?c_13
PLC/上料轴1_Axis_Pos,上料轴1_Axis_Pos_14,24428,上料轴1_Axis_Pos_14,Loading Axis 1_Axis_Pos_14,Tr?c n?p v?t li?u 1_V? trí tr?c_14
PLC/上料轴1_Axis_Pos,上料轴1_Axis_Pos_15,24430,上料轴1_Axis_Pos_15,Loading Axis 1_Axis_Pos_15,Tr?c n?p v?t li?u 1_V? trí tr?c_15
PLC/上料轴1_Axis_Pos,上料轴1_Axis_Pos_16,24432,上料轴1_Axis_Pos_16,Loading Axis 1_Axis_Pos_16,Tr?c n?p v?t li?u 1_V? trí tr?c_16
PLC/上料轴1_Axis_Pos,上料轴1_Axis_Pos_17,24434,上料轴1_Axis_Pos_17,Loading Axis 1_Axis_Pos_17,Tr?c n?p v?t li?u 1_V? trí tr?c_17
PLC/上料轴1_Axis_Pos,上料轴1_Axis_Pos_18,24436,上料轴1_Axis_Pos_18,Loading Axis 1_Axis_Pos_18,Tr?c n?p v?t li?u 1_V? trí tr?c_18
PLC/上料轴1_Axis_Pos,上料轴1_Axis_Pos_19,24438,上料轴1_Axis_Pos_19,Loading Axis 1_Axis_Pos_19,Tr?c n?p v?t li?u 1_V? trí tr?c_19
PLC/上料轴1_Axis_Pos,上料轴1_Axis_Pos_20,24440,上料轴1_Axis_Pos_20,Loading Axis 1_Axis_Pos_20,Tr?c n?p v?t li?u 1_V? trí tr?c_20
PLC/上料轴1_Axis_Pos,上料轴1_Axis_Pos_21,24442,上料轴1_Axis_Pos_21,Loading Axis 1_Axis_Pos_21,Tr?c n?p v?t li?u 1_V? trí tr?c_21
PLC/上料轴1_Axis_Pos,上料轴1_Axis_Pos_22,24444,上料轴1_Axis_Pos_22,Loading Axis 1_Axis_Pos_22,Tr?c n?p v?t li?u 1_V? trí tr?c_22
PLC/上料轴1_Axis_Pos,上料轴1_Axis_Pos_23,24446,上料轴1_Axis_Pos_23,Loading Axis 1_Axis_Pos_23,Tr?c n?p v?t li?u 1_V? trí tr?c_23
PLC/上料轴1_Axis_Pos,上料轴1_Axis_Pos_24,24448,上料轴1_Axis_Pos_24,Loading Axis 1_Axis_Pos_24,Tr?c n?p v?t li?u 1_V? trí tr?c_24
PLC/上料轴1_Axis_Pos,上料轴1_Axis_Pos_25,24450,上料轴1_Axis_Pos_25,Loading Axis 1_Axis_Pos_25,Tr?c n?p v?t li?u 1_V? trí tr?c_25
PLC/上料轴1_Axis_Pos,上料轴1_Axis_Pos_26,24452,上料轴1_Axis_Pos_26,Loading Axis 1_Axis_Pos_26,Tr?c n?p v?t li?u 1_V? trí tr?c_26
PLC/上料轴1_Axis_Pos,上料轴1_Axis_Pos_27,24454,上料轴1_Axis_Pos_27,Loading Axis 1_Axis_Pos_27,Tr?c n?p v?t li?u 1_V? trí tr?c_27
PLC/上料轴1_Axis_Pos,上料轴1_Axis_Pos_28,24456,上料轴1_Axis_Pos_28,Loading Axis 1_Axis_Pos_28,Tr?c n?p v?t li?u 1_V? trí tr?c_28
PLC/上料轴1_Axis_Pos,上料轴1_Axis_Pos_29,24458,上料轴1_Axis_Pos_29,Loading Axis 1_Axis_Pos_29,Tr?c n?p v?t li?u 1_V? trí tr?c_29
PLC/上料轴1_Axis_Pos,上料轴1_Axis_Pos_30,24460,上料轴1_Axis_Pos_30,Loading Axis 1_Axis_Pos_30,Tr?c n?p v?t li?u 1_V? trí tr?c_30
PLC/上料轴1_Axis_Pos,上料轴1_Axis_Pos_31,24462,上料轴1_Axis_Pos_31,Loading Axis 1_Axis_Pos_31,Tr?c n?p v?t li?u 1_V? trí tr?c_31
PLC/上料轴1_Axis_Pos,上料轴1_Axis_Pos_32,24464,上料轴1_Axis_Pos_32,Loading Axis 1_Axis_Pos_32,Tr?c n?p v?t li?u 1_V? trí tr?c_32
PLC/上料轴1_Axis_Pos,上料轴1_Axis_Pos_33,24466,上料轴1_Axis_Pos_33,Loading Axis 1_Axis_Pos_33,Tr?c n?p v?t li?u 1_V? trí tr?c_33
PLC/上料轴1_Axis_Pos,上料轴1_Axis_Pos_34,24468,上料轴1_Axis_Pos_34,Loading Axis 1_Axis_Pos_34,Tr?c n?p v?t li?u 1_V? trí tr?c_34
PLC/上料轴1_Axis_Pos,上料轴1_Axis_Pos_35,24470,上料轴1_Axis_Pos_35,Loading Axis 1_Axis_Pos_35,Tr?c n?p v?t li?u 1_V? trí tr?c_35
PLC/上料轴1_Axis_Pos,上料轴1_Axis_Pos_36,24472,上料轴1_Axis_Pos_36,Loading Axis 1_Axis_Pos_36,Tr?c n?p v?t li?u 1_V? trí tr?c_36
PLC/上料轴1_Axis_Pos,上料轴1_Axis_Pos_37,24474,上料轴1_Axis_Pos_37,Loading Axis 1_Axis_Pos_37,Tr?c n?p v?t li?u 1_V? trí tr?c_37
PLC/上料轴1_Axis_Pos,上料轴1_Axis_Pos_38,24476,上料轴1_Axis_Pos_38,Loading Axis 1_Axis_Pos_38,Tr?c n?p v?t li?u 1_V? trí tr?c_38
PLC/上料轴1_Axis_Pos,上料轴1_Axis_Pos_39,24478,上料轴1_Axis_Pos_39,Loading Axis 1_Axis_Pos_39,Tr?c n?p v?t li?u 1_V? trí tr?c_39
PLC/上料轴1_Axis_Pos,上料轴1_Axis_Pos_40,24480,上料轴1_Axis_Pos_40,Loading Axis 1_Axis_Pos_40,Tr?c n?p v?t li?u 1_V? trí tr?c_40
PLC/上料轴1_Axis_Pos,上料轴1_Axis_Pos_41,24482,上料轴1_Axis_Pos_41,Loading Axis 1_Axis_Pos_41,Tr?c n?p v?t li?u 1_V? trí tr?c_41
PLC/上料轴1_Axis_Pos,上料轴1_Axis_Pos_42,24484,上料轴1_Axis_Pos_42,Loading Axis 1_Axis_Pos_42,Tr?c n?p v?t li?u 1_V? trí tr?c_42
PLC/上料轴1_Axis_Pos,上料轴1_Axis_Pos_43,24486,上料轴1_Axis_Pos_43,Loading Axis 1_Axis_Pos_43,Tr?c n?p v?t li?u 1_V? trí tr?c_43
PLC/上料轴1_Axis_Pos,上料轴1_Axis_Pos_44,24488,上料轴1_Axis_Pos_44,Loading Axis 1_Axis_Pos_44,Tr?c n?p v?t li?u 1_V? trí tr?c_44
PLC/上料轴1_Axis_Pos,上料轴1_Axis_Pos_45,24490,上料轴1_Axis_Pos_45,Loading Axis 1_Axis_Pos_45,Tr?c n?p v?t li?u 1_V? trí tr?c_45
PLC/上料轴1_Axis_Pos,上料轴1_Axis_Pos_46,24492,上料轴1_Axis_Pos_46,Loading Axis 1_Axis_Pos_46,Tr?c n?p v?t li?u 1_V? trí tr?c_46
PLC/上料轴1_Axis_Pos,上料轴1_Axis_Pos_47,24494,上料轴1_Axis_Pos_47,Loading Axis 1_Axis_Pos_47,Tr?c n?p v?t li?u 1_V? trí tr?c_47

PLC/上料轴1_Axis_Vel,上料轴1_Axis_Vel_0,24500,上料轴1_Axis_Vel_0,Loading Axis 1_Axis_Vel_0,Tr?c n?p v?t li?u 1_T?c ?? tr?c_0
PLC/上料轴1_Axis_Vel,上料轴1_Axis_Vel_1,24502,上料轴1_Axis_Vel_1,Loading Axis 1_Axis_Vel_1,Tr?c n?p v?t li?u 1_T?c ?? tr?c_1
PLC/上料轴1_Axis_Vel,上料轴1_Axis_Vel_2,24504,上料轴1_Axis_Vel_2,Loading Axis 1_Axis_Vel_2,Tr?c n?p v?t li?u 1_T?c ?? tr?c_2
PLC/上料轴1_Axis_Vel,上料轴1_Axis_Vel_3,24506,上料轴1_Axis_Vel_3,Loading Axis 1_Axis_Vel_3,Tr?c n?p v?t li?u 1_T?c ?? tr?c_3
PLC/上料轴1_Axis_Vel,上料轴1_Axis_Vel_4,24508,上料轴1_Axis_Vel_4,Loading Axis 1_Axis_Vel_4,Tr?c n?p v?t li?u 1_T?c ?? tr?c_4
PLC/上料轴1_Axis_Vel,上料轴1_Axis_Vel_5,24510,上料轴1_Axis_Vel_5,Loading Axis 1_Axis_Vel_5,Tr?c n?p v?t li?u 1_T?c ?? tr?c_5
PLC/上料轴1_Axis_Vel,上料轴1_Axis_Vel_6,24512,上料轴1_Axis_Vel_6,Loading Axis 1_Axis_Vel_6,Tr?c n?p v?t li?u 1_T?c ?? tr?c_6
PLC/上料轴1_Axis_Vel,上料轴1_Axis_Vel_7,24514,上料轴1_Axis_Vel_7,Loading Axis 1_Axis_Vel_7,Tr?c n?p v?t li?u 1_T?c ?? tr?c_7
PLC/上料轴1_Axis_Vel,上料轴1_Axis_Vel_8,24516,上料轴1_Axis_Vel_8,Loading Axis 1_Axis_Vel_8,Tr?c n?p v?t li?u 1_T?c ?? tr?c_8
PLC/上料轴1_Axis_Vel,上料轴1_Axis_Vel_9,24518,上料轴1_Axis_Vel_9,Loading Axis 1_Axis_Vel_9,Tr?c n?p v?t li?u 1_T?c ?? tr?c_9
PLC/上料轴1_Axis_Vel,上料轴1_Axis_Vel_10,24520,上料轴1_Axis_Vel_10,Loading Axis 1_Axis_Vel_10,Tr?c n?p v?t li?u 1_T?c ?? tr?c_10
PLC/上料轴1_Axis_Vel,上料轴1_Axis_Vel_11,24522,上料轴1_Axis_Vel_11,Loading Axis 1_Axis_Vel_11,Tr?c n?p v?t li?u 1_T?c ?? tr?c_11
PLC/上料轴1_Axis_Vel,上料轴1_Axis_Vel_12,24524,上料轴1_Axis_Vel_12,Loading Axis 1_Axis_Vel_12,Tr?c n?p v?t li?u 1_T?c ?? tr?c_12
PLC/上料轴1_Axis_Vel,上料轴1_Axis_Vel_13,24526,上料轴1_Axis_Vel_13,Loading Axis 1_Axis_Vel_13,Tr?c n?p v?t li?u 1_T?c ?? tr?c_13
PLC/上料轴1_Axis_Vel,上料轴1_Axis_Vel_14,24528,上料轴1_Axis_Vel_14,Loading Axis 1_Axis_Vel_14,Tr?c n?p v?t li?u 1_T?c ?? tr?c_14
PLC/上料轴1_Axis_Vel,上料轴1_Axis_Vel_15,24530,上料轴1_Axis_Vel_15,Loading Axis 1_Axis_Vel_15,Tr?c n?p v?t li?u 1_T?c ?? tr?c_15
PLC/上料轴1_Axis_Vel,上料轴1_Axis_Vel_16,24532,上料轴1_Axis_Vel_16,Loading Axis 1_Axis_Vel_16,Tr?c n?p v?t li?u 1_T?c ?? tr?c_16
PLC/上料轴1_Axis_Vel,上料轴1_Axis_Vel_17,24534,上料轴1_Axis_Vel_17,Loading Axis 1_Axis_Vel_17,Tr?c n?p v?t li?u 1_T?c ?? tr?c_17
PLC/上料轴1_Axis_Vel,上料轴1_Axis_Vel_18,24536,上料轴1_Axis_Vel_18,Loading Axis 1_Axis_Vel_18,Tr?c n?p v?t li?u 1_T?c ?? tr?c_18
PLC/上料轴1_Axis_Vel,上料轴1_Axis_Vel_19,24538,上料轴1_Axis_Vel_19,Loading Axis 1_Axis_Vel_19,Tr?c n?p v?t li?u 1_T?c ?? tr?c_19
PLC/上料轴1_Axis_Vel,上料轴1_Axis_Vel_20,24540,上料轴1_Axis_Vel_20,Loading Axis 1_Axis_Vel_20,Tr?c n?p v?t li?u 1_T?c ?? tr?c_20
PLC/上料轴1_Axis_Vel,上料轴1_Axis_Vel_21,24542,上料轴1_Axis_Vel_21,Loading Axis 1_Axis_Vel_21,Tr?c n?p v?t li?u 1_T?c ?? tr?c_21
PLC/上料轴1_Axis_Vel,上料轴1_Axis_Vel_22,24544,上料轴1_Axis_Vel_22,Loading Axis 1_Axis_Vel_22,Tr?c n?p v?t li?u 1_T?c ?? tr?c_22
PLC/上料轴1_Axis_Vel,上料轴1_Axis_Vel_23,24546,上料轴1_Axis_Vel_23,Loading Axis 1_Axis_Vel_23,Tr?c n?p v?t li?u 1_T?c ?? tr?c_23
PLC/上料轴1_Axis_Vel,上料轴1_Axis_Vel_24,24548,上料轴1_Axis_Vel_24,Loading Axis 1_Axis_Vel_24,Tr?c n?p v?t li?u 1_T?c ?? tr?c_24
PLC/上料轴1_Axis_Vel,上料轴1_Axis_Vel_25,24550,上料轴1_Axis_Vel_25,Loading Axis 1_Axis_Vel_25,Tr?c n?p v?t li?u 1_T?c ?? tr?c_25
PLC/上料轴1_Axis_Vel,上料轴1_Axis_Vel_26,24552,上料轴1_Axis_Vel_26,Loading Axis 1_Axis_Vel_26,Tr?c n?p v?t li?u 1_T?c ?? tr?c_26
PLC/上料轴1_Axis_Vel,上料轴1_Axis_Vel_27,24554,上料轴1_Axis_Vel_27,Loading Axis 1_Axis_Vel_27,Tr?c n?p v?t li?u 1_T?c ?? tr?c_27
PLC/上料轴1_Axis_Vel,上料轴1_Axis_Vel_28,24556,上料轴1_Axis_Vel_28,Loading Axis 1_Axis_Vel_28,Tr?c n?p v?t li?u 1_T?c ?? tr?c_28
PLC/上料轴1_Axis_Vel,上料轴1_Axis_Vel_29,24558,上料轴1_Axis_Vel_29,Loading Axis 1_Axis_Vel_29,Tr?c n?p v?t li?u 1_T?c ?? tr?c_29
PLC/上料轴1_Axis_Vel,上料轴1_Axis_Vel_30,24560,上料轴1_Axis_Vel_30,Loading Axis 1_Axis_Vel_30,Tr?c n?p v?t li?u 1_T?c ?? tr?c_30
PLC/上料轴1_Axis_Vel,上料轴1_Axis_Vel_31,24562,上料轴1_Axis_Vel_31,Loading Axis 1_Axis_Vel_31,Tr?c n?p v?t li?u 1_T?c ?? tr?c_31
PLC/上料轴1_Axis_Vel,上料轴1_Axis_Vel_32,24564,上料轴1_Axis_Vel_32,Loading Axis 1_Axis_Vel_32,Tr?c n?p v?t li?u 1_T?c ?? tr?c_32
PLC/上料轴1_Axis_Vel,上料轴1_Axis_Vel_33,24566,上料轴1_Axis_Vel_33,Loading Axis 1_Axis_Vel_33,Tr?c n?p v?t li?u 1_T?c ?? tr?c_33
PLC/上料轴1_Axis_Vel,上料轴1_Axis_Vel_34,24568,上料轴1_Axis_Vel_34,Loading Axis 1_Axis_Vel_34,Tr?c n?p v?t li?u 1_T?c ?? tr?c_34
PLC/上料轴1_Axis_Vel,上料轴1_Axis_Vel_35,24570,上料轴1_Axis_Vel_35,Loading Axis 1_Axis_Vel_35,Tr?c n?p v?t li?u 1_T?c ?? tr?c_35
PLC/上料轴1_Axis_Vel,上料轴1_Axis_Vel_36,24572,上料轴1_Axis_Vel_36,Loading Axis 1_Axis_Vel_36,Tr?c n?p v?t li?u 1_T?c ?? tr?c_36
PLC/上料轴1_Axis_Vel,上料轴1_Axis_Vel_37,24574,上料轴1_Axis_Vel_37,Loading Axis 1_Axis_Vel_37,Tr?c n?p v?t li?u 1_T?c ?? tr?c_37
PLC/上料轴1_Axis_Vel,上料轴1_Axis_Vel_38,24576,上料轴1_Axis_Vel_38,Loading Axis 1_Axis_Vel_38,Tr?c n?p v?t li?u 1_T?c ?? tr?c_38
PLC/上料轴1_Axis_Vel,上料轴1_Axis_Vel_39,24578,上料轴1_Axis_Vel_39,Loading Axis 1_Axis_Vel_39,Tr?c n?p v?t li?u 1_T?c ?? tr?c_39
PLC/上料轴1_Axis_Vel,上料轴1_Axis_Vel_40,24580,上料轴1_Axis_Vel_40,Loading Axis 1_Axis_Vel_40,Tr?c n?p v?t li?u 1_T?c ?? tr?c_40
PLC/上料轴1_Axis_Vel,上料轴1_Axis_Vel_41,24582,上料轴1_Axis_Vel_41,Loading Axis 1_Axis_Vel_41,Tr?c n?p v?t li?u 1_T?c ?? tr?c_41
PLC/上料轴1_Axis_Vel,上料轴1_Axis_Vel_42,24584,上料轴1_Axis_Vel_42,Loading Axis 1_Axis_Vel_42,Tr?c n?p v?t li?u 1_T?c ?? tr?c_42
PLC/上料轴1_Axis_Vel,上料轴1_Axis_Vel_43,24586,上料轴1_Axis_Vel_43,Loading Axis 1_Axis_Vel_43,Tr?c n?p v?t li?u 1_T?c ?? tr?c_43
PLC/上料轴1_Axis_Vel,上料轴1_Axis_Vel_44,24588,上料轴1_Axis_Vel_44,Loading Axis 1_Axis_Vel_44,Tr?c n?p v?t li?u 1_T?c ?? tr?c_44
PLC/上料轴1_Axis_Vel,上料轴1_Axis_Vel_45,24590,上料轴1_Axis_Vel_45,Loading Axis 1_Axis_Vel_45,Tr?c n?p v?t li?u 1_T?c ?? tr?c_45
PLC/上料轴1_Axis_Vel,上料轴1_Axis_Vel_46,24592,上料轴1_Axis_Vel_46,Loading Axis 1_Axis_Vel_46,Tr?c n?p v?t li?u 1_T?c ?? tr?c_46
PLC/上料轴1_Axis_Vel,上料轴1_Axis_Vel_47,24594,上料轴1_Axis_Vel_47,Loading Axis 1_Axis_Vel_47,Tr?c n?p v?t li?u 1_T?c ?? tr?c_47

PLC/上料轴2_Axis_Pos,上料轴2_Axis_Pos_0,24600,上料轴2_Axis_Pos_0,Loading Axis 2_Axis_Pos_0,Tr?c n?p v?t li?u 2_V? trí tr?c_0
PLC/上料轴2_Axis_Pos,上料轴2_Axis_Pos_1,24602,上料轴2_Axis_Pos_1,Loading Axis 2_Axis_Pos_1,Tr?c n?p v?t li?u 2_V? trí tr?c_1
PLC/上料轴2_Axis_Pos,上料轴2_Axis_Pos_2,24604,上料轴2_Axis_Pos_2,Loading Axis 2_Axis_Pos_2,Tr?c n?p v?t li?u 2_V? trí tr?c_2
PLC/上料轴2_Axis_Pos,上料轴2_Axis_Pos_3,24606,上料轴2_Axis_Pos_3,Loading Axis 2_Axis_Pos_3,Tr?c n?p v?t li?u 2_V? trí tr?c_3
PLC/上料轴2_Axis_Pos,上料轴2_Axis_Pos_4,24608,上料轴2_Axis_Pos_4,Loading Axis 2_Axis_Pos_4,Tr?c n?p v?t li?u 2_V? trí tr?c_4
PLC/上料轴2_Axis_Pos,上料轴2_Axis_Pos_5,24610,上料轴2_Axis_Pos_5,Loading Axis 2_Axis_Pos_5,Tr?c n?p v?t li?u 2_V? trí tr?c_5
PLC/上料轴2_Axis_Pos,上料轴2_Axis_Pos_6,24612,上料轴2_Axis_Pos_6,Loading Axis 2_Axis_Pos_6,Tr?c n?p v?t li?u 2_V? trí tr?c_6
PLC/上料轴2_Axis_Pos,上料轴2_Axis_Pos_7,24614,上料轴2_Axis_Pos_7,Loading Axis 2_Axis_Pos_7,Tr?c n?p v?t li?u 2_V? trí tr?c_7
PLC/上料轴2_Axis_Pos,上料轴2_Axis_Pos_8,24616,上料轴2_Axis_Pos_8,Loading Axis 2_Axis_Pos_8,Tr?c n?p v?t li?u 2_V? trí tr?c_8
PLC/上料轴2_Axis_Pos,上料轴2_Axis_Pos_9,24618,上料轴2_Axis_Pos_9,Loading Axis 2_Axis_Pos_9,Tr?c n?p v?t li?u 2_V? trí tr?c_9
PLC/上料轴2_Axis_Pos,上料轴2_Axis_Pos_10,24620,上料轴2_Axis_Pos_10,Loading Axis 2_Axis_Pos_10,Tr?c n?p v?t li?u 2_V? trí tr?c_10
PLC/上料轴2_Axis_Pos,上料轴2_Axis_Pos_11,24622,上料轴2_Axis_Pos_11,Loading Axis 2_Axis_Pos_11,Tr?c n?p v?t li?u 2_V? trí tr?c_11
PLC/上料轴2_Axis_Pos,上料轴2_Axis_Pos_12,24624,上料轴2_Axis_Pos_12,Loading Axis 2_Axis_Pos_12,Tr?c n?p v?t li?u 2_V? trí tr?c_12
PLC/上料轴2_Axis_Pos,上料轴2_Axis_Pos_13,24626,上料轴2_Axis_Pos_13,Loading Axis 2_Axis_Pos_13,Tr?c n?p v?t li?u 2_V? trí tr?c_13
PLC/上料轴2_Axis_Pos,上料轴2_Axis_Pos_14,24628,上料轴2_Axis_Pos_14,Loading Axis 2_Axis_Pos_14,Tr?c n?p v?t li?u 2_V? trí tr?c_14
PLC/上料轴2_Axis_Pos,上料轴2_Axis_Pos_15,24630,上料轴2_Axis_Pos_15,Loading Axis 2_Axis_Pos_15,Tr?c n?p v?t li?u 2_V? trí tr?c_15
PLC/上料轴2_Axis_Pos,上料轴2_Axis_Pos_16,24632,上料轴2_Axis_Pos_16,Loading Axis 2_Axis_Pos_16,Tr?c n?p v?t li?u 2_V? trí tr?c_16
PLC/上料轴2_Axis_Pos,上料轴2_Axis_Pos_17,24634,上料轴2_Axis_Pos_17,Loading Axis 2_Axis_Pos_17,Tr?c n?p v?t li?u 2_V? trí tr?c_17
PLC/上料轴2_Axis_Pos,上料轴2_Axis_Pos_18,24636,上料轴2_Axis_Pos_18,Loading Axis 2_Axis_Pos_18,Tr?c n?p v?t li?u 2_V? trí tr?c_18
PLC/上料轴2_Axis_Pos,上料轴2_Axis_Pos_19,24638,上料轴2_Axis_Pos_19,Loading Axis 2_Axis_Pos_19,Tr?c n?p v?t li?u 2_V? trí tr?c_19
PLC/上料轴2_Axis_Pos,上料轴2_Axis_Pos_20,24640,上料轴2_Axis_Pos_20,Loading Axis 2_Axis_Pos_20,Tr?c n?p v?t li?u 2_V? trí tr?c_20
PLC/上料轴2_Axis_Pos,上料轴2_Axis_Pos_21,24642,上料轴2_Axis_Pos_21,Loading Axis 2_Axis_Pos_21,Tr?c n?p v?t li?u 2_V? trí tr?c_21
PLC/上料轴2_Axis_Pos,上料轴2_Axis_Pos_22,24644,上料轴2_Axis_Pos_22,Loading Axis 2_Axis_Pos_22,Tr?c n?p v?t li?u 2_V? trí tr?c_22
PLC/上料轴2_Axis_Pos,上料轴2_Axis_Pos_23,24646,上料轴2_Axis_Pos_23,Loading Axis 2_Axis_Pos_23,Tr?c n?p v?t li?u 2_V? trí tr?c_23
PLC/上料轴2_Axis_Pos,上料轴2_Axis_Pos_24,24648,上料轴2_Axis_Pos_24,Loading Axis 2_Axis_Pos_24,Tr?c n?p v?t li?u 2_V? trí tr?c_24
PLC/上料轴2_Axis_Pos,上料轴2_Axis_Pos_25,24650,上料轴2_Axis_Pos_25,Loading Axis 2_Axis_Pos_25,Tr?c n?p v?t li?u 2_V? trí tr?c_25
PLC/上料轴2_Axis_Pos,上料轴2_Axis_Pos_26,24652,上料轴2_Axis_Pos_26,Loading Axis 2_Axis_Pos_26,Tr?c n?p v?t li?u 2_V? trí tr?c_26
PLC/上料轴2_Axis_Pos,上料轴2_Axis_Pos_27,24654,上料轴2_Axis_Pos_27,Loading Axis 2_Axis_Pos_27,Tr?c n?p v?t li?u 2_V? trí tr?c_27
PLC/上料轴2_Axis_Pos,上料轴2_Axis_Pos_28,24656,上料轴2_Axis_Pos_28,Loading Axis 2_Axis_Pos_28,Tr?c n?p v?t li?u 2_V? trí tr?c_28
PLC/上料轴2_Axis_Pos,上料轴2_Axis_Pos_29,24658,上料轴2_Axis_Pos_29,Loading Axis 2_Axis_Pos_29,Tr?c n?p v?t li?u 2_V? trí tr?c_29
PLC/上料轴2_Axis_Pos,上料轴2_Axis_Pos_30,24660,上料轴2_Axis_Pos_30,Loading Axis 2_Axis_Pos_30,Tr?c n?p v?t li?u 2_V? trí tr?c_30
PLC/上料轴2_Axis_Pos,上料轴2_Axis_Pos_31,24662,上料轴2_Axis_Pos_31,Loading Axis 2_Axis_Pos_31,Tr?c n?p v?t li?u 2_V? trí tr?c_31
PLC/上料轴2_Axis_Pos,上料轴2_Axis_Pos_32,24664,上料轴2_Axis_Pos_32,Loading Axis 2_Axis_Pos_32,Tr?c n?p v?t li?u 2_V? trí tr?c_32
PLC/上料轴2_Axis_Pos,上料轴2_Axis_Pos_33,24666,上料轴2_Axis_Pos_33,Loading Axis 2_Axis_Pos_33,Tr?c n?p v?t li?u 2_V? trí tr?c_33
PLC/上料轴2_Axis_Pos,上料轴2_Axis_Pos_34,24668,上料轴2_Axis_Pos_34,Loading Axis 2_Axis_Pos_34,Tr?c n?p v?t li?u 2_V? trí tr?c_34
PLC/上料轴2_Axis_Pos,上料轴2_Axis_Pos_35,24670,上料轴2_Axis_Pos_35,Loading Axis 2_Axis_Pos_35,Tr?c n?p v?t li?u 2_V? trí tr?c_35
PLC/上料轴2_Axis_Pos,上料轴2_Axis_Pos_36,24672,上料轴2_Axis_Pos_36,Loading Axis 2_Axis_Pos_36,Tr?c n?p v?t li?u 2_V? trí tr?c_36
PLC/上料轴2_Axis_Pos,上料轴2_Axis_Pos_37,24674,上料轴2_Axis_Pos_37,Loading Axis 2_Axis_Pos_37,Tr?c n?p v?t li?u 2_V? trí tr?c_37
PLC/上料轴2_Axis_Pos,上料轴2_Axis_Pos_38,24676,上料轴2_Axis_Pos_38,Loading Axis 2_Axis_Pos_38,Tr?c n?p v?t li?u 2_V? trí tr?c_38
PLC/上料轴2_Axis_Pos,上料轴2_Axis_Pos_39,24678,上料轴2_Axis_Pos_39,Loading Axis 2_Axis_Pos_39,Tr?c n?p v?t li?u 2_V? trí tr?c_39
PLC/上料轴2_Axis_Pos,上料轴2_Axis_Pos_40,24680,上料轴2_Axis_Pos_40,Loading Axis 2_Axis_Pos_40,Tr?c n?p v?t li?u 2_V? trí tr?c_40
PLC/上料轴2_Axis_Pos,上料轴2_Axis_Pos_41,24682,上料轴2_Axis_Pos_41,Loading Axis 2_Axis_Pos_41,Tr?c n?p v?t li?u 2_V? trí tr?c_41
PLC/上料轴2_Axis_Pos,上料轴2_Axis_Pos_42,24684,上料轴2_Axis_Pos_42,Loading Axis 2_Axis_Pos_42,Tr?c n?p v?t li?u 2_V? trí tr?c_42
PLC/上料轴2_Axis_Pos,上料轴2_Axis_Pos_43,24686,上料轴2_Axis_Pos_43,Loading Axis 2_Axis_Pos_43,Tr?c n?p v?t li?u 2_V? trí tr?c_43
PLC/上料轴2_Axis_Pos,上料轴2_Axis_Pos_44,24688,上料轴2_Axis_Pos_44,Loading Axis 2_Axis_Pos_44,Tr?c n?p v?t li?u 2_V? trí tr?c_44
PLC/上料轴2_Axis_Pos,上料轴2_Axis_Pos_45,24690,上料轴2_Axis_Pos_45,Loading Axis 2_Axis_Pos_45,Tr?c n?p v?t li?u 2_V? trí tr?c_45
PLC/上料轴2_Axis_Pos,上料轴2_Axis_Pos_46,24692,上料轴2_Axis_Pos_46,Loading Axis 2_Axis_Pos_46,Tr?c n?p v?t li?u 2_V? trí tr?c_46
PLC/上料轴2_Axis_Pos,上料轴2_Axis_Pos_47,24694,上料轴2_Axis_Pos_47,Loading Axis 2_Axis_Pos_47,Tr?c n?p v?t li?u 2_V? trí tr?c_47


PLC/上料轴2_Axis_Vel,上料轴2_Axis_Vel_0,24700,上料轴2_Axis_Vel_0,Loading Axis 2_Axis_Vel_0,Tr?c n?p v?t li?u 2_T?c ?? tr?c_0
PLC/上料轴2_Axis_Vel,上料轴2_Axis_Vel_1,24702,上料轴2_Axis_Vel_1,Loading Axis 2_Axis_Vel_1,Tr?c n?p v?t li?u 2_T?c ?? tr?c_1
PLC/上料轴2_Axis_Vel,上料轴2_Axis_Vel_2,24704,上料轴2_Axis_Vel_2,Loading Axis 2_Axis_Vel_2,Tr?c n?p v?t li?u 2_T?c ?? tr?c_2
PLC/上料轴2_Axis_Vel,上料轴2_Axis_Vel_3,24706,上料轴2_Axis_Vel_3,Loading Axis 2_Axis_Vel_3,Tr?c n?p v?t li?u 2_T?c ?? tr?c_3
PLC/上料轴2_Axis_Vel,上料轴2_Axis_Vel_4,24708,上料轴2_Axis_Vel_4,Loading Axis 2_Axis_Vel_4,Tr?c n?p v?t li?u 2_T?c ?? tr?c_4
PLC/上料轴2_Axis_Vel,上料轴2_Axis_Vel_5,24710,上料轴2_Axis_Vel_5,Loading Axis 2_Axis_Vel_5,Tr?c n?p v?t li?u 2_T?c ?? tr?c_5
PLC/上料轴2_Axis_Vel,上料轴2_Axis_Vel_6,24712,上料轴2_Axis_Vel_6,Loading Axis 2_Axis_Vel_6,Tr?c n?p v?t li?u 2_T?c ?? tr?c_6
PLC/上料轴2_Axis_Vel,上料轴2_Axis_Vel_7,24714,上料轴2_Axis_Vel_7,Loading Axis 2_Axis_Vel_7,Tr?c n?p v?t li?u 2_T?c ?? tr?c_7
PLC/上料轴2_Axis_Vel,上料轴2_Axis_Vel_8,24716,上料轴2_Axis_Vel_8,Loading Axis 2_Axis_Vel_8,Tr?c n?p v?t li?u 2_T?c ?? tr?c_8
PLC/上料轴2_Axis_Vel,上料轴2_Axis_Vel_9,24718,上料轴2_Axis_Vel_9,Loading Axis 2_Axis_Vel_9,Tr?c n?p v?t li?u 2_T?c ?? tr?c_9
PLC/上料轴2_Axis_Vel,上料轴2_Axis_Vel_10,24720,上料轴2_Axis_Vel_10,Loading Axis 2_Axis_Vel_10,Tr?c n?p v?t li?u 2_T?c ?? tr?c_10
PLC/上料轴2_Axis_Vel,上料轴2_Axis_Vel_11,24722,上料轴2_Axis_Vel_11,Loading Axis 2_Axis_Vel_11,Tr?c n?p v?t li?u 2_T?c ?? tr?c_11
PLC/上料轴2_Axis_Vel,上料轴2_Axis_Vel_12,24724,上料轴2_Axis_Vel_12,Loading Axis 2_Axis_Vel_12,Tr?c n?p v?t li?u 2_T?c ?? tr?c_12
PLC/上料轴2_Axis_Vel,上料轴2_Axis_Vel_13,24726,上料轴2_Axis_Vel_13,Loading Axis 2_Axis_Vel_13,Tr?c n?p v?t li?u 2_T?c ?? tr?c_13
PLC/上料轴2_Axis_Vel,上料轴2_Axis_Vel_14,24728,上料轴2_Axis_Vel_14,Loading Axis 2_Axis_Vel_14,Tr?c n?p v?t li?u 2_T?c ?? tr?c_14
PLC/上料轴2_Axis_Vel,上料轴2_Axis_Vel_15,24730,上料轴2_Axis_Vel_15,Loading Axis 2_Axis_Vel_15,Tr?c n?p v?t li?u 2_T?c ?? tr?c_15
PLC/上料轴2_Axis_Vel,上料轴2_Axis_Vel_16,24732,上料轴2_Axis_Vel_16,Loading Axis 2_Axis_Vel_16,Tr?c n?p v?t li?u 2_T?c ?? tr?c_16
PLC/上料轴2_Axis_Vel,上料轴2_Axis_Vel_17,24734,上料轴2_Axis_Vel_17,Loading Axis 2_Axis_Vel_17,Tr?c n?p v?t li?u 2_T?c ?? tr?c_17
PLC/上料轴2_Axis_Vel,上料轴2_Axis_Vel_18,24736,上料轴2_Axis_Vel_18,Loading Axis 2_Axis_Vel_18,Tr?c n?p v?t li?u 2_T?c ?? tr?c_18
PLC/上料轴2_Axis_Vel,上料轴2_Axis_Vel_19,24738,上料轴2_Axis_Vel_19,Loading Axis 2_Axis_Vel_19,Tr?c n?p v?t li?u 2_T?c ?? tr?c_19
PLC/上料轴2_Axis_Vel,上料轴2_Axis_Vel_20,24740,上料轴2_Axis_Vel_20,Loading Axis 2_Axis_Vel_20,Tr?c n?p v?t li?u 2_T?c ?? tr?c_20
PLC/上料轴2_Axis_Vel,上料轴2_Axis_Vel_21,24742,上料轴2_Axis_Vel_21,Loading Axis 2_Axis_Vel_21,Tr?c n?p v?t li?u 2_T?c ?? tr?c_21
PLC/上料轴2_Axis_Vel,上料轴2_Axis_Vel_22,24744,上料轴2_Axis_Vel_22,Loading Axis 2_Axis_Vel_22,Tr?c n?p v?t li?u 2_T?c ?? tr?c_22
PLC/上料轴2_Axis_Vel,上料轴2_Axis_Vel_23,24746,上料轴2_Axis_Vel_23,Loading Axis 2_Axis_Vel_23,Tr?c n?p v?t li?u 2_T?c ?? tr?c_23
PLC/上料轴2_Axis_Vel,上料轴2_Axis_Vel_24,24748,上料轴2_Axis_Vel_24,Loading Axis 2_Axis_Vel_24,Tr?c n?p v?t li?u 2_T?c ?? tr?c_24
PLC/上料轴2_Axis_Vel,上料轴2_Axis_Vel_25,24750,上料轴2_Axis_Vel_25,Loading Axis 2_Axis_Vel_25,Tr?c n?p v?t li?u 2_T?c ?? tr?c_25
PLC/上料轴2_Axis_Vel,上料轴2_Axis_Vel_26,24752,上料轴2_Axis_Vel_26,Loading Axis 2_Axis_Vel_26,Tr?c n?p v?t li?u 2_T?c ?? tr?c_26
PLC/上料轴2_Axis_Vel,上料轴2_Axis_Vel_27,24754,上料轴2_Axis_Vel_27,Loading Axis 2_Axis_Vel_27,Tr?c n?p v?t li?u 2_T?c ?? tr?c_27
PLC/上料轴2_Axis_Vel,上料轴2_Axis_Vel_28,24756,上料轴2_Axis_Vel_28,Loading Axis 2_Axis_Vel_28,Tr?c n?p v?t li?u 2_T?c ?? tr?c_28
PLC/上料轴2_Axis_Vel,上料轴2_Axis_Vel_29,24758,上料轴2_Axis_Vel_29,Loading Axis 2_Axis_Vel_29,Tr?c n?p v?t li?u 2_T?c ?? tr?c_29
PLC/上料轴2_Axis_Vel,上料轴2_Axis_Vel_30,24760,上料轴2_Axis_Vel_30,Loading Axis 2_Axis_Vel_30,Tr?c n?p v?t li?u 2_T?c ?? tr?c_30
PLC/上料轴2_Axis_Vel,上料轴2_Axis_Vel_31,24762,上料轴2_Axis_Vel_31,Loading Axis 2_Axis_Vel_31,Tr?c n?p v?t li?u 2_T?c ?? tr?c_31
PLC/上料轴2_Axis_Vel,上料轴2_Axis_Vel_32,24764,上料轴2_Axis_Vel_32,Loading Axis 2_Axis_Vel_32,Tr?c n?p v?t li?u 2_T?c ?? tr?c_32
PLC/上料轴2_Axis_Vel,上料轴2_Axis_Vel_33,24766,上料轴2_Axis_Vel_33,Loading Axis 2_Axis_Vel_33,Tr?c n?p v?t li?u 2_T?c ?? tr?c_33
PLC/上料轴2_Axis_Vel,上料轴2_Axis_Vel_34,24768,上料轴2_Axis_Vel_34,Loading Axis 2_Axis_Vel_34,Tr?c n?p v?t li?u 2_T?c ?? tr?c_34
PLC/上料轴2_Axis_Vel,上料轴2_Axis_Vel_35,24770,上料轴2_Axis_Vel_35,Loading Axis 2_Axis_Vel_35,Tr?c n?p v?t li?u 2_T?c ?? tr?c_35
PLC/上料轴2_Axis_Vel,上料轴2_Axis_Vel_36,24772,上料轴2_Axis_Vel_36,Loading Axis 2_Axis_Vel_36,Tr?c n?p v?t li?u 2_T?c ?? tr?c_36
PLC/上料轴2_Axis_Vel,上料轴2_Axis_Vel_37,24774,上料轴2_Axis_Vel_37,Loading Axis 2_Axis_Vel_37,Tr?c n?p v?t li?u 2_T?c ?? tr?c_37
PLC/上料轴2_Axis_Vel,上料轴2_Axis_Vel_38,24776,上料轴2_Axis_Vel_38,Loading Axis 2_Axis_Vel_38,Tr?c n?p v?t li?u 2_T?c ?? tr?c_38
PLC/上料轴2_Axis_Vel,上料轴2_Axis_Vel_39,24778,上料轴2_Axis_Vel_39,Loading Axis 2_Axis_Vel_39,Tr?c n?p v?t li?u 2_T?c ?? tr?c_39
PLC/上料轴2_Axis_Vel,上料轴2_Axis_Vel_40,24780,上料轴2_Axis_Vel_40,Loading Axis 2_Axis_Vel_40,Tr?c n?p v?t li?u 2_T?c ?? tr?c_40
PLC/上料轴2_Axis_Vel,上料轴2_Axis_Vel_41,24782,上料轴2_Axis_Vel_41,Loading Axis 2_Axis_Vel_41,Tr?c n?p v?t li?u 2_T?c ?? tr?c_41
PLC/上料轴2_Axis_Vel,上料轴2_Axis_Vel_42,24784,上料轴2_Axis_Vel_42,Loading Axis 2_Axis_Vel_42,Tr?c n?p v?t li?u 2_T?c ?? tr?c_42
PLC/上料轴2_Axis_Vel,上料轴2_Axis_Vel_43,24786,上料轴2_Axis_Vel_43,Loading Axis 2_Axis_Vel_43,Tr?c n?p v?t li?u 2_T?c ?? tr?c_43
PLC/上料轴2_Axis_Vel,上料轴2_Axis_Vel_44,24788,上料轴2_Axis_Vel_44,Loading Axis 2_Axis_Vel_44,Tr?c n?p v?t li?u 2_T?c ?? tr?c_44
PLC/上料轴2_Axis_Vel,上料轴2_Axis_Vel_45,24790,上料轴2_Axis_Vel_45,Loading Axis 2_Axis_Vel_45,Tr?c n?p v?t li?u 2_T?c ?? tr?c_45
PLC/上料轴2_Axis_Vel,上料轴2_Axis_Vel_46,24792,上料轴2_Axis_Vel_46,Loading Axis 2_Axis_Vel_46,Tr?c n?p v?t li?u 2_T?c ?? tr?c_46
PLC/上料轴2_Axis_Vel,上料轴2_Axis_Vel_47,24794,上料轴2_Axis_Vel_47,Loading Axis 2_Axis_Vel_47,Tr?c n?p v?t li?u 2_T?c ?? tr?c_47

PLC/线扫轴_Axis_Pos,线扫轴_Axis_Pos_0,24800,线扫轴_Axis_Pos_0,Line Scan Axis_Axis_Pos_0,Tr?c quét ???ng_V? trí tr?c_0
PLC/线扫轴_Axis_Pos,线扫轴_Axis_Pos_1,24802,线扫轴_Axis_Pos_1,Line Scan Axis_Axis_Pos_1,Tr?c quét ???ng_V? trí tr?c_1
PLC/线扫轴_Axis_Pos,线扫轴_Axis_Pos_2,24804,线扫轴_Axis_Pos_2,Line Scan Axis_Axis_Pos_2,Tr?c quét ???ng_V? trí tr?c_2
PLC/线扫轴_Axis_Pos,线扫轴_Axis_Pos_3,24806,线扫轴_Axis_Pos_3,Line Scan Axis_Axis_Pos_3,Tr?c quét ???ng_V? trí tr?c_3
PLC/线扫轴_Axis_Pos,线扫轴_Axis_Pos_4,24808,线扫轴_Axis_Pos_4,Line Scan Axis_Axis_Pos_4,Tr?c quét ???ng_V? trí tr?c_4
PLC/线扫轴_Axis_Pos,线扫轴_Axis_Pos_5,24810,线扫轴_Axis_Pos_5,Line Scan Axis_Axis_Pos_5,Tr?c quét ???ng_V? trí tr?c_5
PLC/线扫轴_Axis_Pos,线扫轴_Axis_Pos_6,24812,线扫轴_Axis_Pos_6,Line Scan Axis_Axis_Pos_6,Tr?c quét ???ng_V? trí tr?c_6
PLC/线扫轴_Axis_Pos,线扫轴_Axis_Pos_7,24814,线扫轴_Axis_Pos_7,Line Scan Axis_Axis_Pos_7,Tr?c quét ???ng_V? trí tr?c_7
PLC/线扫轴_Axis_Pos,线扫轴_Axis_Pos_8,24816,线扫轴_Axis_Pos_8,Line Scan Axis_Axis_Pos_8,Tr?c quét ???ng_V? trí tr?c_8
PLC/线扫轴_Axis_Pos,线扫轴_Axis_Pos_9,24818,线扫轴_Axis_Pos_9,Line Scan Axis_Axis_Pos_9,Tr?c quét ???ng_V? trí tr?c_9
PLC/线扫轴_Axis_Pos,线扫轴_Axis_Pos_10,24820,线扫轴_Axis_Pos_10,Line Scan Axis_Axis_Pos_10,Tr?c quét ???ng_V? trí tr?c_10
PLC/线扫轴_Axis_Pos,线扫轴_Axis_Pos_11,24822,线扫轴_Axis_Pos_11,Line Scan Axis_Axis_Pos_11,Tr?c quét ???ng_V? trí tr?c_11
PLC/线扫轴_Axis_Pos,线扫轴_Axis_Pos_12,24824,线扫轴_Axis_Pos_12,Line Scan Axis_Axis_Pos_12,Tr?c quét ???ng_V? trí tr?c_12
PLC/线扫轴_Axis_Pos,线扫轴_Axis_Pos_13,24826,线扫轴_Axis_Pos_13,Line Scan Axis_Axis_Pos_13,Tr?c quét ???ng_V? trí tr?c_13
PLC/线扫轴_Axis_Pos,线扫轴_Axis_Pos_14,24828,线扫轴_Axis_Pos_14,Line Scan Axis_Axis_Pos_14,Tr?c quét ???ng_V? trí tr?c_14
PLC/线扫轴_Axis_Pos,线扫轴_Axis_Pos_15,24830,线扫轴_Axis_Pos_15,Line Scan Axis_Axis_Pos_15,Tr?c quét ???ng_V? trí tr?c_15
PLC/线扫轴_Axis_Pos,线扫轴_Axis_Pos_16,24832,线扫轴_Axis_Pos_16,Line Scan Axis_Axis_Pos_16,Tr?c quét ???ng_V? trí tr?c_16
PLC/线扫轴_Axis_Pos,线扫轴_Axis_Pos_17,24834,线扫轴_Axis_Pos_17,Line Scan Axis_Axis_Pos_17,Tr?c quét ???ng_V? trí tr?c_17
PLC/线扫轴_Axis_Pos,线扫轴_Axis_Pos_18,24836,线扫轴_Axis_Pos_18,Line Scan Axis_Axis_Pos_18,Tr?c quét ???ng_V? trí tr?c_18
PLC/线扫轴_Axis_Pos,线扫轴_Axis_Pos_19,24838,线扫轴_Axis_Pos_19,Line Scan Axis_Axis_Pos_19,Tr?c quét ???ng_V? trí tr?c_19
PLC/线扫轴_Axis_Pos,线扫轴_Axis_Pos_20,24840,线扫轴_Axis_Pos_20,Line Scan Axis_Axis_Pos_20,Tr?c quét ???ng_V? trí tr?c_20
PLC/线扫轴_Axis_Pos,线扫轴_Axis_Pos_21,24842,线扫轴_Axis_Pos_21,Line Scan Axis_Axis_Pos_21,Tr?c quét ???ng_V? trí tr?c_21
PLC/线扫轴_Axis_Pos,线扫轴_Axis_Pos_22,24844,线扫轴_Axis_Pos_22,Line Scan Axis_Axis_Pos_22,Tr?c quét ???ng_V? trí tr?c_22
PLC/线扫轴_Axis_Pos,线扫轴_Axis_Pos_23,24846,线扫轴_Axis_Pos_23,Line Scan Axis_Axis_Pos_23,Tr?c quét ???ng_V? trí tr?c_23
PLC/线扫轴_Axis_Pos,线扫轴_Axis_Pos_24,24848,线扫轴_Axis_Pos_24,Line Scan Axis_Axis_Pos_24,Tr?c quét ???ng_V? trí tr?c_24
PLC/线扫轴_Axis_Pos,线扫轴_Axis_Pos_25,24850,线扫轴_Axis_Pos_25,Line Scan Axis_Axis_Pos_25,Tr?c quét ???ng_V? trí tr?c_25
PLC/线扫轴_Axis_Pos,线扫轴_Axis_Pos_26,24852,线扫轴_Axis_Pos_26,Line Scan Axis_Axis_Pos_26,Tr?c quét ???ng_V? trí tr?c_26
PLC/线扫轴_Axis_Pos,线扫轴_Axis_Pos_27,24854,线扫轴_Axis_Pos_27,Line Scan Axis_Axis_Pos_27,Tr?c quét ???ng_V? trí tr?c_27
PLC/线扫轴_Axis_Pos,线扫轴_Axis_Pos_28,24856,线扫轴_Axis_Pos_28,Line Scan Axis_Axis_Pos_28,Tr?c quét ???ng_V? trí tr?c_28
PLC/线扫轴_Axis_Pos,线扫轴_Axis_Pos_29,24858,线扫轴_Axis_Pos_29,Line Scan Axis_Axis_Pos_29,Tr?c quét ???ng_V? trí tr?c_29
PLC/线扫轴_Axis_Pos,线扫轴_Axis_Pos_30,24860,线扫轴_Axis_Pos_30,Line Scan Axis_Axis_Pos_30,Tr?c quét ???ng_V? trí tr?c_30
PLC/线扫轴_Axis_Pos,线扫轴_Axis_Pos_31,24862,线扫轴_Axis_Pos_31,Line Scan Axis_Axis_Pos_31,Tr?c quét ???ng_V? trí tr?c_31
PLC/线扫轴_Axis_Pos,线扫轴_Axis_Pos_32,24864,线扫轴_Axis_Pos_32,Line Scan Axis_Axis_Pos_32,Tr?c quét ???ng_V? trí tr?c_32
PLC/线扫轴_Axis_Pos,线扫轴_Axis_Pos_33,24866,线扫轴_Axis_Pos_33,Line Scan Axis_Axis_Pos_33,Tr?c quét ???ng_V? trí tr?c_33
PLC/线扫轴_Axis_Pos,线扫轴_Axis_Pos_34,24868,线扫轴_Axis_Pos_34,Line Scan Axis_Axis_Pos_34,Tr?c quét ???ng_V? trí tr?c_34
PLC/线扫轴_Axis_Pos,线扫轴_Axis_Pos_35,24870,线扫轴_Axis_Pos_35,Line Scan Axis_Axis_Pos_35,Tr?c quét ???ng_V? trí tr?c_35
PLC/线扫轴_Axis_Pos,线扫轴_Axis_Pos_36,24872,线扫轴_Axis_Pos_36,Line Scan Axis_Axis_Pos_36,Tr?c quét ???ng_V? trí tr?c_36
PLC/线扫轴_Axis_Pos,线扫轴_Axis_Pos_37,24874,线扫轴_Axis_Pos_37,Line Scan Axis_Axis_Pos_37,Tr?c quét ???ng_V? trí tr?c_37
PLC/线扫轴_Axis_Pos,线扫轴_Axis_Pos_38,24876,线扫轴_Axis_Pos_38,Line Scan Axis_Axis_Pos_38,Tr?c quét ???ng_V? trí tr?c_38
PLC/线扫轴_Axis_Pos,线扫轴_Axis_Pos_39,24878,线扫轴_Axis_Pos_39,Line Scan Axis_Axis_Pos_39,Tr?c quét ???ng_V? trí tr?c_39
PLC/线扫轴_Axis_Pos,线扫轴_Axis_Pos_40,24880,线扫轴_Axis_Pos_40,Line Scan Axis_Axis_Pos_40,Tr?c quét ???ng_V? trí tr?c_40
PLC/线扫轴_Axis_Pos,线扫轴_Axis_Pos_41,24882,线扫轴_Axis_Pos_41,Line Scan Axis_Axis_Pos_41,Tr?c quét ???ng_V? trí tr?c_41
PLC/线扫轴_Axis_Pos,线扫轴_Axis_Pos_42,24884,线扫轴_Axis_Pos_42,Line Scan Axis_Axis_Pos_42,Tr?c quét ???ng_V? trí tr?c_42
PLC/线扫轴_Axis_Pos,线扫轴_Axis_Pos_43,24886,线扫轴_Axis_Pos_43,Line Scan Axis_Axis_Pos_43,Tr?c quét ???ng_V? trí tr?c_43
PLC/线扫轴_Axis_Pos,线扫轴_Axis_Pos_44,24888,线扫轴_Axis_Pos_44,Line Scan Axis_Axis_Pos_44,Tr?c quét ???ng_V? trí tr?c_44
PLC/线扫轴_Axis_Pos,线扫轴_Axis_Pos_45,24890,线扫轴_Axis_Pos_45,Line Scan Axis_Axis_Pos_45,Tr?c quét ???ng_V? trí tr?c_45
PLC/线扫轴_Axis_Pos,线扫轴_Axis_Pos_46,24892,线扫轴_Axis_Pos_46,Line Scan Axis_Axis_Pos_46,Tr?c quét ???ng_V? trí tr?c_46
PLC/线扫轴_Axis_Pos,线扫轴_Axis_Pos_47,24894,线扫轴_Axis_Pos_47,Line Scan Axis_Axis_Pos_47,Tr?c quét ???ng_V? trí tr?c_47


PLC/线扫轴_Axis_Vel,线扫轴_Axis_Vel_0,24900,线扫轴_Axis_Vel_0,Line Scan Axis_Axis_Vel_0,Tr?c quét ???ng_V?n t?c tr?c_0
PLC/线扫轴_Axis_Vel,线扫轴_Axis_Vel_1,24902,线扫轴_Axis_Vel_1,Line Scan Axis_Axis_Vel_1,Tr?c quét ???ng_V?n t?c tr?c_1
PLC/线扫轴_Axis_Vel,线扫轴_Axis_Vel_2,24904,线扫轴_Axis_Vel_2,Line Scan Axis_Axis_Vel_2,Tr?c quét ???ng_V?n t?c tr?c_2
PLC/线扫轴_Axis_Vel,线扫轴_Axis_Vel_3,24906,线扫轴_Axis_Vel_3,Line Scan Axis_Axis_Vel_3,Tr?c quét ???ng_V?n t?c tr?c_3
PLC/线扫轴_Axis_Vel,线扫轴_Axis_Vel_4,24908,线扫轴_Axis_Vel_4,Line Scan Axis_Axis_Vel_4,Tr?c quét ???ng_V?n t?c tr?c_4
PLC/线扫轴_Axis_Vel,线扫轴_Axis_Vel_5,24910,线扫轴_Axis_Vel_5,Line Scan Axis_Axis_Vel_5,Tr?c quét ???ng_V?n t?c tr?c_5
PLC/线扫轴_Axis_Vel,线扫轴_Axis_Vel_6,24912,线扫轴_Axis_Vel_6,Line Scan Axis_Axis_Vel_6,Tr?c quét ???ng_V?n t?c tr?c_6
PLC/线扫轴_Axis_Vel,线扫轴_Axis_Vel_7,24914,线扫轴_Axis_Vel_7,Line Scan Axis_Axis_Vel_7,Tr?c quét ???ng_V?n t?c tr?c_7
PLC/线扫轴_Axis_Vel,线扫轴_Axis_Vel_8,24916,线扫轴_Axis_Vel_8,Line Scan Axis_Axis_Vel_8,Tr?c quét ???ng_V?n t?c tr?c_8
PLC/线扫轴_Axis_Vel,线扫轴_Axis_Vel_9,24918,线扫轴_Axis_Vel_9,Line Scan Axis_Axis_Vel_9,Tr?c quét ???ng_V?n t?c tr?c_9
PLC/线扫轴_Axis_Vel,线扫轴_Axis_Vel_10,24920,线扫轴_Axis_Vel_10,Line Scan Axis_Axis_Vel_10,Tr?c quét ???ng_V?n t?c tr?c_10
PLC/线扫轴_Axis_Vel,线扫轴_Axis_Vel_11,24922,线扫轴_Axis_Vel_11,Line Scan Axis_Axis_Vel_11,Tr?c quét ???ng_V?n t?c tr?c_11
PLC/线扫轴_Axis_Vel,线扫轴_Axis_Vel_12,24924,线扫轴_Axis_Vel_12,Line Scan Axis_Axis_Vel_12,Tr?c quét ???ng_V?n t?c tr?c_12
PLC/线扫轴_Axis_Vel,线扫轴_Axis_Vel_13,24926,线扫轴_Axis_Vel_13,Line Scan Axis_Axis_Vel_13,Tr?c quét ???ng_V?n t?c tr?c_13
PLC/线扫轴_Axis_Vel,线扫轴_Axis_Vel_14,24928,线扫轴_Axis_Vel_14,Line Scan Axis_Axis_Vel_14,Tr?c quét ???ng_V?n t?c tr?c_14
PLC/线扫轴_Axis_Vel,线扫轴_Axis_Vel_15,24930,线扫轴_Axis_Vel_15,Line Scan Axis_Axis_Vel_15,Tr?c quét ???ng_V?n t?c tr?c_15
PLC/线扫轴_Axis_Vel,线扫轴_Axis_Vel_16,24932,线扫轴_Axis_Vel_16,Line Scan Axis_Axis_Vel_16,Tr?c quét ???ng_V?n t?c tr?c_16
PLC/线扫轴_Axis_Vel,线扫轴_Axis_Vel_17,24934,线扫轴_Axis_Vel_17,Line Scan Axis_Axis_Vel_17,Tr?c quét ???ng_V?n t?c tr?c_17
PLC/线扫轴_Axis_Vel,线扫轴_Axis_Vel_18,24936,线扫轴_Axis_Vel_18,Line Scan Axis_Axis_Vel_18,Tr?c quét ???ng_V?n t?c tr?c_18
PLC/线扫轴_Axis_Vel,线扫轴_Axis_Vel_19,24938,线扫轴_Axis_Vel_19,Line Scan Axis_Axis_Vel_19,Tr?c quét ???ng_V?n t?c tr?c_19
PLC/线扫轴_Axis_Vel,线扫轴_Axis_Vel_20,24940,线扫轴_Axis_Vel_20,Line Scan Axis_Axis_Vel_20,Tr?c quét ???ng_V?n t?c tr?c_20
PLC/线扫轴_Axis_Vel,线扫轴_Axis_Vel_21,24942,线扫轴_Axis_Vel_21,Line Scan Axis_Axis_Vel_21,Tr?c quét ???ng_V?n t?c tr?c_21
PLC/线扫轴_Axis_Vel,线扫轴_Axis_Vel_22,24944,线扫轴_Axis_Vel_22,Line Scan Axis_Axis_Vel_22,Tr?c quét ???ng_V?n t?c tr?c_22
PLC/线扫轴_Axis_Vel,线扫轴_Axis_Vel_23,24946,线扫轴_Axis_Vel_23,Line Scan Axis_Axis_Vel_23,Tr?c quét ???ng_V?n t?c tr?c_23
PLC/线扫轴_Axis_Vel,线扫轴_Axis_Vel_24,24948,线扫轴_Axis_Vel_24,Line Scan Axis_Axis_Vel_24,Tr?c quét ???ng_V?n t?c tr?c_24
PLC/线扫轴_Axis_Vel,线扫轴_Axis_Vel_25,24950,线扫轴_Axis_Vel_25,Line Scan Axis_Axis_Vel_25,Tr?c quét ???ng_V?n t?c tr?c_25
PLC/线扫轴_Axis_Vel,线扫轴_Axis_Vel_26,24952,线扫轴_Axis_Vel_26,Line Scan Axis_Axis_Vel_26,Tr?c quét ???ng_V?n t?c tr?c_26
PLC/线扫轴_Axis_Vel,线扫轴_Axis_Vel_27,24954,线扫轴_Axis_Vel_27,Line Scan Axis_Axis_Vel_27,Tr?c quét ???ng_V?n t?c tr?c_27
PLC/线扫轴_Axis_Vel,线扫轴_Axis_Vel_28,24956,线扫轴_Axis_Vel_28,Line Scan Axis_Axis_Vel_28,Tr?c quét ???ng_V?n t?c tr?c_28
PLC/线扫轴_Axis_Vel,线扫轴_Axis_Vel_29,24958,线扫轴_Axis_Vel_29,Line Scan Axis_Axis_Vel_29,Tr?c quét ???ng_V?n t?c tr?c_29
PLC/线扫轴_Axis_Vel,线扫轴_Axis_Vel_30,24960,线扫轴_Axis_Vel_30,Line Scan Axis_Axis_Vel_30,Tr?c quét ???ng_V?n t?c tr?c_30
PLC/线扫轴_Axis_Vel,线扫轴_Axis_Vel_31,24962,线扫轴_Axis_Vel_31,Line Scan Axis_Axis_Vel_31,Tr?c quét ???ng_V?n t?c tr?c_31
PLC/线扫轴_Axis_Vel,线扫轴_Axis_Vel_32,24964,线扫轴_Axis_Vel_32,Line Scan Axis_Axis_Vel_32,Tr?c quét ???ng_V?n t?c tr?c_32
PLC/线扫轴_Axis_Vel,线扫轴_Axis_Vel_33,24966,线扫轴_Axis_Vel_33,Line Scan Axis_Axis_Vel_33,Tr?c quét ???ng_V?n t?c tr?c_33
PLC/线扫轴_Axis_Vel,线扫轴_Axis_Vel_34,24968,线扫轴_Axis_Vel_34,Line Scan Axis_Axis_Vel_34,Tr?c quét ???ng_V?n t?c tr?c_34
PLC/线扫轴_Axis_Vel,线扫轴_Axis_Vel_35,24970,线扫轴_Axis_Vel_35,Line Scan Axis_Axis_Vel_35,Tr?c quét ???ng_V?n t?c tr?c_35
PLC/线扫轴_Axis_Vel,线扫轴_Axis_Vel_36,24972,线扫轴_Axis_Vel_36,Line Scan Axis_Axis_Vel_36,Tr?c quét ???ng_V?n t?c tr?c_36
PLC/线扫轴_Axis_Vel,线扫轴_Axis_Vel_37,24974,线扫轴_Axis_Vel_37,Line Scan Axis_Axis_Vel_37,Tr?c quét ???ng_V?n t?c tr?c_37
PLC/线扫轴_Axis_Vel,线扫轴_Axis_Vel_38,24976,线扫轴_Axis_Vel_38,Line Scan Axis_Axis_Vel_38,Tr?c quét ???ng_V?n t?c tr?c_38
PLC/线扫轴_Axis_Vel,线扫轴_Axis_Vel_39,24978,线扫轴_Axis_Vel_39,Line Scan Axis_Axis_Vel_39,Tr?c quét ???ng_V?n t?c tr?c_39
PLC/线扫轴_Axis_Vel,线扫轴_Axis_Vel_40,24980,线扫轴_Axis_Vel_40,Line Scan Axis_Axis_Vel_40,Tr?c quét ???ng_V?n t?c tr?c_40
PLC/线扫轴_Axis_Vel,线扫轴_Axis_Vel_41,24982,线扫轴_Axis_Vel_41,Line Scan Axis_Axis_Vel_41,Tr?c quét ???ng_V?n t?c tr?c_41
PLC/线扫轴_Axis_Vel,线扫轴_Axis_Vel_42,24984,线扫轴_Axis_Vel_42,Line Scan Axis_Axis_Vel_42,Tr?c quét ???ng_V?n t?c tr?c_42
PLC/线扫轴_Axis_Vel,线扫轴_Axis_Vel_43,24986,线扫轴_Axis_Vel_43,Line Scan Axis_Axis_Vel_43,Tr?c quét ???ng_V?n t?c tr?c_43
PLC/线扫轴_Axis_Vel,线扫轴_Axis_Vel_44,24988,线扫轴_Axis_Vel_44,Line Scan Axis_Axis_Vel_44,Tr?c quét ???ng_V?n t?c tr?c_44
PLC/线扫轴_Axis_Vel,线扫轴_Axis_Vel_45,24990,线扫轴_Axis_Vel_45,Line Scan Axis_Axis_Vel_45,Tr?c quét ???ng_V?n t?c tr?c_45
PLC/线扫轴_Axis_Vel,线扫轴_Axis_Vel_46,24992,线扫轴_Axis_Vel_46,Line Scan Axis_Axis_Vel_46,Tr?c quét ???ng_V?n t?c tr?c_46
PLC/线扫轴_Axis_Vel,线扫轴_Axis_Vel_47,24994,线扫轴_Axis_Vel_47,Line Scan Axis_Axis_Vel_47,Tr?c quét ???ng_V?n t?c tr?c_47

PLC/Y轴1_Axis_Pos,Y轴1_Axis_Pos_0,25000,Y轴1_Axis_Pos_0,Y Axis 1_Axis_Pos_0,Tr?c Y 1_V? trí Tr?c_0
PLC/Y轴1_Axis_Pos,Y轴1_Axis_Pos_1,25002,Y轴1_Axis_Pos_1,Y Axis 1_Axis_Pos_1,Tr?c Y 1_V? trí Tr?c_1
PLC/Y轴1_Axis_Pos,Y轴1_Axis_Pos_2,25004,Y轴1_Axis_Pos_2,Y Axis 1_Axis_Pos_2,Tr?c Y 1_V? trí Tr?c_2
PLC/Y轴1_Axis_Pos,Y轴1_Axis_Pos_3,25006,Y轴1_Axis_Pos_3,Y Axis 1_Axis_Pos_3,Tr?c Y 1_V? trí Tr?c_3
PLC/Y轴1_Axis_Pos,Y轴1_Axis_Pos_4,25008,Y轴1_Axis_Pos_4,Y Axis 1_Axis_Pos_4,Tr?c Y 1_V? trí Tr?c_4
PLC/Y轴1_Axis_Pos,Y轴1_Axis_Pos_5,25010,Y轴1_Axis_Pos_5,Y Axis 1_Axis_Pos_5,Tr?c Y 1_V? trí Tr?c_5
PLC/Y轴1_Axis_Pos,Y轴1_Axis_Pos_6,25012,Y轴1_Axis_Pos_6,Y Axis 1_Axis_Pos_6,Tr?c Y 1_V? trí Tr?c_6
PLC/Y轴1_Axis_Pos,Y轴1_Axis_Pos_7,25014,Y轴1_Axis_Pos_7,Y Axis 1_Axis_Pos_7,Tr?c Y 1_V? trí Tr?c_7
PLC/Y轴1_Axis_Pos,Y轴1_Axis_Pos_8,25016,Y轴1_Axis_Pos_8,Y Axis 1_Axis_Pos_8,Tr?c Y 1_V? trí Tr?c_8
PLC/Y轴1_Axis_Pos,Y轴1_Axis_Pos_9,25018,Y轴1_Axis_Pos_9,Y Axis 1_Axis_Pos_9,Tr?c Y 1_V? trí Tr?c_9
PLC/Y轴1_Axis_Pos,Y轴1_Axis_Pos_10,25020,Y轴1_Axis_Pos_10,Y Axis 1_Axis_Pos_10,Tr?c Y 1_V? trí Tr?c_10
PLC/Y轴1_Axis_Pos,Y轴1_Axis_Pos_11,25022,Y轴1_Axis_Pos_11,Y Axis 1_Axis_Pos_11,Tr?c Y 1_V? trí Tr?c_11
PLC/Y轴1_Axis_Pos,Y轴1_Axis_Pos_12,25024,Y轴1_Axis_Pos_12,Y Axis 1_Axis_Pos_12,Tr?c Y 1_V? trí Tr?c_12
PLC/Y轴1_Axis_Pos,Y轴1_Axis_Pos_13,25026,Y轴1_Axis_Pos_13,Y Axis 1_Axis_Pos_13,Tr?c Y 1_V? trí Tr?c_13
PLC/Y轴1_Axis_Pos,Y轴1_Axis_Pos_14,25028,Y轴1_Axis_Pos_14,Y Axis 1_Axis_Pos_14,Tr?c Y 1_V? trí Tr?c_14
PLC/Y轴1_Axis_Pos,Y轴1_Axis_Pos_15,25030,Y轴1_Axis_Pos_15,Y Axis 1_Axis_Pos_15,Tr?c Y 1_V? trí Tr?c_15
PLC/Y轴1_Axis_Pos,Y轴1_Axis_Pos_16,25032,Y轴1_Axis_Pos_16,Y Axis 1_Axis_Pos_16,Tr?c Y 1_V? trí Tr?c_16
PLC/Y轴1_Axis_Pos,Y轴1_Axis_Pos_17,25034,Y轴1_Axis_Pos_17,Y Axis 1_Axis_Pos_17,Tr?c Y 1_V? trí Tr?c_17
PLC/Y轴1_Axis_Pos,Y轴1_Axis_Pos_18,25036,Y轴1_Axis_Pos_18,Y Axis 1_Axis_Pos_18,Tr?c Y 1_V? trí Tr?c_18
PLC/Y轴1_Axis_Pos,Y轴1_Axis_Pos_19,25038,Y轴1_Axis_Pos_19,Y Axis 1_Axis_Pos_19,Tr?c Y 1_V? trí Tr?c_19
PLC/Y轴1_Axis_Pos,Y轴1_Axis_Pos_20,25040,Y轴1_Axis_Pos_20,Y Axis 1_Axis_Pos_20,Tr?c Y 1_V? trí Tr?c_20
PLC/Y轴1_Axis_Pos,Y轴1_Axis_Pos_21,25042,Y轴1_Axis_Pos_21,Y Axis 1_Axis_Pos_21,Tr?c Y 1_V? trí Tr?c_21
PLC/Y轴1_Axis_Pos,Y轴1_Axis_Pos_22,25044,Y轴1_Axis_Pos_22,Y Axis 1_Axis_Pos_22,Tr?c Y 1_V? trí Tr?c_22
PLC/Y轴1_Axis_Pos,Y轴1_Axis_Pos_23,25046,Y轴1_Axis_Pos_23,Y Axis 1_Axis_Pos_23,Tr?c Y 1_V? trí Tr?c_23
PLC/Y轴1_Axis_Pos,Y轴1_Axis_Pos_24,25048,Y轴1_Axis_Pos_24,Y Axis 1_Axis_Pos_24,Tr?c Y 1_V? trí Tr?c_24
PLC/Y轴1_Axis_Pos,Y轴1_Axis_Pos_25,25050,Y轴1_Axis_Pos_25,Y Axis 1_Axis_Pos_25,Tr?c Y 1_V? trí Tr?c_25
PLC/Y轴1_Axis_Pos,Y轴1_Axis_Pos_26,25052,Y轴1_Axis_Pos_26,Y Axis 1_Axis_Pos_26,Tr?c Y 1_V? trí Tr?c_26
PLC/Y轴1_Axis_Pos,Y轴1_Axis_Pos_27,25054,Y轴1_Axis_Pos_27,Y Axis 1_Axis_Pos_27,Tr?c Y 1_V? trí Tr?c_27
PLC/Y轴1_Axis_Pos,Y轴1_Axis_Pos_28,25056,Y轴1_Axis_Pos_28,Y Axis 1_Axis_Pos_28,Tr?c Y 1_V? trí Tr?c_28
PLC/Y轴1_Axis_Pos,Y轴1_Axis_Pos_29,25058,Y轴1_Axis_Pos_29,Y Axis 1_Axis_Pos_29,Tr?c Y 1_V? trí Tr?c_29
PLC/Y轴1_Axis_Pos,Y轴1_Axis_Pos_30,25060,Y轴1_Axis_Pos_30,Y Axis 1_Axis_Pos_30,Tr?c Y 1_V? trí Tr?c_30
PLC/Y轴1_Axis_Pos,Y轴1_Axis_Pos_31,25062,Y轴1_Axis_Pos_31,Y Axis 1_Axis_Pos_31,Tr?c Y 1_V? trí Tr?c_31
PLC/Y轴1_Axis_Pos,Y轴1_Axis_Pos_32,25064,Y轴1_Axis_Pos_32,Y Axis 1_Axis_Pos_32,Tr?c Y 1_V? trí Tr?c_32
PLC/Y轴1_Axis_Pos,Y轴1_Axis_Pos_33,25066,Y轴1_Axis_Pos_33,Y Axis 1_Axis_Pos_33,Tr?c Y 1_V? trí Tr?c_33
PLC/Y轴1_Axis_Pos,Y轴1_Axis_Pos_34,25068,Y轴1_Axis_Pos_34,Y Axis 1_Axis_Pos_34,Tr?c Y 1_V? trí Tr?c_34
PLC/Y轴1_Axis_Pos,Y轴1_Axis_Pos_35,25070,Y轴1_Axis_Pos_35,Y Axis 1_Axis_Pos_35,Tr?c Y 1_V? trí Tr?c_35
PLC/Y轴1_Axis_Pos,Y轴1_Axis_Pos_36,25072,Y轴1_Axis_Pos_36,Y Axis 1_Axis_Pos_36,Tr?c Y 1_V? trí Tr?c_36
PLC/Y轴1_Axis_Pos,Y轴1_Axis_Pos_37,25074,Y轴1_Axis_Pos_37,Y Axis 1_Axis_Pos_37,Tr?c Y 1_V? trí Tr?c_37
PLC/Y轴1_Axis_Pos,Y轴1_Axis_Pos_38,25076,Y轴1_Axis_Pos_38,Y Axis 1_Axis_Pos_38,Tr?c Y 1_V? trí Tr?c_38
PLC/Y轴1_Axis_Pos,Y轴1_Axis_Pos_39,25078,Y轴1_Axis_Pos_39,Y Axis 1_Axis_Pos_39,Tr?c Y 1_V? trí Tr?c_39
PLC/Y轴1_Axis_Pos,Y轴1_Axis_Pos_40,25080,Y轴1_Axis_Pos_40,Y Axis 1_Axis_Pos_40,Tr?c Y 1_V? trí Tr?c_40
PLC/Y轴1_Axis_Pos,Y轴1_Axis_Pos_41,25082,Y轴1_Axis_Pos_41,Y Axis 1_Axis_Pos_41,Tr?c Y 1_V? trí Tr?c_41
PLC/Y轴1_Axis_Pos,Y轴1_Axis_Pos_42,25084,Y轴1_Axis_Pos_42,Y Axis 1_Axis_Pos_42,Tr?c Y 1_V? trí Tr?c_42
PLC/Y轴1_Axis_Pos,Y轴1_Axis_Pos_43,25086,Y轴1_Axis_Pos_43,Y Axis 1_Axis_Pos_43,Tr?c Y 1_V? trí Tr?c_43
PLC/Y轴1_Axis_Pos,Y轴1_Axis_Pos_44,25088,Y轴1_Axis_Pos_44,Y Axis 1_Axis_Pos_44,Tr?c Y 1_V? trí Tr?c_44
PLC/Y轴1_Axis_Pos,Y轴1_Axis_Pos_45,25090,Y轴1_Axis_Pos_45,Y Axis 1_Axis_Pos_45,Tr?c Y 1_V? trí Tr?c_45
PLC/Y轴1_Axis_Pos,Y轴1_Axis_Pos_46,25092,Y轴1_Axis_Pos_46,Y Axis 1_Axis_Pos_46,Tr?c Y 1_V? trí Tr?c_46
PLC/Y轴1_Axis_Pos,Y轴1_Axis_Pos_47,25094,Y轴1_Axis_Pos_47,Y Axis 1_Axis_Pos_47,Tr?c Y 1_V? trí Tr?c_47

PLC/Y轴1_AYis_Vel,Y轴1_AYis_Vel_0,25100,Y轴1_AYis_Vel_0,Y Axis 1_Axis_Vel_0,Tr?c Y 1_V?n t?c Tr?c_0
PLC/Y轴1_AYis_Vel,Y轴1_AYis_Vel_1,25102,Y轴1_AYis_Vel_1,Y Axis 1_Axis_Vel_1,Tr?c Y 1_V?n t?c Tr?c_1
PLC/Y轴1_AYis_Vel,Y轴1_AYis_Vel_2,25104,Y轴1_AYis_Vel_2,Y Axis 1_Axis_Vel_2,Tr?c Y 1_V?n t?c Tr?c_2
PLC/Y轴1_AYis_Vel,Y轴1_AYis_Vel_3,25106,Y轴1_AYis_Vel_3,Y Axis 1_Axis_Vel_3,Tr?c Y 1_V?n t?c Tr?c_3
PLC/Y轴1_AYis_Vel,Y轴1_AYis_Vel_4,25108,Y轴1_AYis_Vel_4,Y Axis 1_Axis_Vel_4,Tr?c Y 1_V?n t?c Tr?c_4
PLC/Y轴1_AYis_Vel,Y轴1_AYis_Vel_5,25110,Y轴1_AYis_Vel_5,Y Axis 1_Axis_Vel_5,Tr?c Y 1_V?n t?c Tr?c_5
PLC/Y轴1_AYis_Vel,Y轴1_AYis_Vel_6,25112,Y轴1_AYis_Vel_6,Y Axis 1_Axis_Vel_6,Tr?c Y 1_V?n t?c Tr?c_6
PLC/Y轴1_AYis_Vel,Y轴1_AYis_Vel_7,25114,Y轴1_AYis_Vel_7,Y Axis 1_Axis_Vel_7,Tr?c Y 1_V?n t?c Tr?c_7
PLC/Y轴1_AYis_Vel,Y轴1_AYis_Vel_8,25116,Y轴1_AYis_Vel_8,Y Axis 1_Axis_Vel_8,Tr?c Y 1_V?n t?c Tr?c_8
PLC/Y轴1_AYis_Vel,Y轴1_AYis_Vel_9,25118,Y轴1_AYis_Vel_9,Y Axis 1_Axis_Vel_9,Tr?c Y 1_V?n t?c Tr?c_9
PLC/Y轴1_AYis_Vel,Y轴1_AYis_Vel_10,25120,Y轴1_AYis_Vel_10,Y Axis 1_Axis_Vel_10,Tr?c Y 1_V?n t?c Tr?c_10
PLC/Y轴1_AYis_Vel,Y轴1_AYis_Vel_11,25122,Y轴1_AYis_Vel_11,Y Axis 1_Axis_Vel_11,Tr?c Y 1_V?n t?c Tr?c_11
PLC/Y轴1_AYis_Vel,Y轴1_AYis_Vel_12,25124,Y轴1_AYis_Vel_12,Y Axis 1_Axis_Vel_12,Tr?c Y 1_V?n t?c Tr?c_12
PLC/Y轴1_AYis_Vel,Y轴1_AYis_Vel_13,25126,Y轴1_AYis_Vel_13,Y Axis 1_Axis_Vel_13,Tr?c Y 1_V?n t?c Tr?c_13
PLC/Y轴1_AYis_Vel,Y轴1_AYis_Vel_14,25128,Y轴1_AYis_Vel_14,Y Axis 1_Axis_Vel_14,Tr?c Y 1_V?n t?c Tr?c_14
PLC/Y轴1_AYis_Vel,Y轴1_AYis_Vel_15,25130,Y轴1_AYis_Vel_15,Y Axis 1_Axis_Vel_15,Tr?c Y 1_V?n t?c Tr?c_15
PLC/Y轴1_AYis_Vel,Y轴1_AYis_Vel_16,25132,Y轴1_AYis_Vel_16,Y Axis 1_Axis_Vel_16,Tr?c Y 1_V?n t?c Tr?c_16
PLC/Y轴1_AYis_Vel,Y轴1_AYis_Vel_17,25134,Y轴1_AYis_Vel_17,Y Axis 1_Axis_Vel_17,Tr?c Y 1_V?n t?c Tr?c_17
PLC/Y轴1_AYis_Vel,Y轴1_AYis_Vel_18,25136,Y轴1_AYis_Vel_18,Y Axis 1_Axis_Vel_18,Tr?c Y 1_V?n t?c Tr?c_18
PLC/Y轴1_AYis_Vel,Y轴1_AYis_Vel_19,25138,Y轴1_AYis_Vel_19,Y Axis 1_Axis_Vel_19,Tr?c Y 1_V?n t?c Tr?c_19
PLC/Y轴1_AYis_Vel,Y轴1_AYis_Vel_20,25140,Y轴1_AYis_Vel_20,Y Axis 1_Axis_Vel_20,Tr?c Y 1_V?n t?c Tr?c_20
PLC/Y轴1_AYis_Vel,Y轴1_AYis_Vel_21,25142,Y轴1_AYis_Vel_21,Y Axis 1_Axis_Vel_21,Tr?c Y 1_V?n t?c Tr?c_21
PLC/Y轴1_AYis_Vel,Y轴1_AYis_Vel_22,25144,Y轴1_AYis_Vel_22,Y Axis 1_Axis_Vel_22,Tr?c Y 1_V?n t?c Tr?c_22
PLC/Y轴1_AYis_Vel,Y轴1_AYis_Vel_23,25146,Y轴1_AYis_Vel_23,Y Axis 1_Axis_Vel_23,Tr?c Y 1_V?n t?c Tr?c_23
PLC/Y轴1_AYis_Vel,Y轴1_AYis_Vel_24,25148,Y轴1_AYis_Vel_24,Y Axis 1_Axis_Vel_24,Tr?c Y 1_V?n t?c Tr?c_24
PLC/Y轴1_AYis_Vel,Y轴1_AYis_Vel_25,25150,Y轴1_AYis_Vel_25,Y Axis 1_Axis_Vel_25,Tr?c Y 1_V?n t?c Tr?c_25
PLC/Y轴1_AYis_Vel,Y轴1_AYis_Vel_26,25152,Y轴1_AYis_Vel_26,Y Axis 1_Axis_Vel_26,Tr?c Y 1_V?n t?c Tr?c_26
PLC/Y轴1_AYis_Vel,Y轴1_AYis_Vel_27,25154,Y轴1_AYis_Vel_27,Y Axis 1_Axis_Vel_27,Tr?c Y 1_V?n t?c Tr?c_27
PLC/Y轴1_AYis_Vel,Y轴1_AYis_Vel_28,25156,Y轴1_AYis_Vel_28,Y Axis 1_Axis_Vel_28,Tr?c Y 1_V?n t?c Tr?c_28
PLC/Y轴1_AYis_Vel,Y轴1_AYis_Vel_29,25158,Y轴1_AYis_Vel_29,Y Axis 1_Axis_Vel_29,Tr?c Y 1_V?n t?c Tr?c_29
PLC/Y轴1_AYis_Vel,Y轴1_AYis_Vel_30,25160,Y轴1_AYis_Vel_30,Y Axis 1_Axis_Vel_30,Tr?c Y 1_V?n t?c Tr?c_30
PLC/Y轴1_AYis_Vel,Y轴1_AYis_Vel_31,25162,Y轴1_AYis_Vel_31,Y Axis 1_Axis_Vel_31,Tr?c Y 1_V?n t?c Tr?c_31
PLC/Y轴1_AYis_Vel,Y轴1_AYis_Vel_32,25164,Y轴1_AYis_Vel_32,Y Axis 1_Axis_Vel_32,Tr?c Y 1_V?n t?c Tr?c_32
PLC/Y轴1_AYis_Vel,Y轴1_AYis_Vel_33,25166,Y轴1_AYis_Vel_33,Y Axis 1_Axis_Vel_33,Tr?c Y 1_V?n t?c Tr?c_33
PLC/Y轴1_AYis_Vel,Y轴1_AYis_Vel_34,25168,Y轴1_AYis_Vel_34,Y Axis 1_Axis_Vel_34,Tr?c Y 1_V?n t?c Tr?c_34
PLC/Y轴1_AYis_Vel,Y轴1_AYis_Vel_35,25170,Y轴1_AYis_Vel_35,Y Axis 1_Axis_Vel_35,Tr?c Y 1_V?n t?c Tr?c_35
PLC/Y轴1_AYis_Vel,Y轴1_AYis_Vel_36,25172,Y轴1_AYis_Vel_36,Y Axis 1_Axis_Vel_36,Tr?c Y 1_V?n t?c Tr?c_36
PLC/Y轴1_AYis_Vel,Y轴1_AYis_Vel_37,25174,Y轴1_AYis_Vel_37,Y Axis 1_Axis_Vel_37,Tr?c Y 1_V?n t?c Tr?c_37
PLC/Y轴1_AYis_Vel,Y轴1_AYis_Vel_38,25176,Y轴1_AYis_Vel_38,Y Axis 1_Axis_Vel_38,Tr?c Y 1_V?n t?c Tr?c_38
PLC/Y轴1_AYis_Vel,Y轴1_AYis_Vel_39,25178,Y轴1_AYis_Vel_39,Y Axis 1_Axis_Vel_39,Tr?c Y 1_V?n t?c Tr?c_39
PLC/Y轴1_AYis_Vel,Y轴1_AYis_Vel_40,25180,Y轴1_AYis_Vel_40,Y Axis 1_Axis_Vel_40,Tr?c Y 1_V?n t?c Tr?c_40
PLC/Y轴1_AYis_Vel,Y轴1_AYis_Vel_41,25182,Y轴1_AYis_Vel_41,Y Axis 1_Axis_Vel_41,Tr?c Y 1_V?n t?c Tr?c_41
PLC/Y轴1_AYis_Vel,Y轴1_AYis_Vel_42,25184,Y轴1_AYis_Vel_42,Y Axis 1_Axis_Vel_42,Tr?c Y 1_V?n t?c Tr?c_42
PLC/Y轴1_AYis_Vel,Y轴1_AYis_Vel_43,25186,Y轴1_AYis_Vel_43,Y Axis 1_Axis_Vel_43,Tr?c Y 1_V?n t?c Tr?c_43
PLC/Y轴1_AYis_Vel,Y轴1_AYis_Vel_44,25188,Y轴1_AYis_Vel_44,Y Axis 1_Axis_Vel_44,Tr?c Y 1_V?n t?c Tr?c_44
PLC/Y轴1_AYis_Vel,Y轴1_AYis_Vel_45,25190,Y轴1_AYis_Vel_45,Y Axis 1_Axis_Vel_45,Tr?c Y 1_V?n t?c Tr?c_45
PLC/Y轴1_AYis_Vel,Y轴1_AYis_Vel_46,25192,Y轴1_AYis_Vel_46,Y Axis 1_Axis_Vel_46,Tr?c Y 1_V?n t?c Tr?c_46
PLC/Y轴1_AYis_Vel,Y轴1_AYis_Vel_47,25194,Y轴1_AYis_Vel_47,Y Axis 1_Axis_Vel_47,Tr?c Y 1_V?n t?c Tr?c_47

PLC/Y轴2_Axis_Pos,Y轴2_Axis_Pos_0,25200,Y轴2_Axis_Pos_0,Y Axis 2_Axis_Pos_0,Tr?c Y 2_V? trí Tr?c_0
PLC/Y轴2_Axis_Pos,Y轴2_Axis_Pos_1,25202,Y轴2_Axis_Pos_1,Y Axis 2_Axis_Pos_1,Tr?c Y 2_V? trí Tr?c_1
PLC/Y轴2_Axis_Pos,Y轴2_Axis_Pos_2,25204,Y轴2_Axis_Pos_2,Y Axis 2_Axis_Pos_2,Tr?c Y 2_V? trí Tr?c_2
PLC/Y轴2_Axis_Pos,Y轴2_Axis_Pos_3,25206,Y轴2_Axis_Pos_3,Y Axis 2_Axis_Pos_3,Tr?c Y 2_V? trí Tr?c_3
PLC/Y轴2_Axis_Pos,Y轴2_Axis_Pos_4,25208,Y轴2_Axis_Pos_4,Y Axis 2_Axis_Pos_4,Tr?c Y 2_V? trí Tr?c_4
PLC/Y轴2_Axis_Pos,Y轴2_Axis_Pos_5,25210,Y轴2_Axis_Pos_5,Y Axis 2_Axis_Pos_5,Tr?c Y 2_V? trí Tr?c_5
PLC/Y轴2_Axis_Pos,Y轴2_Axis_Pos_6,25212,Y轴2_Axis_Pos_6,Y Axis 2_Axis_Pos_6,Tr?c Y 2_V? trí Tr?c_6
PLC/Y轴2_Axis_Pos,Y轴2_Axis_Pos_7,25214,Y轴2_Axis_Pos_7,Y Axis 2_Axis_Pos_7,Tr?c Y 2_V? trí Tr?c_7
PLC/Y轴2_Axis_Pos,Y轴2_Axis_Pos_8,25216,Y轴2_Axis_Pos_8,Y Axis 2_Axis_Pos_8,Tr?c Y 2_V? trí Tr?c_8
PLC/Y轴2_Axis_Pos,Y轴2_Axis_Pos_9,25218,Y轴2_Axis_Pos_9,Y Axis 2_Axis_Pos_9,Tr?c Y 2_V? trí Tr?c_9
PLC/Y轴2_Axis_Pos,Y轴2_Axis_Pos_10,25220,Y轴2_Axis_Pos_10,Y Axis 2_Axis_Pos_10,Tr?c Y 2_V? trí Tr?c_10
PLC/Y轴2_Axis_Pos,Y轴2_Axis_Pos_11,25222,Y轴2_Axis_Pos_11,Y Axis 2_Axis_Pos_11,Tr?c Y 2_V? trí Tr?c_11
PLC/Y轴2_Axis_Pos,Y轴2_Axis_Pos_12,25224,Y轴2_Axis_Pos_12,Y Axis 2_Axis_Pos_12,Tr?c Y 2_V? trí Tr?c_12
PLC/Y轴2_Axis_Pos,Y轴2_Axis_Pos_13,25226,Y轴2_Axis_Pos_13,Y Axis 2_Axis_Pos_13,Tr?c Y 2_V? trí Tr?c_13
PLC/Y轴2_Axis_Pos,Y轴2_Axis_Pos_14,25228,Y轴2_Axis_Pos_14,Y Axis 2_Axis_Pos_14,Tr?c Y 2_V? trí Tr?c_14
PLC/Y轴2_Axis_Pos,Y轴2_Axis_Pos_15,25230,Y轴2_Axis_Pos_15,Y Axis 2_Axis_Pos_15,Tr?c Y 2_V? trí Tr?c_15
PLC/Y轴2_Axis_Pos,Y轴2_Axis_Pos_16,25232,Y轴2_Axis_Pos_16,Y Axis 2_Axis_Pos_16,Tr?c Y 2_V? trí Tr?c_16
PLC/Y轴2_Axis_Pos,Y轴2_Axis_Pos_17,25234,Y轴2_Axis_Pos_17,Y Axis 2_Axis_Pos_17,Tr?c Y 2_V? trí Tr?c_17
PLC/Y轴2_Axis_Pos,Y轴2_Axis_Pos_18,25236,Y轴2_Axis_Pos_18,Y Axis 2_Axis_Pos_18,Tr?c Y 2_V? trí Tr?c_18
PLC/Y轴2_Axis_Pos,Y轴2_Axis_Pos_19,25238,Y轴2_Axis_Pos_19,Y Axis 2_Axis_Pos_19,Tr?c Y 2_V? trí Tr?c_19
PLC/Y轴2_Axis_Pos,Y轴2_Axis_Pos_20,25240,Y轴2_Axis_Pos_20,Y Axis 2_Axis_Pos_20,Tr?c Y 2_V? trí Tr?c_20
PLC/Y轴2_Axis_Pos,Y轴2_Axis_Pos_21,25242,Y轴2_Axis_Pos_21,Y Axis 2_Axis_Pos_21,Tr?c Y 2_V? trí Tr?c_21
PLC/Y轴2_Axis_Pos,Y轴2_Axis_Pos_22,25244,Y轴2_Axis_Pos_22,Y Axis 2_Axis_Pos_22,Tr?c Y 2_V? trí Tr?c_22
PLC/Y轴2_Axis_Pos,Y轴2_Axis_Pos_23,25246,Y轴2_Axis_Pos_23,Y Axis 2_Axis_Pos_23,Tr?c Y 2_V? trí Tr?c_23
PLC/Y轴2_Axis_Pos,Y轴2_Axis_Pos_24,25248,Y轴2_Axis_Pos_24,Y Axis 2_Axis_Pos_24,Tr?c Y 2_V? trí Tr?c_24
PLC/Y轴2_Axis_Pos,Y轴2_Axis_Pos_25,25250,Y轴2_Axis_Pos_25,Y Axis 2_Axis_Pos_25,Tr?c Y 2_V? trí Tr?c_25
PLC/Y轴2_Axis_Pos,Y轴2_Axis_Pos_26,25252,Y轴2_Axis_Pos_26,Y Axis 2_Axis_Pos_26,Tr?c Y 2_V? trí Tr?c_26
PLC/Y轴2_Axis_Pos,Y轴2_Axis_Pos_27,25254,Y轴2_Axis_Pos_27,Y Axis 2_Axis_Pos_27,Tr?c Y 2_V? trí Tr?c_27
PLC/Y轴2_Axis_Pos,Y轴2_Axis_Pos_28,25256,Y轴2_Axis_Pos_28,Y Axis 2_Axis_Pos_28,Tr?c Y 2_V? trí Tr?c_28
PLC/Y轴2_Axis_Pos,Y轴2_Axis_Pos_29,25258,Y轴2_Axis_Pos_29,Y Axis 2_Axis_Pos_29,Tr?c Y 2_V? trí Tr?c_29
PLC/Y轴2_Axis_Pos,Y轴2_Axis_Pos_30,25260,Y轴2_Axis_Pos_30,Y Axis 2_Axis_Pos_30,Tr?c Y 2_V? trí Tr?c_30
PLC/Y轴2_Axis_Pos,Y轴2_Axis_Pos_31,25262,Y轴2_Axis_Pos_31,Y Axis 2_Axis_Pos_31,Tr?c Y 2_V? trí Tr?c_31
PLC/Y轴2_Axis_Pos,Y轴2_Axis_Pos_32,25264,Y轴2_Axis_Pos_32,Y Axis 2_Axis_Pos_32,Tr?c Y 2_V? trí Tr?c_32
PLC/Y轴2_Axis_Pos,Y轴2_Axis_Pos_33,25266,Y轴2_Axis_Pos_33,Y Axis 2_Axis_Pos_33,Tr?c Y 2_V? trí Tr?c_33
PLC/Y轴2_Axis_Pos,Y轴2_Axis_Pos_34,25268,Y轴2_Axis_Pos_34,Y Axis 2_Axis_Pos_34,Tr?c Y 2_V? trí Tr?c_34
PLC/Y轴2_Axis_Pos,Y轴2_Axis_Pos_35,25270,Y轴2_Axis_Pos_35,Y Axis 2_Axis_Pos_35,Tr?c Y 2_V? trí Tr?c_35
PLC/Y轴2_Axis_Pos,Y轴2_Axis_Pos_36,25272,Y轴2_Axis_Pos_36,Y Axis 2_Axis_Pos_36,Tr?c Y 2_V? trí Tr?c_36
PLC/Y轴2_Axis_Pos,Y轴2_Axis_Pos_37,25274,Y轴2_Axis_Pos_37,Y Axis 2_Axis_Pos_37,Tr?c Y 2_V? trí Tr?c_37
PLC/Y轴2_Axis_Pos,Y轴2_Axis_Pos_38,25276,Y轴2_Axis_Pos_38,Y Axis 2_Axis_Pos_38,Tr?c Y 2_V? trí Tr?c_38
PLC/Y轴2_Axis_Pos,Y轴2_Axis_Pos_39,25278,Y轴2_Axis_Pos_39,Y Axis 2_Axis_Pos_39,Tr?c Y 2_V? trí Tr?c_39
PLC/Y轴2_Axis_Pos,Y轴2_Axis_Pos_40,25280,Y轴2_Axis_Pos_40,Y Axis 2_Axis_Pos_40,Tr?c Y 2_V? trí Tr?c_40
PLC/Y轴2_Axis_Pos,Y轴2_Axis_Pos_41,25282,Y轴2_Axis_Pos_41,Y Axis 2_Axis_Pos_41,Tr?c Y 2_V? trí Tr?c_41
PLC/Y轴2_Axis_Pos,Y轴2_Axis_Pos_42,25284,Y轴2_Axis_Pos_42,Y Axis 2_Axis_Pos_42,Tr?c Y 2_V? trí Tr?c_42
PLC/Y轴2_Axis_Pos,Y轴2_Axis_Pos_43,25286,Y轴2_Axis_Pos_43,Y Axis 2_Axis_Pos_43,Tr?c Y 2_V? trí Tr?c_43
PLC/Y轴2_Axis_Pos,Y轴2_Axis_Pos_44,25288,Y轴2_Axis_Pos_44,Y Axis 2_Axis_Pos_44,Tr?c Y 2_V? trí Tr?c_44
PLC/Y轴2_Axis_Pos,Y轴2_Axis_Pos_45,25290,Y轴2_Axis_Pos_45,Y Axis 2_Axis_Pos_45,Tr?c Y 2_V? trí Tr?c_45
PLC/Y轴2_Axis_Pos,Y轴2_Axis_Pos_46,25292,Y轴2_Axis_Pos_46,Y Axis 2_Axis_Pos_46,Tr?c Y 2_V? trí Tr?c_46
PLC/Y轴2_Axis_Pos,Y轴2_Axis_Pos_47,25294,Y轴2_Axis_Pos_47,Y Axis 2_Axis_Pos_47,Tr?c Y 2_V? trí Tr?c_47

PLC/Y轴2_AYis_Vel,Y轴2_AYis_Vel_0,25300,Y轴2_AYis_Vel_0,Y Axis 2_Axis_Vel_0,Tr?c Y 2_V?n t?c Tr?c_0
PLC/Y轴2_AYis_Vel,Y轴2_AYis_Vel_1,25302,Y轴2_AYis_Vel_1,Y Axis 2_Axis_Vel_1,Tr?c Y 2_V?n t?c Tr?c_1
PLC/Y轴2_AYis_Vel,Y轴2_AYis_Vel_2,25304,Y轴2_AYis_Vel_2,Y Axis 2_Axis_Vel_2,Tr?c Y 2_V?n t?c Tr?c_2
PLC/Y轴2_AYis_Vel,Y轴2_AYis_Vel_3,25306,Y轴2_AYis_Vel_3,Y Axis 2_Axis_Vel_3,Tr?c Y 2_V?n t?c Tr?c_3
PLC/Y轴2_AYis_Vel,Y轴2_AYis_Vel_4,25308,Y轴2_AYis_Vel_4,Y Axis 2_Axis_Vel_4,Tr?c Y 2_V?n t?c Tr?c_4
PLC/Y轴2_AYis_Vel,Y轴2_AYis_Vel_5,25310,Y轴2_AYis_Vel_5,Y Axis 2_Axis_Vel_5,Tr?c Y 2_V?n t?c Tr?c_5
PLC/Y轴2_AYis_Vel,Y轴2_AYis_Vel_6,25312,Y轴2_AYis_Vel_6,Y Axis 2_Axis_Vel_6,Tr?c Y 2_V?n t?c Tr?c_6
PLC/Y轴2_AYis_Vel,Y轴2_AYis_Vel_7,25314,Y轴2_AYis_Vel_7,Y Axis 2_Axis_Vel_7,Tr?c Y 2_V?n t?c Tr?c_7
PLC/Y轴2_AYis_Vel,Y轴2_AYis_Vel_8,25316,Y轴2_AYis_Vel_8,Y Axis 2_Axis_Vel_8,Tr?c Y 2_V?n t?c Tr?c_8
PLC/Y轴2_AYis_Vel,Y轴2_AYis_Vel_9,25318,Y轴2_AYis_Vel_9,Y Axis 2_Axis_Vel_9,Tr?c Y 2_V?n t?c Tr?c_9
PLC/Y轴2_AYis_Vel,Y轴2_AYis_Vel_10,25320,Y轴2_AYis_Vel_10,Y Axis 2_Axis_Vel_10,Tr?c Y 2_V?n t?c Tr?c_10
PLC/Y轴2_AYis_Vel,Y轴2_AYis_Vel_11,25322,Y轴2_AYis_Vel_11,Y Axis 2_Axis_Vel_11,Tr?c Y 2_V?n t?c Tr?c_11
PLC/Y轴2_AYis_Vel,Y轴2_AYis_Vel_12,25324,Y轴2_AYis_Vel_12,Y Axis 2_Axis_Vel_12,Tr?c Y 2_V?n t?c Tr?c_12
PLC/Y轴2_AYis_Vel,Y轴2_AYis_Vel_13,25326,Y轴2_AYis_Vel_13,Y Axis 2_Axis_Vel_13,Tr?c Y 2_V?n t?c Tr?c_13
PLC/Y轴2_AYis_Vel,Y轴2_AYis_Vel_14,25328,Y轴2_AYis_Vel_14,Y Axis 2_Axis_Vel_14,Tr?c Y 2_V?n t?c Tr?c_14
PLC/Y轴2_AYis_Vel,Y轴2_AYis_Vel_15,25330,Y轴2_AYis_Vel_15,Y Axis 2_Axis_Vel_15,Tr?c Y 2_V?n t?c Tr?c_15
PLC/Y轴2_AYis_Vel,Y轴2_AYis_Vel_16,25332,Y轴2_AYis_Vel_16,Y Axis 2_Axis_Vel_16,Tr?c Y 2_V?n t?c Tr?c_16
PLC/Y轴2_AYis_Vel,Y轴2_AYis_Vel_17,25334,Y轴2_AYis_Vel_17,Y Axis 2_Axis_Vel_17,Tr?c Y 2_V?n t?c Tr?c_17
PLC/Y轴2_AYis_Vel,Y轴2_AYis_Vel_18,25336,Y轴2_AYis_Vel_18,Y Axis 2_Axis_Vel_18,Tr?c Y 2_V?n t?c Tr?c_18
PLC/Y轴2_AYis_Vel,Y轴2_AYis_Vel_19,25338,Y轴2_AYis_Vel_19,Y Axis 2_Axis_Vel_19,Tr?c Y 2_V?n t?c Tr?c_19
PLC/Y轴2_AYis_Vel,Y轴2_AYis_Vel_20,25340,Y轴2_AYis_Vel_20,Y Axis 2_Axis_Vel_20,Tr?c Y 2_V?n t?c Tr?c_20
PLC/Y轴2_AYis_Vel,Y轴2_AYis_Vel_21,25342,Y轴2_AYis_Vel_21,Y Axis 2_Axis_Vel_21,Tr?c Y 2_V?n t?c Tr?c_21
PLC/Y轴2_AYis_Vel,Y轴2_AYis_Vel_22,25344,Y轴2_AYis_Vel_22,Y Axis 2_Axis_Vel_22,Tr?c Y 2_V?n t?c Tr?c_22
PLC/Y轴2_AYis_Vel,Y轴2_AYis_Vel_23,25346,Y轴2_AYis_Vel_23,Y Axis 2_Axis_Vel_23,Tr?c Y 2_V?n t?c Tr?c_23
PLC/Y轴2_AYis_Vel,Y轴2_AYis_Vel_24,25348,Y轴2_AYis_Vel_24,Y Axis 2_Axis_Vel_24,Tr?c Y 2_V?n t?c Tr?c_24
PLC/Y轴2_AYis_Vel,Y轴2_AYis_Vel_25,25350,Y轴2_AYis_Vel_25,Y Axis 2_Axis_Vel_25,Tr?c Y 2_V?n t?c Tr?c_25
PLC/Y轴2_AYis_Vel,Y轴2_AYis_Vel_26,25352,Y轴2_AYis_Vel_26,Y Axis 2_Axis_Vel_26,Tr?c Y 2_V?n t?c Tr?c_26
PLC/Y轴2_AYis_Vel,Y轴2_AYis_Vel_27,25354,Y轴2_AYis_Vel_27,Y Axis 2_Axis_Vel_27,Tr?c Y 2_V?n t?c Tr?c_27
PLC/Y轴2_AYis_Vel,Y轴2_AYis_Vel_28,25356,Y轴2_AYis_Vel_28,Y Axis 2_Axis_Vel_28,Tr?c Y 2_V?n t?c Tr?c_28
PLC/Y轴2_AYis_Vel,Y轴2_AYis_Vel_29,25358,Y轴2_AYis_Vel_29,Y Axis 2_Axis_Vel_29,Tr?c Y 2_V?n t?c Tr?c_29
PLC/Y轴2_AYis_Vel,Y轴2_AYis_Vel_30,25360,Y轴2_AYis_Vel_30,Y Axis 2_Axis_Vel_30,Tr?c Y 2_V?n t?c Tr?c_30
PLC/Y轴2_AYis_Vel,Y轴2_AYis_Vel_31,25362,Y轴2_AYis_Vel_31,Y Axis 2_Axis_Vel_31,Tr?c Y 2_V?n t?c Tr?c_31
PLC/Y轴2_AYis_Vel,Y轴2_AYis_Vel_32,25364,Y轴2_AYis_Vel_32,Y Axis 2_Axis_Vel_32,Tr?c Y 2_V?n t?c Tr?c_32
PLC/Y轴2_AYis_Vel,Y轴2_AYis_Vel_33,25366,Y轴2_AYis_Vel_33,Y Axis 2_Axis_Vel_33,Tr?c Y 2_V?n t?c Tr?c_33
PLC/Y轴2_AYis_Vel,Y轴2_AYis_Vel_34,25368,Y轴2_AYis_Vel_34,Y Axis 2_Axis_Vel_34,Tr?c Y 2_V?n t?c Tr?c_34
PLC/Y轴2_AYis_Vel,Y轴2_AYis_Vel_35,25370,Y轴2_AYis_Vel_35,Y Axis 2_Axis_Vel_35,Tr?c Y 2_V?n t?c Tr?c_35
PLC/Y轴2_AYis_Vel,Y轴2_AYis_Vel_36,25372,Y轴2_AYis_Vel_36,Y Axis 2_Axis_Vel_36,Tr?c Y 2_V?n t?c Tr?c_36
PLC/Y轴2_AYis_Vel,Y轴2_AYis_Vel_37,25374,Y轴2_AYis_Vel_37,Y Axis 2_Axis_Vel_37,Tr?c Y 2_V?n t?c Tr?c_37
PLC/Y轴2_AYis_Vel,Y轴2_AYis_Vel_38,25376,Y轴2_AYis_Vel_38,Y Axis 2_Axis_Vel_38,Tr?c Y 2_V?n t?c Tr?c_38
PLC/Y轴2_AYis_Vel,Y轴2_AYis_Vel_39,25378,Y轴2_AYis_Vel_39,Y Axis 2_Axis_Vel_39,Tr?c Y 2_V?n t?c Tr?c_39
PLC/Y轴2_AYis_Vel,Y轴2_AYis_Vel_40,25380,Y轴2_AYis_Vel_40,Y Axis 2_Axis_Vel_40,Tr?c Y 2_V?n t?c Tr?c_40
PLC/Y轴2_AYis_Vel,Y轴2_AYis_Vel_41,25382,Y轴2_AYis_Vel_41,Y Axis 2_Axis_Vel_41,Tr?c Y 2_V?n t?c Tr?c_41
PLC/Y轴2_AYis_Vel,Y轴2_AYis_Vel_42,25384,Y轴2_AYis_Vel_42,Y Axis 2_Axis_Vel_42,Tr?c Y 2_V?n t?c Tr?c_42
PLC/Y轴2_AYis_Vel,Y轴2_AYis_Vel_43,25386,Y轴2_AYis_Vel_43,Y Axis 2_Axis_Vel_43,Tr?c Y 2_V?n t?c Tr?c_43
PLC/Y轴2_AYis_Vel,Y轴2_AYis_Vel_44,25388,Y轴2_AYis_Vel_44,Y Axis 2_Axis_Vel_44,Tr?c Y 2_V?n t?c Tr?c_44
PLC/Y轴2_AYis_Vel,Y轴2_AYis_Vel_45,25390,Y轴2_AYis_Vel_45,Y Axis 2_Axis_Vel_45,Tr?c Y 2_V?n t?c Tr?c_45
PLC/Y轴2_AYis_Vel,Y轴2_AYis_Vel_46,25392,Y轴2_AYis_Vel_46,Y Axis 2_Axis_Vel_46,Tr?c Y 2_V?n t?c Tr?c_46
PLC/Y轴2_AYis_Vel,Y轴2_AYis_Vel_47,25394,Y轴2_AYis_Vel_47,Y Axis 2_Axis_Vel_47,Tr?c Y 2_V?n t?c Tr?c_47

PLC/相机步进电机1_Axis_Pos,相机步进电机1_Axis_Pos_0,25400,相机步进电机1_Axis_Pos_0,Camera Stepper Motor 1_Axis_Pos_0,??ng c? b??c máy ?nh 1_Tr?c_V? trí_0
PLC/相机步进电机1_Axis_Pos,相机步进电机1_Axis_Pos_1,25402,相机步进电机1_Axis_Pos_1,Camera Stepper Motor 1_Axis_Pos_1,??ng c? b??c máy ?nh 1_Tr?c_V? trí_1
PLC/相机步进电机1_Axis_Pos,相机步进电机1_Axis_Pos_2,25404,相机步进电机1_Axis_Pos_2,Camera Stepper Motor 1_Axis_Pos_2,??ng c? b??c máy ?nh 1_Tr?c_V? trí_2
PLC/相机步进电机1_Axis_Pos,相机步进电机1_Axis_Pos_3,25406,相机步进电机1_Axis_Pos_3,Camera Stepper Motor 1_Axis_Pos_3,??ng c? b??c máy ?nh 1_Tr?c_V? trí_3
PLC/相机步进电机1_Axis_Pos,相机步进电机1_Axis_Pos_4,25408,相机步进电机1_Axis_Pos_4,Camera Stepper Motor 1_Axis_Pos_4,??ng c? b??c máy ?nh 1_Tr?c_V? trí_4
PLC/相机步进电机1_Axis_Pos,相机步进电机1_Axis_Pos_5,25410,相机步进电机1_Axis_Pos_5,Camera Stepper Motor 1_Axis_Pos_5,??ng c? b??c máy ?nh 1_Tr?c_V? trí_5
PLC/相机步进电机1_Axis_Pos,相机步进电机1_Axis_Pos_6,25412,相机步进电机1_Axis_Pos_6,Camera Stepper Motor 1_Axis_Pos_6,??ng c? b??c máy ?nh 1_Tr?c_V? trí_6
PLC/相机步进电机1_Axis_Pos,相机步进电机1_Axis_Pos_7,25414,相机步进电机1_Axis_Pos_7,Camera Stepper Motor 1_Axis_Pos_7,??ng c? b??c máy ?nh 1_Tr?c_V? trí_7
PLC/相机步进电机1_Axis_Pos,相机步进电机1_Axis_Pos_8,25416,相机步进电机1_Axis_Pos_8,Camera Stepper Motor 1_Axis_Pos_8,??ng c? b??c máy ?nh 1_Tr?c_V? trí_8
PLC/相机步进电机1_Axis_Pos,相机步进电机1_Axis_Pos_9,25418,相机步进电机1_Axis_Pos_9,Camera Stepper Motor 1_Axis_Pos_9,??ng c? b??c máy ?nh 1_Tr?c_V? trí_9
PLC/相机步进电机1_Axis_Pos,相机步进电机1_Axis_Pos_10,25420,相机步进电机1_Axis_Pos_10,Camera Stepper Motor 1_Axis_Pos_10,??ng c? b??c máy ?nh 1_Tr?c_V? trí_10
PLC/相机步进电机1_Axis_Pos,相机步进电机1_Axis_Pos_11,25422,相机步进电机1_Axis_Pos_11,Camera Stepper Motor 1_Axis_Pos_11,??ng c? b??c máy ?nh 1_Tr?c_V? trí_11
PLC/相机步进电机1_Axis_Pos,相机步进电机1_Axis_Pos_12,25424,相机步进电机1_Axis_Pos_12,Camera Stepper Motor 1_Axis_Pos_12,??ng c? b??c máy ?nh 1_Tr?c_V? trí_12
PLC/相机步进电机1_Axis_Pos,相机步进电机1_Axis_Pos_13,25426,相机步进电机1_Axis_Pos_13,Camera Stepper Motor 1_Axis_Pos_13,??ng c? b??c máy ?nh 1_Tr?c_V? trí_13
PLC/相机步进电机1_Axis_Pos,相机步进电机1_Axis_Pos_14,25428,相机步进电机1_Axis_Pos_14,Camera Stepper Motor 1_Axis_Pos_14,??ng c? b??c máy ?nh 1_Tr?c_V? trí_14
PLC/相机步进电机1_Axis_Pos,相机步进电机1_Axis_Pos_15,25430,相机步进电机1_Axis_Pos_15,Camera Stepper Motor 1_Axis_Pos_15,??ng c? b??c máy ?nh 1_Tr?c_V? trí_15
PLC/相机步进电机1_Axis_Pos,相机步进电机1_Axis_Pos_16,25432,相机步进电机1_Axis_Pos_16,Camera Stepper Motor 1_Axis_Pos_16,??ng c? b??c máy ?nh 1_Tr?c_V? trí_16
PLC/相机步进电机1_Axis_Pos,相机步进电机1_Axis_Pos_17,25434,相机步进电机1_Axis_Pos_17,Camera Stepper Motor 1_Axis_Pos_17,??ng c? b??c máy ?nh 1_Tr?c_V? trí_17
PLC/相机步进电机1_Axis_Pos,相机步进电机1_Axis_Pos_18,25436,相机步进电机1_Axis_Pos_18,Camera Stepper Motor 1_Axis_Pos_18,??ng c? b??c máy ?nh 1_Tr?c_V? trí_18
PLC/相机步进电机1_Axis_Pos,相机步进电机1_Axis_Pos_19,25438,相机步进电机1_Axis_Pos_19,Camera Stepper Motor 1_Axis_Pos_19,??ng c? b??c máy ?nh 1_Tr?c_V? trí_19
PLC/相机步进电机1_Axis_Pos,相机步进电机1_Axis_Pos_20,25440,相机步进电机1_Axis_Pos_20,Camera Stepper Motor 1_Axis_Pos_20,??ng c? b??c máy ?nh 1_Tr?c_V? trí_20
PLC/相机步进电机1_Axis_Pos,相机步进电机1_Axis_Pos_21,25442,相机步进电机1_Axis_Pos_21,Camera Stepper Motor 1_Axis_Pos_21,??ng c? b??c máy ?nh 1_Tr?c_V? trí_21
PLC/相机步进电机1_Axis_Pos,相机步进电机1_Axis_Pos_22,25444,相机步进电机1_Axis_Pos_22,Camera Stepper Motor 1_Axis_Pos_22,??ng c? b??c máy ?nh 1_Tr?c_V? trí_22
PLC/相机步进电机1_Axis_Pos,相机步进电机1_Axis_Pos_23,25446,相机步进电机1_Axis_Pos_23,Camera Stepper Motor 1_Axis_Pos_23,??ng c? b??c máy ?nh 1_Tr?c_V? trí_23
PLC/相机步进电机1_Axis_Pos,相机步进电机1_Axis_Pos_24,25448,相机步进电机1_Axis_Pos_24,Camera Stepper Motor 1_Axis_Pos_24,??ng c? b??c máy ?nh 1_Tr?c_V? trí_24
PLC/相机步进电机1_Axis_Pos,相机步进电机1_Axis_Pos_25,25450,相机步进电机1_Axis_Pos_25,Camera Stepper Motor 1_Axis_Pos_25,??ng c? b??c máy ?nh 1_Tr?c_V? trí_25
PLC/相机步进电机1_Axis_Pos,相机步进电机1_Axis_Pos_26,25452,相机步进电机1_Axis_Pos_26,Camera Stepper Motor 1_Axis_Pos_26,??ng c? b??c máy ?nh 1_Tr?c_V? trí_26
PLC/相机步进电机1_Axis_Pos,相机步进电机1_Axis_Pos_27,25454,相机步进电机1_Axis_Pos_27,Camera Stepper Motor 1_Axis_Pos_27,??ng c? b??c máy ?nh 1_Tr?c_V? trí_27
PLC/相机步进电机1_Axis_Pos,相机步进电机1_Axis_Pos_28,25456,相机步进电机1_Axis_Pos_28,Camera Stepper Motor 1_Axis_Pos_28,??ng c? b??c máy ?nh 1_Tr?c_V? trí_28
PLC/相机步进电机1_Axis_Pos,相机步进电机1_Axis_Pos_29,25458,相机步进电机1_Axis_Pos_29,Camera Stepper Motor 1_Axis_Pos_29,??ng c? b??c máy ?nh 1_Tr?c_V? trí_29
PLC/相机步进电机1_Axis_Pos,相机步进电机1_Axis_Pos_30,25460,相机步进电机1_Axis_Pos_30,Camera Stepper Motor 1_Axis_Pos_30,??ng c? b??c máy ?nh 1_Tr?c_V? trí_30
PLC/相机步进电机1_Axis_Pos,相机步进电机1_Axis_Pos_31,25462,相机步进电机1_Axis_Pos_31,Camera Stepper Motor 1_Axis_Pos_31,??ng c? b??c máy ?nh 1_Tr?c_V? trí_31
PLC/相机步进电机1_Axis_Pos,相机步进电机1_Axis_Pos_32,25464,相机步进电机1_Axis_Pos_32,Camera Stepper Motor 1_Axis_Pos_32,??ng c? b??c máy ?nh 1_Tr?c_V? trí_32
PLC/相机步进电机1_Axis_Pos,相机步进电机1_Axis_Pos_33,25466,相机步进电机1_Axis_Pos_33,Camera Stepper Motor 1_Axis_Pos_33,??ng c? b??c máy ?nh 1_Tr?c_V? trí_33
PLC/相机步进电机1_Axis_Pos,相机步进电机1_Axis_Pos_34,25468,相机步进电机1_Axis_Pos_34,Camera Stepper Motor 1_Axis_Pos_34,??ng c? b??c máy ?nh 1_Tr?c_V? trí_34
PLC/相机步进电机1_Axis_Pos,相机步进电机1_Axis_Pos_35,25470,相机步进电机1_Axis_Pos_35,Camera Stepper Motor 1_Axis_Pos_35,??ng c? b??c máy ?nh 1_Tr?c_V? trí_35
PLC/相机步进电机1_Axis_Pos,相机步进电机1_Axis_Pos_36,25472,相机步进电机1_Axis_Pos_36,Camera Stepper Motor 1_Axis_Pos_36,??ng c? b??c máy ?nh 1_Tr?c_V? trí_36
PLC/相机步进电机1_Axis_Pos,相机步进电机1_Axis_Pos_37,25474,相机步进电机1_Axis_Pos_37,Camera Stepper Motor 1_Axis_Pos_37,??ng c? b??c máy ?nh 1_Tr?c_V? trí_37
PLC/相机步进电机1_Axis_Pos,相机步进电机1_Axis_Pos_38,25476,相机步进电机1_Axis_Pos_38,Camera Stepper Motor 1_Axis_Pos_38,??ng c? b??c máy ?nh 1_Tr?c_V? trí_38
PLC/相机步进电机1_Axis_Pos,相机步进电机1_Axis_Pos_39,25478,相机步进电机1_Axis_Pos_39,Camera Stepper Motor 1_Axis_Pos_39,??ng c? b??c máy ?nh 1_Tr?c_V? trí_39
PLC/相机步进电机1_Axis_Pos,相机步进电机1_Axis_Pos_40,25480,相机步进电机1_Axis_Pos_40,Camera Stepper Motor 1_Axis_Pos_40,??ng c? b??c máy ?nh 1_Tr?c_V? trí_40
PLC/相机步进电机1_Axis_Pos,相机步进电机1_Axis_Pos_41,25482,相机步进电机1_Axis_Pos_41,Camera Stepper Motor 1_Axis_Pos_41,??ng c? b??c máy ?nh 1_Tr?c_V? trí_41
PLC/相机步进电机1_Axis_Pos,相机步进电机1_Axis_Pos_42,25484,相机步进电机1_Axis_Pos_42,Camera Stepper Motor 1_Axis_Pos_42,??ng c? b??c máy ?nh 1_Tr?c_V? trí_42
PLC/相机步进电机1_Axis_Pos,相机步进电机1_Axis_Pos_43,25486,相机步进电机1_Axis_Pos_43,Camera Stepper Motor 1_Axis_Pos_43,??ng c? b??c máy ?nh 1_Tr?c_V? trí_43
PLC/相机步进电机1_Axis_Pos,相机步进电机1_Axis_Pos_44,25488,相机步进电机1_Axis_Pos_44,Camera Stepper Motor 1_Axis_Pos_44,??ng c? b??c máy ?nh 1_Tr?c_V? trí_44
PLC/相机步进电机1_Axis_Pos,相机步进电机1_Axis_Pos_45,25490,相机步进电机1_Axis_Pos_45,Camera Stepper Motor 1_Axis_Pos_45,??ng c? b??c máy ?nh 1_Tr?c_V? trí_45
PLC/相机步进电机1_Axis_Pos,相机步进电机1_Axis_Pos_46,25492,相机步进电机1_Axis_Pos_46,Camera Stepper Motor 1_Axis_Pos_46,??ng c? b??c máy ?nh 1_Tr?c_V? trí_46
PLC/相机步进电机1_Axis_Pos,相机步进电机1_Axis_Pos_47,25494,相机步进电机1_Axis_Pos_47,Camera Stepper Motor 1_Axis_Pos_47,??ng c? b??c máy ?nh 1_Tr?c_V? trí_47


PLC/相机步进电机1_Axis_Vel,相机步进电机1_Axis_Vel_0,25500,相机步进电机1_Axis_Vel_0,Camera Stepper Motor 1_Axis_Vel_0,??ng c? b??c máy ?nh 1_Tr?c_V?n t?c_0
PLC/相机步进电机1_Axis_Vel,相机步进电机1_Axis_Vel_1,25502,相机步进电机1_Axis_Vel_1,Camera Stepper Motor 1_Axis_Vel_1,??ng c? b??c máy ?nh 1_Tr?c_V?n t?c_1
PLC/相机步进电机1_Axis_Vel,相机步进电机1_Axis_Vel_2,25504,相机步进电机1_Axis_Vel_2,Camera Stepper Motor 1_Axis_Vel_2,??ng c? b??c máy ?nh 1_Tr?c_V?n t?c_2
PLC/相机步进电机1_Axis_Vel,相机步进电机1_Axis_Vel_3,25506,相机步进电机1_Axis_Vel_3,Camera Stepper Motor 1_Axis_Vel_3,??ng c? b??c máy ?nh 1_Tr?c_V?n t?c_3
PLC/相机步进电机1_Axis_Vel,相机步进电机1_Axis_Vel_4,25508,相机步进电机1_Axis_Vel_4,Camera Stepper Motor 1_Axis_Vel_4,??ng c? b??c máy ?nh 1_Tr?c_V?n t?c_4
PLC/相机步进电机1_Axis_Vel,相机步进电机1_Axis_Vel_5,25510,相机步进电机1_Axis_Vel_5,Camera Stepper Motor 1_Axis_Vel_5,??ng c? b??c máy ?nh 1_Tr?c_V?n t?c_5
PLC/相机步进电机1_Axis_Vel,相机步进电机1_Axis_Vel_6,25512,相机步进电机1_Axis_Vel_6,Camera Stepper Motor 1_Axis_Vel_6,??ng c? b??c máy ?nh 1_Tr?c_V?n t?c_6
PLC/相机步进电机1_Axis_Vel,相机步进电机1_Axis_Vel_7,25514,相机步进电机1_Axis_Vel_7,Camera Stepper Motor 1_Axis_Vel_7,??ng c? b??c máy ?nh 1_Tr?c_V?n t?c_7
PLC/相机步进电机1_Axis_Vel,相机步进电机1_Axis_Vel_8,25516,相机步进电机1_Axis_Vel_8,Camera Stepper Motor 1_Axis_Vel_8,??ng c? b??c máy ?nh 1_Tr?c_V?n t?c_8
PLC/相机步进电机1_Axis_Vel,相机步进电机1_Axis_Vel_9,25518,相机步进电机1_Axis_Vel_9,Camera Stepper Motor 1_Axis_Vel_9,??ng c? b??c máy ?nh 1_Tr?c_V?n t?c_9
PLC/相机步进电机1_Axis_Vel,相机步进电机1_Axis_Vel_10,25520,相机步进电机1_Axis_Vel_10,Camera Stepper Motor 1_Axis_Vel_10,??ng c? b??c máy ?nh 1_Tr?c_V?n t?c_10
PLC/相机步进电机1_Axis_Vel,相机步进电机1_Axis_Vel_11,25522,相机步进电机1_Axis_Vel_11,Camera Stepper Motor 1_Axis_Vel_11,??ng c? b??c máy ?nh 1_Tr?c_V?n t?c_11
PLC/相机步进电机1_Axis_Vel,相机步进电机1_Axis_Vel_12,25524,相机步进电机1_Axis_Vel_12,Camera Stepper Motor 1_Axis_Vel_12,??ng c? b??c máy ?nh 1_Tr?c_V?n t?c_12
PLC/相机步进电机1_Axis_Vel,相机步进电机1_Axis_Vel_13,25526,相机步进电机1_Axis_Vel_13,Camera Stepper Motor 1_Axis_Vel_13,??ng c? b??c máy ?nh 1_Tr?c_V?n t?c_13
PLC/相机步进电机1_Axis_Vel,相机步进电机1_Axis_Vel_14,25528,相机步进电机1_Axis_Vel_14,Camera Stepper Motor 1_Axis_Vel_14,??ng c? b??c máy ?nh 1_Tr?c_V?n t?c_14
PLC/相机步进电机1_Axis_Vel,相机步进电机1_Axis_Vel_15,25530,相机步进电机1_Axis_Vel_15,Camera Stepper Motor 1_Axis_Vel_15,??ng c? b??c máy ?nh 1_Tr?c_V?n t?c_15
PLC/相机步进电机1_Axis_Vel,相机步进电机1_Axis_Vel_16,25532,相机步进电机1_Axis_Vel_16,Camera Stepper Motor 1_Axis_Vel_16,??ng c? b??c máy ?nh 1_Tr?c_V?n t?c_16
PLC/相机步进电机1_Axis_Vel,相机步进电机1_Axis_Vel_17,25534,相机步进电机1_Axis_Vel_17,Camera Stepper Motor 1_Axis_Vel_17,??ng c? b??c máy ?nh 1_Tr?c_V?n t?c_17
PLC/相机步进电机1_Axis_Vel,相机步进电机1_Axis_Vel_18,25536,相机步进电机1_Axis_Vel_18,Camera Stepper Motor 1_Axis_Vel_18,??ng c? b??c máy ?nh 1_Tr?c_V?n t?c_18
PLC/相机步进电机1_Axis_Vel,相机步进电机1_Axis_Vel_19,25538,相机步进电机1_Axis_Vel_19,Camera Stepper Motor 1_Axis_Vel_19,??ng c? b??c máy ?nh 1_Tr?c_V?n t?c_19
PLC/相机步进电机1_Axis_Vel,相机步进电机1_Axis_Vel_20,25540,相机步进电机1_Axis_Vel_20,Camera Stepper Motor 1_Axis_Vel_20,??ng c? b??c máy ?nh 1_Tr?c_V?n t?c_20
PLC/相机步进电机1_Axis_Vel,相机步进电机1_Axis_Vel_21,25542,相机步进电机1_Axis_Vel_21,Camera Stepper Motor 1_Axis_Vel_21,??ng c? b??c máy ?nh 1_Tr?c_V?n t?c_21
PLC/相机步进电机1_Axis_Vel,相机步进电机1_Axis_Vel_22,25544,相机步进电机1_Axis_Vel_22,Camera Stepper Motor 1_Axis_Vel_22,??ng c? b??c máy ?nh 1_Tr?c_V?n t?c_22
PLC/相机步进电机1_Axis_Vel,相机步进电机1_Axis_Vel_23,25546,相机步进电机1_Axis_Vel_23,Camera Stepper Motor 1_Axis_Vel_23,??ng c? b??c máy ?nh 1_Tr?c_V?n t?c_23
PLC/相机步进电机1_Axis_Vel,相机步进电机1_Axis_Vel_24,25548,相机步进电机1_Axis_Vel_24,Camera Stepper Motor 1_Axis_Vel_24,??ng c? b??c máy ?nh 1_Tr?c_V?n t?c_24
PLC/相机步进电机1_Axis_Vel,相机步进电机1_Axis_Vel_25,25550,相机步进电机1_Axis_Vel_25,Camera Stepper Motor 1_Axis_Vel_25,??ng c? b??c máy ?nh 1_Tr?c_V?n t?c_25
PLC/相机步进电机1_Axis_Vel,相机步进电机1_Axis_Vel_26,25552,相机步进电机1_Axis_Vel_26,Camera Stepper Motor 1_Axis_Vel_26,??ng c? b??c máy ?nh 1_Tr?c_V?n t?c_26
PLC/相机步进电机1_Axis_Vel,相机步进电机1_Axis_Vel_27,25554,相机步进电机1_Axis_Vel_27,Camera Stepper Motor 1_Axis_Vel_27,??ng c? b??c máy ?nh 1_Tr?c_V?n t?c_27
PLC/相机步进电机1_Axis_Vel,相机步进电机1_Axis_Vel_28,25556,相机步进电机1_Axis_Vel_28,Camera Stepper Motor 1_Axis_Vel_28,??ng c? b??c máy ?nh 1_Tr?c_V?n t?c_28
PLC/相机步进电机1_Axis_Vel,相机步进电机1_Axis_Vel_29,25558,相机步进电机1_Axis_Vel_29,Camera Stepper Motor 1_Axis_Vel_29,??ng c? b??c máy ?nh 1_Tr?c_V?n t?c_29
PLC/相机步进电机1_Axis_Vel,相机步进电机1_Axis_Vel_30,25560,相机步进电机1_Axis_Vel_30,Camera Stepper Motor 1_Axis_Vel_30,??ng c? b??c máy ?nh 1_Tr?c_V?n t?c_30
PLC/相机步进电机1_Axis_Vel,相机步进电机1_Axis_Vel_31,25562,相机步进电机1_Axis_Vel_31,Camera Stepper Motor 1_Axis_Vel_31,??ng c? b??c máy ?nh 1_Tr?c_V?n t?c_31
PLC/相机步进电机1_Axis_Vel,相机步进电机1_Axis_Vel_32,25564,相机步进电机1_Axis_Vel_32,Camera Stepper Motor 1_Axis_Vel_32,??ng c? b??c máy ?nh 1_Tr?c_V?n t?c_32
PLC/相机步进电机1_Axis_Vel,相机步进电机1_Axis_Vel_33,25566,相机步进电机1_Axis_Vel_33,Camera Stepper Motor 1_Axis_Vel_33,??ng c? b??c máy ?nh 1_Tr?c_V?n t?c_33
PLC/相机步进电机1_Axis_Vel,相机步进电机1_Axis_Vel_34,25568,相机步进电机1_Axis_Vel_34,Camera Stepper Motor 1_Axis_Vel_34,??ng c? b??c máy ?nh 1_Tr?c_V?n t?c_34
PLC/相机步进电机1_Axis_Vel,相机步进电机1_Axis_Vel_35,25570,相机步进电机1_Axis_Vel_35,Camera Stepper Motor 1_Axis_Vel_35,??ng c? b??c máy ?nh 1_Tr?c_V?n t?c_35
PLC/相机步进电机1_Axis_Vel,相机步进电机1_Axis_Vel_36,25572,相机步进电机1_Axis_Vel_36,Camera Stepper Motor 1_Axis_Vel_36,??ng c? b??c máy ?nh 1_Tr?c_V?n t?c_36
PLC/相机步进电机1_Axis_Vel,相机步进电机1_Axis_Vel_37,25574,相机步进电机1_Axis_Vel_37,Camera Stepper Motor 1_Axis_Vel_37,??ng c? b??c máy ?nh 1_Tr?c_V?n t?c_37
PLC/相机步进电机1_Axis_Vel,相机步进电机1_Axis_Vel_38,25576,相机步进电机1_Axis_Vel_38,Camera Stepper Motor 1_Axis_Vel_38,??ng c? b??c máy ?nh 1_Tr?c_V?n t?c_38
PLC/相机步进电机1_Axis_Vel,相机步进电机1_Axis_Vel_39,25578,相机步进电机1_Axis_Vel_39,Camera Stepper Motor 1_Axis_Vel_39,??ng c? b??c máy ?nh 1_Tr?c_V?n t?c_39
PLC/相机步进电机1_Axis_Vel,相机步进电机1_Axis_Vel_40,25580,相机步进电机1_Axis_Vel_40,Camera Stepper Motor 1_Axis_Vel_40,??ng c? b??c máy ?nh 1_Tr?c_V?n t?c_40
PLC/相机步进电机1_Axis_Vel,相机步进电机1_Axis_Vel_41,25582,相机步进电机1_Axis_Vel_41,Camera Stepper Motor 1_Axis_Vel_41,??ng c? b??c máy ?nh 1_Tr?c_V?n t?c_41
PLC/相机步进电机1_Axis_Vel,相机步进电机1_Axis_Vel_42,25584,相机步进电机1_Axis_Vel_42,Camera Stepper Motor 1_Axis_Vel_42,??ng c? b??c máy ?nh 1_Tr?c_V?n t?c_42
PLC/相机步进电机1_Axis_Vel,相机步进电机1_Axis_Vel_43,25586,相机步进电机1_Axis_Vel_43,Camera Stepper Motor 1_Axis_Vel_43,??ng c? b??c máy ?nh 1_Tr?c_V?n t?c_43
PLC/相机步进电机1_Axis_Vel,相机步进电机1_Axis_Vel_44,25588,相机步进电机1_Axis_Vel_44,Camera Stepper Motor 1_Axis_Vel_44,??ng c? b??c máy ?nh 1_Tr?c_V?n t?c_44
PLC/相机步进电机1_Axis_Vel,相机步进电机1_Axis_Vel_45,25590,相机步进电机1_Axis_Vel_45,Camera Stepper Motor 1_Axis_Vel_45,??ng c? b??c máy ?nh 1_Tr?c_V?n t?c_45
PLC/相机步进电机1_Axis_Vel,相机步进电机1_Axis_Vel_46,25592,相机步进电机1_Axis_Vel_46,Camera Stepper Motor 1_Axis_Vel_46,??ng c? b??c máy ?nh 1_Tr?c_V?n t?c_46
PLC/相机步进电机1_Axis_Vel,相机步进电机1_Axis_Vel_47,25594,相机步进电机1_Axis_Vel_47,Camera Stepper Motor 1_Axis_Vel_47,??ng c? b??c máy ?nh 1_Tr?c_V?n t?c_47

PLC/相机步进电机2_Axis_Pos,相机步进电机2_Axis_Pos_0,25600,相机步进电机2_Axis_Pos_0,Camera Stepper Motor 2_Axis_Pos_0,??ng c? b??c máy ?nh 2_Tr?c_V? trí_0
PLC/相机步进电机2_Axis_Pos,相机步进电机2_Axis_Pos_1,25602,相机步进电机2_Axis_Pos_1,Camera Stepper Motor 2_Axis_Pos_1,??ng c? b??c máy ?nh 2_Tr?c_V? trí_1
PLC/相机步进电机2_Axis_Pos,相机步进电机2_Axis_Pos_2,25604,相机步进电机2_Axis_Pos_2,Camera Stepper Motor 2_Axis_Pos_2,??ng c? b??c máy ?nh 2_Tr?c_V? trí_2
PLC/相机步进电机2_Axis_Pos,相机步进电机2_Axis_Pos_3,25606,相机步进电机2_Axis_Pos_3,Camera Stepper Motor 2_Axis_Pos_3,??ng c? b??c máy ?nh 2_Tr?c_V? trí_3
PLC/相机步进电机2_Axis_Pos,相机步进电机2_Axis_Pos_4,25608,相机步进电机2_Axis_Pos_4,Camera Stepper Motor 2_Axis_Pos_4,??ng c? b??c máy ?nh 2_Tr?c_V? trí_4
PLC/相机步进电机2_Axis_Pos,相机步进电机2_Axis_Pos_5,25610,相机步进电机2_Axis_Pos_5,Camera Stepper Motor 2_Axis_Pos_5,??ng c? b??c máy ?nh 2_Tr?c_V? trí_5
PLC/相机步进电机2_Axis_Pos,相机步进电机2_Axis_Pos_6,25612,相机步进电机2_Axis_Pos_6,Camera Stepper Motor 2_Axis_Pos_6,??ng c? b??c máy ?nh 2_Tr?c_V? trí_6
PLC/相机步进电机2_Axis_Pos,相机步进电机2_Axis_Pos_7,25614,相机步进电机2_Axis_Pos_7,Camera Stepper Motor 2_Axis_Pos_7,??ng c? b??c máy ?nh 2_Tr?c_V? trí_7
PLC/相机步进电机2_Axis_Pos,相机步进电机2_Axis_Pos_8,25616,相机步进电机2_Axis_Pos_8,Camera Stepper Motor 2_Axis_Pos_8,??ng c? b??c máy ?nh 2_Tr?c_V? trí_8
PLC/相机步进电机2_Axis_Pos,相机步进电机2_Axis_Pos_9,25618,相机步进电机2_Axis_Pos_9,Camera Stepper Motor 2_Axis_Pos_9,??ng c? b??c máy ?nh 2_Tr?c_V? trí_9
PLC/相机步进电机2_Axis_Pos,相机步进电机2_Axis_Pos_10,25620,相机步进电机2_Axis_Pos_10,Camera Stepper Motor 2_Axis_Pos_10,??ng c? b??c máy ?nh 2_Tr?c_V? trí_10
PLC/相机步进电机2_Axis_Pos,相机步进电机2_Axis_Pos_11,25622,相机步进电机2_Axis_Pos_11,Camera Stepper Motor 2_Axis_Pos_11,??ng c? b??c máy ?nh 2_Tr?c_V? trí_11
PLC/相机步进电机2_Axis_Pos,相机步进电机2_Axis_Pos_12,25624,相机步进电机2_Axis_Pos_12,Camera Stepper Motor 2_Axis_Pos_12,??ng c? b??c máy ?nh 2_Tr?c_V? trí_12
PLC/相机步进电机2_Axis_Pos,相机步进电机2_Axis_Pos_13,25626,相机步进电机2_Axis_Pos_13,Camera Stepper Motor 2_Axis_Pos_13,??ng c? b??c máy ?nh 2_Tr?c_V? trí_13
PLC/相机步进电机2_Axis_Pos,相机步进电机2_Axis_Pos_14,25628,相机步进电机2_Axis_Pos_14,Camera Stepper Motor 2_Axis_Pos_14,??ng c? b??c máy ?nh 2_Tr?c_V? trí_14
PLC/相机步进电机2_Axis_Pos,相机步进电机2_Axis_Pos_15,25630,相机步进电机2_Axis_Pos_15,Camera Stepper Motor 2_Axis_Pos_15,??ng c? b??c máy ?nh 2_Tr?c_V? trí_15
PLC/相机步进电机2_Axis_Pos,相机步进电机2_Axis_Pos_16,25632,相机步进电机2_Axis_Pos_16,Camera Stepper Motor 2_Axis_Pos_16,??ng c? b??c máy ?nh 2_Tr?c_V? trí_16
PLC/相机步进电机2_Axis_Pos,相机步进电机2_Axis_Pos_17,25634,相机步进电机2_Axis_Pos_17,Camera Stepper Motor 2_Axis_Pos_17,??ng c? b??c máy ?nh 2_Tr?c_V? trí_17
PLC/相机步进电机2_Axis_Pos,相机步进电机2_Axis_Pos_18,25636,相机步进电机2_Axis_Pos_18,Camera Stepper Motor 2_Axis_Pos_18,??ng c? b??c máy ?nh 2_Tr?c_V? trí_18
PLC/相机步进电机2_Axis_Pos,相机步进电机2_Axis_Pos_19,25638,相机步进电机2_Axis_Pos_19,Camera Stepper Motor 2_Axis_Pos_19,??ng c? b??c máy ?nh 2_Tr?c_V? trí_19
PLC/相机步进电机2_Axis_Pos,相机步进电机2_Axis_Pos_20,25640,相机步进电机2_Axis_Pos_20,Camera Stepper Motor 2_Axis_Pos_20,??ng c? b??c máy ?nh 2_Tr?c_V? trí_20
PLC/相机步进电机2_Axis_Pos,相机步进电机2_Axis_Pos_21,25642,相机步进电机2_Axis_Pos_21,Camera Stepper Motor 2_Axis_Pos_21,??ng c? b??c máy ?nh 2_Tr?c_V? trí_21
PLC/相机步进电机2_Axis_Pos,相机步进电机2_Axis_Pos_22,25644,相机步进电机2_Axis_Pos_22,Camera Stepper Motor 2_Axis_Pos_22,??ng c? b??c máy ?nh 2_Tr?c_V? trí_22
PLC/相机步进电机2_Axis_Pos,相机步进电机2_Axis_Pos_23,25646,相机步进电机2_Axis_Pos_23,Camera Stepper Motor 2_Axis_Pos_23,??ng c? b??c máy ?nh 2_Tr?c_V? trí_23
PLC/相机步进电机2_Axis_Pos,相机步进电机2_Axis_Pos_24,25648,相机步进电机2_Axis_Pos_24,Camera Stepper Motor 2_Axis_Pos_24,??ng c? b??c máy ?nh 2_Tr?c_V? trí_24
PLC/相机步进电机2_Axis_Pos,相机步进电机2_Axis_Pos_25,25650,相机步进电机2_Axis_Pos_25,Camera Stepper Motor 2_Axis_Pos_25,??ng c? b??c máy ?nh 2_Tr?c_V? trí_25
PLC/相机步进电机2_Axis_Pos,相机步进电机2_Axis_Pos_26,25652,相机步进电机2_Axis_Pos_26,Camera Stepper Motor 2_Axis_Pos_26,??ng c? b??c máy ?nh 2_Tr?c_V? trí_26
PLC/相机步进电机2_Axis_Pos,相机步进电机2_Axis_Pos_27,25654,相机步进电机2_Axis_Pos_27,Camera Stepper Motor 2_Axis_Pos_27,??ng c? b??c máy ?nh 2_Tr?c_V? trí_27
PLC/相机步进电机2_Axis_Pos,相机步进电机2_Axis_Pos_28,25656,相机步进电机2_Axis_Pos_28,Camera Stepper Motor 2_Axis_Pos_28,??ng c? b??c máy ?nh 2_Tr?c_V? trí_28
PLC/相机步进电机2_Axis_Pos,相机步进电机2_Axis_Pos_29,25658,相机步进电机2_Axis_Pos_29,Camera Stepper Motor 2_Axis_Pos_29,??ng c? b??c máy ?nh 2_Tr?c_V? trí_29
PLC/相机步进电机2_Axis_Pos,相机步进电机2_Axis_Pos_30,25660,相机步进电机2_Axis_Pos_30,Camera Stepper Motor 2_Axis_Pos_30,??ng c? b??c máy ?nh 2_Tr?c_V? trí_30
PLC/相机步进电机2_Axis_Pos,相机步进电机2_Axis_Pos_31,25662,相机步进电机2_Axis_Pos_31,Camera Stepper Motor 2_Axis_Pos_31,??ng c? b??c máy ?nh 2_Tr?c_V? trí_31
PLC/相机步进电机2_Axis_Pos,相机步进电机2_Axis_Pos_32,25664,相机步进电机2_Axis_Pos_32,Camera Stepper Motor 2_Axis_Pos_32,??ng c? b??c máy ?nh 2_Tr?c_V? trí_32
PLC/相机步进电机2_Axis_Pos,相机步进电机2_Axis_Pos_33,25666,相机步进电机2_Axis_Pos_33,Camera Stepper Motor 2_Axis_Pos_33,??ng c? b??c máy ?nh 2_Tr?c_V? trí_33
PLC/相机步进电机2_Axis_Pos,相机步进电机2_Axis_Pos_34,25668,相机步进电机2_Axis_Pos_34,Camera Stepper Motor 2_Axis_Pos_34,??ng c? b??c máy ?nh 2_Tr?c_V? trí_34
PLC/相机步进电机2_Axis_Pos,相机步进电机2_Axis_Pos_35,25670,相机步进电机2_Axis_Pos_35,Camera Stepper Motor 2_Axis_Pos_35,??ng c? b??c máy ?nh 2_Tr?c_V? trí_35
PLC/相机步进电机2_Axis_Pos,相机步进电机2_Axis_Pos_36,25672,相机步进电机2_Axis_Pos_36,Camera Stepper Motor 2_Axis_Pos_36,??ng c? b??c máy ?nh 2_Tr?c_V? trí_36
PLC/相机步进电机2_Axis_Pos,相机步进电机2_Axis_Pos_37,25674,相机步进电机2_Axis_Pos_37,Camera Stepper Motor 2_Axis_Pos_37,??ng c? b??c máy ?nh 2_Tr?c_V? trí_37
PLC/相机步进电机2_Axis_Pos,相机步进电机2_Axis_Pos_38,25676,相机步进电机2_Axis_Pos_38,Camera Stepper Motor 2_Axis_Pos_38,??ng c? b??c máy ?nh 2_Tr?c_V? trí_38
PLC/相机步进电机2_Axis_Pos,相机步进电机2_Axis_Pos_39,25678,相机步进电机2_Axis_Pos_39,Camera Stepper Motor 2_Axis_Pos_39,??ng c? b??c máy ?nh 2_Tr?c_V? trí_39
PLC/相机步进电机2_Axis_Pos,相机步进电机2_Axis_Pos_40,25680,相机步进电机2_Axis_Pos_40,Camera Stepper Motor 2_Axis_Pos_40,??ng c? b??c máy ?nh 2_Tr?c_V? trí_40
PLC/相机步进电机2_Axis_Pos,相机步进电机2_Axis_Pos_41,25682,相机步进电机2_Axis_Pos_41,Camera Stepper Motor 2_Axis_Pos_41,??ng c? b??c máy ?nh 2_Tr?c_V? trí_41
PLC/相机步进电机2_Axis_Pos,相机步进电机2_Axis_Pos_42,25684,相机步进电机2_Axis_Pos_42,Camera Stepper Motor 2_Axis_Pos_42,??ng c? b??c máy ?nh 2_Tr?c_V? trí_42
PLC/相机步进电机2_Axis_Pos,相机步进电机2_Axis_Pos_43,25686,相机步进电机2_Axis_Pos_43,Camera Stepper Motor 2_Axis_Pos_43,??ng c? b??c máy ?nh 2_Tr?c_V? trí_43
PLC/相机步进电机2_Axis_Pos,相机步进电机2_Axis_Pos_44,25688,相机步进电机2_Axis_Pos_44,Camera Stepper Motor 2_Axis_Pos_44,??ng c? b??c máy ?nh 2_Tr?c_V? trí_44
PLC/相机步进电机2_Axis_Pos,相机步进电机2_Axis_Pos_45,25690,相机步进电机2_Axis_Pos_45,Camera Stepper Motor 2_Axis_Pos_45,??ng c? b??c máy ?nh 2_Tr?c_V? trí_45
PLC/相机步进电机2_Axis_Pos,相机步进电机2_Axis_Pos_46,25692,相机步进电机2_Axis_Pos_46,Camera Stepper Motor 2_Axis_Pos_46,??ng c? b??c máy ?nh 2_Tr?c_V? trí_46
PLC/相机步进电机2_Axis_Pos,相机步进电机2_Axis_Pos_47,25694,相机步进电机2_Axis_Pos_47,Camera Stepper Motor 2_Axis_Pos_47,??ng c? b??c máy ?nh 2_Tr?c_V? trí_47

PLC/相机步进电机2_Axis_Vel,相机步进电机2_Axis_Vel_0,25700,相机步进电机2_Axis_Vel_0,Camera Stepper Motor 2_Axis_Vel_0,??ng c? b??c máy ?nh 2_Tr?c_V?n t?c_0
PLC/相机步进电机2_Axis_Vel,相机步进电机2_Axis_Vel_1,25702,相机步进电机2_Axis_Vel_1,Camera Stepper Motor 2_Axis_Vel_1,??ng c? b??c máy ?nh 2_Tr?c_V?n t?c_1
PLC/相机步进电机2_Axis_Vel,相机步进电机2_Axis_Vel_2,25704,相机步进电机2_Axis_Vel_2,Camera Stepper Motor 2_Axis_Vel_2,??ng c? b??c máy ?nh 2_Tr?c_V?n t?c_2
PLC/相机步进电机2_Axis_Vel,相机步进电机2_Axis_Vel_3,25706,相机步进电机2_Axis_Vel_3,Camera Stepper Motor 2_Axis_Vel_3,??ng c? b??c máy ?nh 2_Tr?c_V?n t?c_3
PLC/相机步进电机2_Axis_Vel,相机步进电机2_Axis_Vel_4,25708,相机步进电机2_Axis_Vel_4,Camera Stepper Motor 2_Axis_Vel_4,??ng c? b??c máy ?nh 2_Tr?c_V?n t?c_4
PLC/相机步进电机2_Axis_Vel,相机步进电机2_Axis_Vel_5,25710,相机步进电机2_Axis_Vel_5,Camera Stepper Motor 2_Axis_Vel_5,??ng c? b??c máy ?nh 2_Tr?c_V?n t?c_5
PLC/相机步进电机2_Axis_Vel,相机步进电机2_Axis_Vel_6,25712,相机步进电机2_Axis_Vel_6,Camera Stepper Motor 2_Axis_Vel_6,??ng c? b??c máy ?nh 2_Tr?c_V?n t?c_6
PLC/相机步进电机2_Axis_Vel,相机步进电机2_Axis_Vel_7,25714,相机步进电机2_Axis_Vel_7,Camera Stepper Motor 2_Axis_Vel_7,??ng c? b??c máy ?nh 2_Tr?c_V?n t?c_7
PLC/相机步进电机2_Axis_Vel,相机步进电机2_Axis_Vel_8,25716,相机步进电机2_Axis_Vel_8,Camera Stepper Motor 2_Axis_Vel_8,??ng c? b??c máy ?nh 2_Tr?c_V?n t?c_8
PLC/相机步进电机2_Axis_Vel,相机步进电机2_Axis_Vel_9,25718,相机步进电机2_Axis_Vel_9,Camera Stepper Motor 2_Axis_Vel_9,??ng c? b??c máy ?nh 2_Tr?c_V?n t?c_9
PLC/相机步进电机2_Axis_Vel,相机步进电机2_Axis_Vel_10,25720,相机步进电机2_Axis_Vel_10,Camera Stepper Motor 2_Axis_Vel_10,??ng c? b??c máy ?nh 2_Tr?c_V?n t?c_10
PLC/相机步进电机2_Axis_Vel,相机步进电机2_Axis_Vel_11,25722,相机步进电机2_Axis_Vel_11,Camera Stepper Motor 2_Axis_Vel_11,??ng c? b??c máy ?nh 2_Tr?c_V?n t?c_11
PLC/相机步进电机2_Axis_Vel,相机步进电机2_Axis_Vel_12,25724,相机步进电机2_Axis_Vel_12,Camera Stepper Motor 2_Axis_Vel_12,??ng c? b??c máy ?nh 2_Tr?c_V?n t?c_12
PLC/相机步进电机2_Axis_Vel,相机步进电机2_Axis_Vel_13,25726,相机步进电机2_Axis_Vel_13,Camera Stepper Motor 2_Axis_Vel_13,??ng c? b??c máy ?nh 2_Tr?c_V?n t?c_13
PLC/相机步进电机2_Axis_Vel,相机步进电机2_Axis_Vel_14,25728,相机步进电机2_Axis_Vel_14,Camera Stepper Motor 2_Axis_Vel_14,??ng c? b??c máy ?nh 2_Tr?c_V?n t?c_14
PLC/相机步进电机2_Axis_Vel,相机步进电机2_Axis_Vel_15,25730,相机步进电机2_Axis_Vel_15,Camera Stepper Motor 2_Axis_Vel_15,??ng c? b??c máy ?nh 2_Tr?c_V?n t?c_15
PLC/相机步进电机2_Axis_Vel,相机步进电机2_Axis_Vel_16,25732,相机步进电机2_Axis_Vel_16,Camera Stepper Motor 2_Axis_Vel_16,??ng c? b??c máy ?nh 2_Tr?c_V?n t?c_16
PLC/相机步进电机2_Axis_Vel,相机步进电机2_Axis_Vel_17,25734,相机步进电机2_Axis_Vel_17,Camera Stepper Motor 2_Axis_Vel_17,??ng c? b??c máy ?nh 2_Tr?c_V?n t?c_17
PLC/相机步进电机2_Axis_Vel,相机步进电机2_Axis_Vel_18,25736,相机步进电机2_Axis_Vel_18,Camera Stepper Motor 2_Axis_Vel_18,??ng c? b??c máy ?nh 2_Tr?c_V?n t?c_18
PLC/相机步进电机2_Axis_Vel,相机步进电机2_Axis_Vel_19,25738,相机步进电机2_Axis_Vel_19,Camera Stepper Motor 2_Axis_Vel_19,??ng c? b??c máy ?nh 2_Tr?c_V?n t?c_19
PLC/相机步进电机2_Axis_Vel,相机步进电机2_Axis_Vel_20,25740,相机步进电机2_Axis_Vel_20,Camera Stepper Motor 2_Axis_Vel_20,??ng c? b??c máy ?nh 2_Tr?c_V?n t?c_20
PLC/相机步进电机2_Axis_Vel,相机步进电机2_Axis_Vel_21,25742,相机步进电机2_Axis_Vel_21,Camera Stepper Motor 2_Axis_Vel_21,??ng c? b??c máy ?nh 2_Tr?c_V?n t?c_21
PLC/相机步进电机2_Axis_Vel,相机步进电机2_Axis_Vel_22,25744,相机步进电机2_Axis_Vel_22,Camera Stepper Motor 2_Axis_Vel_22,??ng c? b??c máy ?nh 2_Tr?c_V?n t?c_22
PLC/相机步进电机2_Axis_Vel,相机步进电机2_Axis_Vel_23,25746,相机步进电机2_Axis_Vel_23,Camera Stepper Motor 2_Axis_Vel_23,??ng c? b??c máy ?nh 2_Tr?c_V?n t?c_23
PLC/相机步进电机2_Axis_Vel,相机步进电机2_Axis_Vel_24,25748,相机步进电机2_Axis_Vel_24,Camera Stepper Motor 2_Axis_Vel_24,??ng c? b??c máy ?nh 2_Tr?c_V?n t?c_24
PLC/相机步进电机2_Axis_Vel,相机步进电机2_Axis_Vel_25,25750,相机步进电机2_Axis_Vel_25,Camera Stepper Motor 2_Axis_Vel_25,??ng c? b??c máy ?nh 2_Tr?c_V?n t?c_25
PLC/相机步进电机2_Axis_Vel,相机步进电机2_Axis_Vel_26,25752,相机步进电机2_Axis_Vel_26,Camera Stepper Motor 2_Axis_Vel_26,??ng c? b??c máy ?nh 2_Tr?c_V?n t?c_26
PLC/相机步进电机2_Axis_Vel,相机步进电机2_Axis_Vel_27,25754,相机步进电机2_Axis_Vel_27,Camera Stepper Motor 2_Axis_Vel_27,??ng c? b??c máy ?nh 2_Tr?c_V?n t?c_27
PLC/相机步进电机2_Axis_Vel,相机步进电机2_Axis_Vel_28,25756,相机步进电机2_Axis_Vel_28,Camera Stepper Motor 2_Axis_Vel_28,??ng c? b??c máy ?nh 2_Tr?c_V?n t?c_28
PLC/相机步进电机2_Axis_Vel,相机步进电机2_Axis_Vel_29,25758,相机步进电机2_Axis_Vel_29,Camera Stepper Motor 2_Axis_Vel_29,??ng c? b??c máy ?nh 2_Tr?c_V?n t?c_29
PLC/相机步进电机2_Axis_Vel,相机步进电机2_Axis_Vel_30,25760,相机步进电机2_Axis_Vel_30,Camera Stepper Motor 2_Axis_Vel_30,??ng c? b??c máy ?nh 2_Tr?c_V?n t?c_30
PLC/相机步进电机2_Axis_Vel,相机步进电机2_Axis_Vel_31,25762,相机步进电机2_Axis_Vel_31,Camera Stepper Motor 2_Axis_Vel_31,??ng c? b??c máy ?nh 2_Tr?c_V?n t?c_31
PLC/相机步进电机2_Axis_Vel,相机步进电机2_Axis_Vel_32,25764,相机步进电机2_Axis_Vel_32,Camera Stepper Motor 2_Axis_Vel_32,??ng c? b??c máy ?nh 2_Tr?c_V?n t?c_32
PLC/相机步进电机2_Axis_Vel,相机步进电机2_Axis_Vel_33,25766,相机步进电机2_Axis_Vel_33,Camera Stepper Motor 2_Axis_Vel_33,??ng c? b??c máy ?nh 2_Tr?c_V?n t?c_33
PLC/相机步进电机2_Axis_Vel,相机步进电机2_Axis_Vel_34,25768,相机步进电机2_Axis_Vel_34,Camera Stepper Motor 2_Axis_Vel_34,??ng c? b??c máy ?nh 2_Tr?c_V?n t?c_34
PLC/相机步进电机2_Axis_Vel,相机步进电机2_Axis_Vel_35,25770,相机步进电机2_Axis_Vel_35,Camera Stepper Motor 2_Axis_Vel_35,??ng c? b??c máy ?nh 2_Tr?c_V?n t?c_35
PLC/相机步进电机2_Axis_Vel,相机步进电机2_Axis_Vel_36,25772,相机步进电机2_Axis_Vel_36,Camera Stepper Motor 2_Axis_Vel_36,??ng c? b??c máy ?nh 2_Tr?c_V?n t?c_36
PLC/相机步进电机2_Axis_Vel,相机步进电机2_Axis_Vel_37,25774,相机步进电机2_Axis_Vel_37,Camera Stepper Motor 2_Axis_Vel_37,??ng c? b??c máy ?nh 2_Tr?c_V?n t?c_37
PLC/相机步进电机2_Axis_Vel,相机步进电机2_Axis_Vel_38,25776,相机步进电机2_Axis_Vel_38,Camera Stepper Motor 2_Axis_Vel_38,??ng c? b??c máy ?nh 2_Tr?c_V?n t?c_38
PLC/相机步进电机2_Axis_Vel,相机步进电机2_Axis_Vel_39,25778,相机步进电机2_Axis_Vel_39,Camera Stepper Motor 2_Axis_Vel_39,??ng c? b??c máy ?nh 2_Tr?c_V?n t?c_39
PLC/相机步进电机2_Axis_Vel,相机步进电机2_Axis_Vel_40,25780,相机步进电机2_Axis_Vel_40,Camera Stepper Motor 2_Axis_Vel_40,??ng c? b??c máy ?nh 2_Tr?c_V?n t?c_40
PLC/相机步进电机2_Axis_Vel,相机步进电机2_Axis_Vel_41,25782,相机步进电机2_Axis_Vel_41,Camera Stepper Motor 2_Axis_Vel_41,??ng c? b??c máy ?nh 2_Tr?c_V?n t?c_41
PLC/相机步进电机2_Axis_Vel,相机步进电机2_Axis_Vel_42,25784,相机步进电机2_Axis_Vel_42,Camera Stepper Motor 2_Axis_Vel_42,??ng c? b??c máy ?nh 2_Tr?c_V?n t?c_42
PLC/相机步进电机2_Axis_Vel,相机步进电机2_Axis_Vel_43,25786,相机步进电机2_Axis_Vel_43,Camera Stepper Motor 2_Axis_Vel_43,??ng c? b??c máy ?nh 2_Tr?c_V?n t?c_43
PLC/相机步进电机2_Axis_Vel,相机步进电机2_Axis_Vel_44,25788,相机步进电机2_Axis_Vel_44,Camera Stepper Motor 2_Axis_Vel_44,??ng c? b??c máy ?nh 2_Tr?c_V?n t?c_44
PLC/相机步进电机2_Axis_Vel,相机步进电机2_Axis_Vel_45,25790,相机步进电机2_Axis_Vel_45,Camera Stepper Motor 2_Axis_Vel_45,??ng c? b??c máy ?nh 2_Tr?c_V?n t?c_45
PLC/相机步进电机2_Axis_Vel,相机步进电机2_Axis_Vel_46,25792,相机步进电机2_Axis_Vel_46,Camera Stepper Motor 2_Axis_Vel_46,??ng c? b??c máy ?nh 2_Tr?c_V?n t?c_46
PLC/相机步进电机2_Axis_Vel,相机步进电机2_Axis_Vel_47,25794,相机步进电机2_Axis_Vel_47,Camera Stepper Motor 2_Axis_Vel_47,??ng c? b??c máy ?nh 2_Tr?c_V?n t?c_47

PLC/取料1_Z轴1_Axis_Pos,取料1_Z轴1_Axis_Pos_0,25800,取料1_Z轴1_Axis_Pos_0,Pickup 1_Z Axis 1_Axis_Pos_0,L?y v?t li?u 1_Tr?c Z 1_Tr?c_V? trí_0
PLC/取料1_Z轴1_Axis_Pos,取料1_Z轴1_Axis_Pos_1,25802,取料1_Z轴1_Axis_Pos_1,Pickup 1_Z Axis 1_Axis_Pos_1,L?y v?t li?u 1_Tr?c Z 1_Tr?c_V? trí_1
PLC/取料1_Z轴1_Axis_Pos,取料1_Z轴1_Axis_Pos_2,25804,取料1_Z轴1_Axis_Pos_2,Pickup 1_Z Axis 1_Axis_Pos_2,L?y v?t li?u 1_Tr?c Z 1_Tr?c_V? trí_2
PLC/取料1_Z轴1_Axis_Pos,取料1_Z轴1_Axis_Pos_3,25806,取料1_Z轴1_Axis_Pos_3,Pickup 1_Z Axis 1_Axis_Pos_3,L?y v?t li?u 1_Tr?c Z 1_Tr?c_V? trí_3
PLC/取料1_Z轴1_Axis_Pos,取料1_Z轴1_Axis_Pos_4,25808,取料1_Z轴1_Axis_Pos_4,Pickup 1_Z Axis 1_Axis_Pos_4,L?y v?t li?u 1_Tr?c Z 1_Tr?c_V? trí_4
PLC/取料1_Z轴1_Axis_Pos,取料1_Z轴1_Axis_Pos_5,25810,取料1_Z轴1_Axis_Pos_5,Pickup 1_Z Axis 1_Axis_Pos_5,L?y v?t li?u 1_Tr?c Z 1_Tr?c_V? trí_5
PLC/取料1_Z轴1_Axis_Pos,取料1_Z轴1_Axis_Pos_6,25812,取料1_Z轴1_Axis_Pos_6,Pickup 1_Z Axis 1_Axis_Pos_6,L?y v?t li?u 1_Tr?c Z 1_Tr?c_V? trí_6
PLC/取料1_Z轴1_Axis_Pos,取料1_Z轴1_Axis_Pos_7,25814,取料1_Z轴1_Axis_Pos_7,Pickup 1_Z Axis 1_Axis_Pos_7,L?y v?t li?u 1_Tr?c Z 1_Tr?c_V? trí_7
PLC/取料1_Z轴1_Axis_Pos,取料1_Z轴1_Axis_Pos_8,25816,取料1_Z轴1_Axis_Pos_8,Pickup 1_Z Axis 1_Axis_Pos_8,L?y v?t li?u 1_Tr?c Z 1_Tr?c_V? trí_8
PLC/取料1_Z轴1_Axis_Pos,取料1_Z轴1_Axis_Pos_9,25818,取料1_Z轴1_Axis_Pos_9,Pickup 1_Z Axis 1_Axis_Pos_9,L?y v?t li?u 1_Tr?c Z 1_Tr?c_V? trí_9
PLC/取料1_Z轴1_Axis_Pos,取料1_Z轴1_Axis_Pos_10,25820,取料1_Z轴1_Axis_Pos_10,Pickup 1_Z Axis 1_Axis_Pos_10,L?y v?t li?u 1_Tr?c Z 1_Tr?c_V? trí_10
PLC/取料1_Z轴1_Axis_Pos,取料1_Z轴1_Axis_Pos_11,25822,取料1_Z轴1_Axis_Pos_11,Pickup 1_Z Axis 1_Axis_Pos_11,L?y v?t li?u 1_Tr?c Z 1_Tr?c_V? trí_11
PLC/取料1_Z轴1_Axis_Pos,取料1_Z轴1_Axis_Pos_12,25824,取料1_Z轴1_Axis_Pos_12,Pickup 1_Z Axis 1_Axis_Pos_12,L?y v?t li?u 1_Tr?c Z 1_Tr?c_V? trí_12
PLC/取料1_Z轴1_Axis_Pos,取料1_Z轴1_Axis_Pos_13,25826,取料1_Z轴1_Axis_Pos_13,Pickup 1_Z Axis 1_Axis_Pos_13,L?y v?t li?u 1_Tr?c Z 1_Tr?c_V? trí_13
PLC/取料1_Z轴1_Axis_Pos,取料1_Z轴1_Axis_Pos_14,25828,取料1_Z轴1_Axis_Pos_14,Pickup 1_Z Axis 1_Axis_Pos_14,L?y v?t li?u 1_Tr?c Z 1_Tr?c_V? trí_14
PLC/取料1_Z轴1_Axis_Pos,取料1_Z轴1_Axis_Pos_15,25830,取料1_Z轴1_Axis_Pos_15,Pickup 1_Z Axis 1_Axis_Pos_15,L?y v?t li?u 1_Tr?c Z 1_Tr?c_V? trí_15
PLC/取料1_Z轴1_Axis_Pos,取料1_Z轴1_Axis_Pos_16,25832,取料1_Z轴1_Axis_Pos_16,Pickup 1_Z Axis 1_Axis_Pos_16,L?y v?t li?u 1_Tr?c Z 1_Tr?c_V? trí_16
PLC/取料1_Z轴1_Axis_Pos,取料1_Z轴1_Axis_Pos_17,25834,取料1_Z轴1_Axis_Pos_17,Pickup 1_Z Axis 1_Axis_Pos_17,L?y v?t li?u 1_Tr?c Z 1_Tr?c_V? trí_17
PLC/取料1_Z轴1_Axis_Pos,取料1_Z轴1_Axis_Pos_18,25836,取料1_Z轴1_Axis_Pos_18,Pickup 1_Z Axis 1_Axis_Pos_18,L?y v?t li?u 1_Tr?c Z 1_Tr?c_V? trí_18
PLC/取料1_Z轴1_Axis_Pos,取料1_Z轴1_Axis_Pos_19,25838,取料1_Z轴1_Axis_Pos_19,Pickup 1_Z Axis 1_Axis_Pos_19,L?y v?t li?u 1_Tr?c Z 1_Tr?c_V? trí_19
PLC/取料1_Z轴1_Axis_Pos,取料1_Z轴1_Axis_Pos_20,25840,取料1_Z轴1_Axis_Pos_20,Pickup 1_Z Axis 1_Axis_Pos_20,L?y v?t li?u 1_Tr?c Z 1_Tr?c_V? trí_20
PLC/取料1_Z轴1_Axis_Pos,取料1_Z轴1_Axis_Pos_21,25842,取料1_Z轴1_Axis_Pos_21,Pickup 1_Z Axis 1_Axis_Pos_21,L?y v?t li?u 1_Tr?c Z 1_Tr?c_V? trí_21
PLC/取料1_Z轴1_Axis_Pos,取料1_Z轴1_Axis_Pos_22,25844,取料1_Z轴1_Axis_Pos_22,Pickup 1_Z Axis 1_Axis_Pos_22,L?y v?t li?u 1_Tr?c Z 1_Tr?c_V? trí_22
PLC/取料1_Z轴1_Axis_Pos,取料1_Z轴1_Axis_Pos_23,25846,取料1_Z轴1_Axis_Pos_23,Pickup 1_Z Axis 1_Axis_Pos_23,L?y v?t li?u 1_Tr?c Z 1_Tr?c_V? trí_23
PLC/取料1_Z轴1_Axis_Pos,取料1_Z轴1_Axis_Pos_24,25848,取料1_Z轴1_Axis_Pos_24,Pickup 1_Z Axis 1_Axis_Pos_24,L?y v?t li?u 1_Tr?c Z 1_Tr?c_V? trí_24
PLC/取料1_Z轴1_Axis_Pos,取料1_Z轴1_Axis_Pos_25,25850,取料1_Z轴1_Axis_Pos_25,Pickup 1_Z Axis 1_Axis_Pos_25,L?y v?t li?u 1_Tr?c Z 1_Tr?c_V? trí_25
PLC/取料1_Z轴1_Axis_Pos,取料1_Z轴1_Axis_Pos_26,25852,取料1_Z轴1_Axis_Pos_26,Pickup 1_Z Axis 1_Axis_Pos_26,L?y v?t li?u 1_Tr?c Z 1_Tr?c_V? trí_26
PLC/取料1_Z轴1_Axis_Pos,取料1_Z轴1_Axis_Pos_27,25854,取料1_Z轴1_Axis_Pos_27,Pickup 1_Z Axis 1_Axis_Pos_27,L?y v?t li?u 1_Tr?c Z 1_Tr?c_V? trí_27
PLC/取料1_Z轴1_Axis_Pos,取料1_Z轴1_Axis_Pos_28,25856,取料1_Z轴1_Axis_Pos_28,Pickup 1_Z Axis 1_Axis_Pos_28,L?y v?t li?u 1_Tr?c Z 1_Tr?c_V? trí_28
PLC/取料1_Z轴1_Axis_Pos,取料1_Z轴1_Axis_Pos_29,25858,取料1_Z轴1_Axis_Pos_29,Pickup 1_Z Axis 1_Axis_Pos_29,L?y v?t li?u 1_Tr?c Z 1_Tr?c_V? trí_29
PLC/取料1_Z轴1_Axis_Pos,取料1_Z轴1_Axis_Pos_30,25860,取料1_Z轴1_Axis_Pos_30,Pickup 1_Z Axis 1_Axis_Pos_30,L?y v?t li?u 1_Tr?c Z 1_Tr?c_V? trí_30
PLC/取料1_Z轴1_Axis_Pos,取料1_Z轴1_Axis_Pos_31,25862,取料1_Z轴1_Axis_Pos_31,Pickup 1_Z Axis 1_Axis_Pos_31,L?y v?t li?u 1_Tr?c Z 1_Tr?c_V? trí_31
PLC/取料1_Z轴1_Axis_Pos,取料1_Z轴1_Axis_Pos_32,25864,取料1_Z轴1_Axis_Pos_32,Pickup 1_Z Axis 1_Axis_Pos_32,L?y v?t li?u 1_Tr?c Z 1_Tr?c_V? trí_32
PLC/取料1_Z轴1_Axis_Pos,取料1_Z轴1_Axis_Pos_33,25866,取料1_Z轴1_Axis_Pos_33,Pickup 1_Z Axis 1_Axis_Pos_33,L?y v?t li?u 1_Tr?c Z 1_Tr?c_V? trí_33
PLC/取料1_Z轴1_Axis_Pos,取料1_Z轴1_Axis_Pos_34,25868,取料1_Z轴1_Axis_Pos_34,Pickup 1_Z Axis 1_Axis_Pos_34,L?y v?t li?u 1_Tr?c Z 1_Tr?c_V? trí_34
PLC/取料1_Z轴1_Axis_Pos,取料1_Z轴1_Axis_Pos_35,25870,取料1_Z轴1_Axis_Pos_35,Pickup 1_Z Axis 1_Axis_Pos_35,L?y v?t li?u 1_Tr?c Z 1_Tr?c_V? trí_35
PLC/取料1_Z轴1_Axis_Pos,取料1_Z轴1_Axis_Pos_36,25872,取料1_Z轴1_Axis_Pos_36,Pickup 1_Z Axis 1_Axis_Pos_36,L?y v?t li?u 1_Tr?c Z 1_Tr?c_V? trí_36
PLC/取料1_Z轴1_Axis_Pos,取料1_Z轴1_Axis_Pos_37,25874,取料1_Z轴1_Axis_Pos_37,Pickup 1_Z Axis 1_Axis_Pos_37,L?y v?t li?u 1_Tr?c Z 1_Tr?c_V? trí_37
PLC/取料1_Z轴1_Axis_Pos,取料1_Z轴1_Axis_Pos_38,25876,取料1_Z轴1_Axis_Pos_38,Pickup 1_Z Axis 1_Axis_Pos_38,L?y v?t li?u 1_Tr?c Z 1_Tr?c_V? trí_38
PLC/取料1_Z轴1_Axis_Pos,取料1_Z轴1_Axis_Pos_39,25878,取料1_Z轴1_Axis_Pos_39,Pickup 1_Z Axis 1_Axis_Pos_39,L?y v?t li?u 1_Tr?c Z 1_Tr?c_V? trí_39
PLC/取料1_Z轴1_Axis_Pos,取料1_Z轴1_Axis_Pos_40,25880,取料1_Z轴1_Axis_Pos_40,Pickup 1_Z Axis 1_Axis_Pos_40,L?y v?t li?u 1_Tr?c Z 1_Tr?c_V? trí_40
PLC/取料1_Z轴1_Axis_Pos,取料1_Z轴1_Axis_Pos_41,25882,取料1_Z轴1_Axis_Pos_41,Pickup 1_Z Axis 1_Axis_Pos_41,L?y v?t li?u 1_Tr?c Z 1_Tr?c_V? trí_41
PLC/取料1_Z轴1_Axis_Pos,取料1_Z轴1_Axis_Pos_42,25884,取料1_Z轴1_Axis_Pos_42,Pickup 1_Z Axis 1_Axis_Pos_42,L?y v?t li?u 1_Tr?c Z 1_Tr?c_V? trí_42
PLC/取料1_Z轴1_Axis_Pos,取料1_Z轴1_Axis_Pos_43,25886,取料1_Z轴1_Axis_Pos_43,Pickup 1_Z Axis 1_Axis_Pos_43,L?y v?t li?u 1_Tr?c Z 1_Tr?c_V? trí_43
PLC/取料1_Z轴1_Axis_Pos,取料1_Z轴1_Axis_Pos_44,25888,取料1_Z轴1_Axis_Pos_44,Pickup 1_Z Axis 1_Axis_Pos_44,L?y v?t li?u 1_Tr?c Z 1_Tr?c_V? trí_44
PLC/取料1_Z轴1_Axis_Pos,取料1_Z轴1_Axis_Pos_45,25890,取料1_Z轴1_Axis_Pos_45,Pickup 1_Z Axis 1_Axis_Pos_45,L?y v?t li?u 1_Tr?c Z 1_Tr?c_V? trí_45
PLC/取料1_Z轴1_Axis_Pos,取料1_Z轴1_Axis_Pos_46,25892,取料1_Z轴1_Axis_Pos_46,Pickup 1_Z Axis 1_Axis_Pos_46,L?y v?t li?u 1_Tr?c Z 1_Tr?c_V? trí_46
PLC/取料1_Z轴1_Axis_Pos,取料1_Z轴1_Axis_Pos_47,25894,取料1_Z轴1_Axis_Pos_47,Pickup 1_Z Axis 1_Axis_Pos_47,L?y v?t li?u 1_Tr?c Z 1_Tr?c_V? trí_47

PLC/取料1_Z轴1_Axis_Vel,取料1_Z轴1_Axis_Vel_0,25900,取料1_Z轴1_Axis_Vel_0,Pickup 1_Z Axis 1_Axis_Vel_0,L?y v?t li?u 1_Tr?c Z 1_Tr?c_V?n t?c_0
PLC/取料1_Z轴1_Axis_Vel,取料1_Z轴1_Axis_Vel_1,25902,取料1_Z轴1_Axis_Vel_1,Pickup 1_Z Axis 1_Axis_Vel_1,L?y v?t li?u 1_Tr?c Z 1_Tr?c_V?n t?c_1
PLC/取料1_Z轴1_Axis_Vel,取料1_Z轴1_Axis_Vel_2,25904,取料1_Z轴1_Axis_Vel_2,Pickup 1_Z Axis 1_Axis_Vel_2,L?y v?t li?u 1_Tr?c Z 1_Tr?c_V?n t?c_2
PLC/取料1_Z轴1_Axis_Vel,取料1_Z轴1_Axis_Vel_3,25906,取料1_Z轴1_Axis_Vel_3,Pickup 1_Z Axis 1_Axis_Vel_3,L?y v?t li?u 1_Tr?c Z 1_Tr?c_V?n t?c_3
PLC/取料1_Z轴1_Axis_Vel,取料1_Z轴1_Axis_Vel_4,25908,取料1_Z轴1_Axis_Vel_4,Pickup 1_Z Axis 1_Axis_Vel_4,L?y v?t li?u 1_Tr?c Z 1_Tr?c_V?n t?c_4
PLC/取料1_Z轴1_Axis_Vel,取料1_Z轴1_Axis_Vel_5,25910,取料1_Z轴1_Axis_Vel_5,Pickup 1_Z Axis 1_Axis_Vel_5,L?y v?t li?u 1_Tr?c Z 1_Tr?c_V?n t?c_5
PLC/取料1_Z轴1_Axis_Vel,取料1_Z轴1_Axis_Vel_6,25912,取料1_Z轴1_Axis_Vel_6,Pickup 1_Z Axis 1_Axis_Vel_6,L?y v?t li?u 1_Tr?c Z 1_Tr?c_V?n t?c_6
PLC/取料1_Z轴1_Axis_Vel,取料1_Z轴1_Axis_Vel_7,25914,取料1_Z轴1_Axis_Vel_7,Pickup 1_Z Axis 1_Axis_Vel_7,L?y v?t li?u 1_Tr?c Z 1_Tr?c_V?n t?c_7
PLC/取料1_Z轴1_Axis_Vel,取料1_Z轴1_Axis_Vel_8,25916,取料1_Z轴1_Axis_Vel_8,Pickup 1_Z Axis 1_Axis_Vel_8,L?y v?t li?u 1_Tr?c Z 1_Tr?c_V?n t?c_8
PLC/取料1_Z轴1_Axis_Vel,取料1_Z轴1_Axis_Vel_9,25918,取料1_Z轴1_Axis_Vel_9,Pickup 1_Z Axis 1_Axis_Vel_9,L?y v?t li?u 1_Tr?c Z 1_Tr?c_V?n t?c_9
PLC/取料1_Z轴1_Axis_Vel,取料1_Z轴1_Axis_Vel_10,25920,取料1_Z轴1_Axis_Vel_10,Pickup 1_Z Axis 1_Axis_Vel_10,L?y v?t li?u 1_Tr?c Z 1_Tr?c_V?n t?c_10
PLC/取料1_Z轴1_Axis_Vel,取料1_Z轴1_Axis_Vel_11,25922,取料1_Z轴1_Axis_Vel_11,Pickup 1_Z Axis 1_Axis_Vel_11,L?y v?t li?u 1_Tr?c Z 1_Tr?c_V?n t?c_11
PLC/取料1_Z轴1_Axis_Vel,取料1_Z轴1_Axis_Vel_12,25924,取料1_Z轴1_Axis_Vel_12,Pickup 1_Z Axis 1_Axis_Vel_12,L?y v?t li?u 1_Tr?c Z 1_Tr?c_V?n t?c_12
PLC/取料1_Z轴1_Axis_Vel,取料1_Z轴1_Axis_Vel_13,25926,取料1_Z轴1_Axis_Vel_13,Pickup 1_Z Axis 1_Axis_Vel_13,L?y v?t li?u 1_Tr?c Z 1_Tr?c_V?n t?c_13
PLC/取料1_Z轴1_Axis_Vel,取料1_Z轴1_Axis_Vel_14,25928,取料1_Z轴1_Axis_Vel_14,Pickup 1_Z Axis 1_Axis_Vel_14,L?y v?t li?u 1_Tr?c Z 1_Tr?c_V?n t?c_14
PLC/取料1_Z轴1_Axis_Vel,取料1_Z轴1_Axis_Vel_15,25930,取料1_Z轴1_Axis_Vel_15,Pickup 1_Z Axis 1_Axis_Vel_15,L?y v?t li?u 1_Tr?c Z 1_Tr?c_V?n t?c_15
PLC/取料1_Z轴1_Axis_Vel,取料1_Z轴1_Axis_Vel_16,25932,取料1_Z轴1_Axis_Vel_16,Pickup 1_Z Axis 1_Axis_Vel_16,L?y v?t li?u 1_Tr?c Z 1_Tr?c_V?n t?c_16
PLC/取料1_Z轴1_Axis_Vel,取料1_Z轴1_Axis_Vel_17,25934,取料1_Z轴1_Axis_Vel_17,Pickup 1_Z Axis 1_Axis_Vel_17,L?y v?t li?u 1_Tr?c Z 1_Tr?c_V?n t?c_17
PLC/取料1_Z轴1_Axis_Vel,取料1_Z轴1_Axis_Vel_18,25936,取料1_Z轴1_Axis_Vel_18,Pickup 1_Z Axis 1_Axis_Vel_18,L?y v?t li?u 1_Tr?c Z 1_Tr?c_V?n t?c_18
PLC/取料1_Z轴1_Axis_Vel,取料1_Z轴1_Axis_Vel_19,25938,取料1_Z轴1_Axis_Vel_19,Pickup 1_Z Axis 1_Axis_Vel_19,L?y v?t li?u 1_Tr?c Z 1_Tr?c_V?n t?c_19
PLC/取料1_Z轴1_Axis_Vel,取料1_Z轴1_Axis_Vel_20,25940,取料1_Z轴1_Axis_Vel_20,Pickup 1_Z Axis 1_Axis_Vel_20,L?y v?t li?u 1_Tr?c Z 1_Tr?c_V?n t?c_20
PLC/取料1_Z轴1_Axis_Vel,取料1_Z轴1_Axis_Vel_21,25942,取料1_Z轴1_Axis_Vel_21,Pickup 1_Z Axis 1_Axis_Vel_21,L?y v?t li?u 1_Tr?c Z 1_Tr?c_V?n t?c_21
PLC/取料1_Z轴1_Axis_Vel,取料1_Z轴1_Axis_Vel_22,25944,取料1_Z轴1_Axis_Vel_22,Pickup 1_Z Axis 1_Axis_Vel_22,L?y v?t li?u 1_Tr?c Z 1_Tr?c_V?n t?c_22
PLC/取料1_Z轴1_Axis_Vel,取料1_Z轴1_Axis_Vel_23,25946,取料1_Z轴1_Axis_Vel_23,Pickup 1_Z Axis 1_Axis_Vel_23,L?y v?t li?u 1_Tr?c Z 1_Tr?c_V?n t?c_23
PLC/取料1_Z轴1_Axis_Vel,取料1_Z轴1_Axis_Vel_24,25948,取料1_Z轴1_Axis_Vel_24,Pickup 1_Z Axis 1_Axis_Vel_24,L?y v?t li?u 1_Tr?c Z 1_Tr?c_V?n t?c_24
PLC/取料1_Z轴1_Axis_Vel,取料1_Z轴1_Axis_Vel_25,25950,取料1_Z轴1_Axis_Vel_25,Pickup 1_Z Axis 1_Axis_Vel_25,L?y v?t li?u 1_Tr?c Z 1_Tr?c_V?n t?c_25
PLC/取料1_Z轴1_Axis_Vel,取料1_Z轴1_Axis_Vel_26,25952,取料1_Z轴1_Axis_Vel_26,Pickup 1_Z Axis 1_Axis_Vel_26,L?y v?t li?u 1_Tr?c Z 1_Tr?c_V?n t?c_26
PLC/取料1_Z轴1_Axis_Vel,取料1_Z轴1_Axis_Vel_27,25954,取料1_Z轴1_Axis_Vel_27,Pickup 1_Z Axis 1_Axis_Vel_27,L?y v?t li?u 1_Tr?c Z 1_Tr?c_V?n t?c_27
PLC/取料1_Z轴1_Axis_Vel,取料1_Z轴1_Axis_Vel_28,25956,取料1_Z轴1_Axis_Vel_28,Pickup 1_Z Axis 1_Axis_Vel_28,L?y v?t li?u 1_Tr?c Z 1_Tr?c_V?n t?c_28
PLC/取料1_Z轴1_Axis_Vel,取料1_Z轴1_Axis_Vel_29,25958,取料1_Z轴1_Axis_Vel_29,Pickup 1_Z Axis 1_Axis_Vel_29,L?y v?t li?u 1_Tr?c Z 1_Tr?c_V?n t?c_29
PLC/取料1_Z轴1_Axis_Vel,取料1_Z轴1_Axis_Vel_30,25960,取料1_Z轴1_Axis_Vel_30,Pickup 1_Z Axis 1_Axis_Vel_30,L?y v?t li?u 1_Tr?c Z 1_Tr?c_V?n t?c_30
PLC/取料1_Z轴1_Axis_Vel,取料1_Z轴1_Axis_Vel_31,25962,取料1_Z轴1_Axis_Vel_31,Pickup 1_Z Axis 1_Axis_Vel_31,L?y v?t li?u 1_Tr?c Z 1_Tr?c_V?n t?c_31
PLC/取料1_Z轴1_Axis_Vel,取料1_Z轴1_Axis_Vel_32,25964,取料1_Z轴1_Axis_Vel_32,Pickup 1_Z Axis 1_Axis_Vel_32,L?y v?t li?u 1_Tr?c Z 1_Tr?c_V?n t?c_32
PLC/取料1_Z轴1_Axis_Vel,取料1_Z轴1_Axis_Vel_33,25966,取料1_Z轴1_Axis_Vel_33,Pickup 1_Z Axis 1_Axis_Vel_33,L?y v?t li?u 1_Tr?c Z 1_Tr?c_V?n t?c_33
PLC/取料1_Z轴1_Axis_Vel,取料1_Z轴1_Axis_Vel_34,25968,取料1_Z轴1_Axis_Vel_34,Pickup 1_Z Axis 1_Axis_Vel_34,L?y v?t li?u 1_Tr?c Z 1_Tr?c_V?n t?c_34
PLC/取料1_Z轴1_Axis_Vel,取料1_Z轴1_Axis_Vel_35,25970,取料1_Z轴1_Axis_Vel_35,Pickup 1_Z Axis 1_Axis_Vel_35,L?y v?t li?u 1_Tr?c Z 1_Tr?c_V?n t?c_35
PLC/取料1_Z轴1_Axis_Vel,取料1_Z轴1_Axis_Vel_36,25972,取料1_Z轴1_Axis_Vel_36,Pickup 1_Z Axis 1_Axis_Vel_36,L?y v?t li?u 1_Tr?c Z 1_Tr?c_V?n t?c_36
PLC/取料1_Z轴1_Axis_Vel,取料1_Z轴1_Axis_Vel_37,25974,取料1_Z轴1_Axis_Vel_37,Pickup 1_Z Axis 1_Axis_Vel_37,L?y v?t li?u 1_Tr?c Z 1_Tr?c_V?n t?c_37
PLC/取料1_Z轴1_Axis_Vel,取料1_Z轴1_Axis_Vel_38,25976,取料1_Z轴1_Axis_Vel_38,Pickup 1_Z Axis 1_Axis_Vel_38,L?y v?t li?u 1_Tr?c Z 1_Tr?c_V?n t?c_38
PLC/取料1_Z轴1_Axis_Vel,取料1_Z轴1_Axis_Vel_39,25978,取料1_Z轴1_Axis_Vel_39,Pickup 1_Z Axis 1_Axis_Vel_39,L?y v?t li?u 1_Tr?c Z 1_Tr?c_V?n t?c_39
PLC/取料1_Z轴1_Axis_Vel,取料1_Z轴1_Axis_Vel_40,25980,取料1_Z轴1_Axis_Vel_40,Pickup 1_Z Axis 1_Axis_Vel_40,L?y v?t li?u 1_Tr?c Z 1_Tr?c_V?n t?c_40
PLC/取料1_Z轴1_Axis_Vel,取料1_Z轴1_Axis_Vel_41,25982,取料1_Z轴1_Axis_Vel_41,Pickup 1_Z Axis 1_Axis_Vel_41,L?y v?t li?u 1_Tr?c Z 1_Tr?c_V?n t?c_41
PLC/取料1_Z轴1_Axis_Vel,取料1_Z轴1_Axis_Vel_42,25984,取料1_Z轴1_Axis_Vel_42,Pickup 1_Z Axis 1_Axis_Vel_42,L?y v?t li?u 1_Tr?c Z 1_Tr?c_V?n t?c_42
PLC/取料1_Z轴1_Axis_Vel,取料1_Z轴1_Axis_Vel_43,25986,取料1_Z轴1_Axis_Vel_43,Pickup 1_Z Axis 1_Axis_Vel_43,L?y v?t li?u 1_Tr?c Z 1_Tr?c_V?n t?c_43
PLC/取料1_Z轴1_Axis_Vel,取料1_Z轴1_Axis_Vel_44,25988,取料1_Z轴1_Axis_Vel_44,Pickup 1_Z Axis 1_Axis_Vel_44,L?y v?t li?u 1_Tr?c Z 1_Tr?c_V?n t?c_44
PLC/取料1_Z轴1_Axis_Vel,取料1_Z轴1_Axis_Vel_45,25990,取料1_Z轴1_Axis_Vel_45,Pickup 1_Z Axis 1_Axis_Vel_45,L?y v?t li?u 1_Tr?c Z 1_Tr?c_V?n t?c_45
PLC/取料1_Z轴1_Axis_Vel,取料1_Z轴1_Axis_Vel_46,25992,取料1_Z轴1_Axis_Vel_46,Pickup 1_Z Axis 1_Axis_Vel_46,L?y v?t li?u 1_Tr?c Z 1_Tr?c_V?n t?c_46
PLC/取料1_Z轴1_Axis_Vel,取料1_Z轴1_Axis_Vel_47,25994,取料1_Z轴1_Axis_Vel_47,Pickup 1_Z Axis 1_Axis_Vel_47,L?y v?t li?u 1_Tr?c Z 1_Tr?c_V?n t?c_47

PLC/取料1_R轴1_Axis_Pos,取料1_R轴1_Axis_Pos_0,26000,取料1_R轴1_Axis_Pos_0,Pickup 1_R Axis 1_Axis_Pos_0,L?y v?t li?u 1_Tr?c R 1_Tr?c_V? trí_0
PLC/取料1_R轴1_Axis_Pos,取料1_R轴1_Axis_Pos_1,26002,取料1_R轴1_Axis_Pos_1,Pickup 1_R Axis 1_Axis_Pos_1,L?y v?t li?u 1_Tr?c R 1_Tr?c_V? trí_1
PLC/取料1_R轴1_Axis_Pos,取料1_R轴1_Axis_Pos_2,26004,取料1_R轴1_Axis_Pos_2,Pickup 1_R Axis 1_Axis_Pos_2,L?y v?t li?u 1_Tr?c R 1_Tr?c_V? trí_2
PLC/取料1_R轴1_Axis_Pos,取料1_R轴1_Axis_Pos_3,26006,取料1_R轴1_Axis_Pos_3,Pickup 1_R Axis 1_Axis_Pos_3,L?y v?t li?u 1_Tr?c R 1_Tr?c_V? trí_3
PLC/取料1_R轴1_Axis_Pos,取料1_R轴1_Axis_Pos_4,26008,取料1_R轴1_Axis_Pos_4,Pickup 1_R Axis 1_Axis_Pos_4,L?y v?t li?u 1_Tr?c R 1_Tr?c_V? trí_4
PLC/取料1_R轴1_Axis_Pos,取料1_R轴1_Axis_Pos_5,26010,取料1_R轴1_Axis_Pos_5,Pickup 1_R Axis 1_Axis_Pos_5,L?y v?t li?u 1_Tr?c R 1_Tr?c_V? trí_5
PLC/取料1_R轴1_Axis_Pos,取料1_R轴1_Axis_Pos_6,26012,取料1_R轴1_Axis_Pos_6,Pickup 1_R Axis 1_Axis_Pos_6,L?y v?t li?u 1_Tr?c R 1_Tr?c_V? trí_6
PLC/取料1_R轴1_Axis_Pos,取料1_R轴1_Axis_Pos_7,26014,取料1_R轴1_Axis_Pos_7,Pickup 1_R Axis 1_Axis_Pos_7,L?y v?t li?u 1_Tr?c R 1_Tr?c_V? trí_7
PLC/取料1_R轴1_Axis_Pos,取料1_R轴1_Axis_Pos_8,26016,取料1_R轴1_Axis_Pos_8,Pickup 1_R Axis 1_Axis_Pos_8,L?y v?t li?u 1_Tr?c R 1_Tr?c_V? trí_8
PLC/取料1_R轴1_Axis_Pos,取料1_R轴1_Axis_Pos_9,26018,取料1_R轴1_Axis_Pos_9,Pickup 1_R Axis 1_Axis_Pos_9,L?y v?t li?u 1_Tr?c R 1_Tr?c_V? trí_9
PLC/取料1_R轴1_Axis_Pos,取料1_R轴1_Axis_Pos_10,26020,取料1_R轴1_Axis_Pos_10,Pickup 1_R Axis 1_Axis_Pos_10,L?y v?t li?u 1_Tr?c R 1_Tr?c_V? trí_10
PLC/取料1_R轴1_Axis_Pos,取料1_R轴1_Axis_Pos_11,26022,取料1_R轴1_Axis_Pos_11,Pickup 1_R Axis 1_Axis_Pos_11,L?y v?t li?u 1_Tr?c R 1_Tr?c_V? trí_11
PLC/取料1_R轴1_Axis_Pos,取料1_R轴1_Axis_Pos_12,26024,取料1_R轴1_Axis_Pos_12,Pickup 1_R Axis 1_Axis_Pos_12,L?y v?t li?u 1_Tr?c R 1_Tr?c_V? trí_12
PLC/取料1_R轴1_Axis_Pos,取料1_R轴1_Axis_Pos_13,26026,取料1_R轴1_Axis_Pos_13,Pickup 1_R Axis 1_Axis_Pos_13,L?y v?t li?u 1_Tr?c R 1_Tr?c_V? trí_13
PLC/取料1_R轴1_Axis_Pos,取料1_R轴1_Axis_Pos_14,26028,取料1_R轴1_Axis_Pos_14,Pickup 1_R Axis 1_Axis_Pos_14,L?y v?t li?u 1_Tr?c R 1_Tr?c_V? trí_14
PLC/取料1_R轴1_Axis_Pos,取料1_R轴1_Axis_Pos_15,26030,取料1_R轴1_Axis_Pos_15,Pickup 1_R Axis 1_Axis_Pos_15,L?y v?t li?u 1_Tr?c R 1_Tr?c_V? trí_15
PLC/取料1_R轴1_Axis_Pos,取料1_R轴1_Axis_Pos_16,26032,取料1_R轴1_Axis_Pos_16,Pickup 1_R Axis 1_Axis_Pos_16,L?y v?t li?u 1_Tr?c R 1_Tr?c_V? trí_16
PLC/取料1_R轴1_Axis_Pos,取料1_R轴1_Axis_Pos_17,26034,取料1_R轴1_Axis_Pos_17,Pickup 1_R Axis 1_Axis_Pos_17,L?y v?t li?u 1_Tr?c R 1_Tr?c_V? trí_17
PLC/取料1_R轴1_Axis_Pos,取料1_R轴1_Axis_Pos_18,26036,取料1_R轴1_Axis_Pos_18,Pickup 1_R Axis 1_Axis_Pos_18,L?y v?t li?u 1_Tr?c R 1_Tr?c_V? trí_18
PLC/取料1_R轴1_Axis_Pos,取料1_R轴1_Axis_Pos_19,26038,取料1_R轴1_Axis_Pos_19,Pickup 1_R Axis 1_Axis_Pos_19,L?y v?t li?u 1_Tr?c R 1_Tr?c_V? trí_19
PLC/取料1_R轴1_Axis_Pos,取料1_R轴1_Axis_Pos_20,26040,取料1_R轴1_Axis_Pos_20,Pickup 1_R Axis 1_Axis_Pos_20,L?y v?t li?u 1_Tr?c R 1_Tr?c_V? trí_20
PLC/取料1_R轴1_Axis_Pos,取料1_R轴1_Axis_Pos_21,26042,取料1_R轴1_Axis_Pos_21,Pickup 1_R Axis 1_Axis_Pos_21,L?y v?t li?u 1_Tr?c R 1_Tr?c_V? trí_21
PLC/取料1_R轴1_Axis_Pos,取料1_R轴1_Axis_Pos_22,26044,取料1_R轴1_Axis_Pos_22,Pickup 1_R Axis 1_Axis_Pos_22,L?y v?t li?u 1_Tr?c R 1_Tr?c_V? trí_22
PLC/取料1_R轴1_Axis_Pos,取料1_R轴1_Axis_Pos_23,26046,取料1_R轴1_Axis_Pos_23,Pickup 1_R Axis 1_Axis_Pos_23,L?y v?t li?u 1_Tr?c R 1_Tr?c_V? trí_23
PLC/取料1_R轴1_Axis_Pos,取料1_R轴1_Axis_Pos_24,26048,取料1_R轴1_Axis_Pos_24,Pickup 1_R Axis 1_Axis_Pos_24,L?y v?t li?u 1_Tr?c R 1_Tr?c_V? trí_24
PLC/取料1_R轴1_Axis_Pos,取料1_R轴1_Axis_Pos_25,26050,取料1_R轴1_Axis_Pos_25,Pickup 1_R Axis 1_Axis_Pos_25,L?y v?t li?u 1_Tr?c R 1_Tr?c_V? trí_25
PLC/取料1_R轴1_Axis_Pos,取料1_R轴1_Axis_Pos_26,26052,取料1_R轴1_Axis_Pos_26,Pickup 1_R Axis 1_Axis_Pos_26,L?y v?t li?u 1_Tr?c R 1_Tr?c_V? trí_26
PLC/取料1_R轴1_Axis_Pos,取料1_R轴1_Axis_Pos_27,26054,取料1_R轴1_Axis_Pos_27,Pickup 1_R Axis 1_Axis_Pos_27,L?y v?t li?u 1_Tr?c R 1_Tr?c_V? trí_27
PLC/取料1_R轴1_Axis_Pos,取料1_R轴1_Axis_Pos_28,26056,取料1_R轴1_Axis_Pos_28,Pickup 1_R Axis 1_Axis_Pos_28,L?y v?t li?u 1_Tr?c R 1_Tr?c_V? trí_28
PLC/取料1_R轴1_Axis_Pos,取料1_R轴1_Axis_Pos_29,26058,取料1_R轴1_Axis_Pos_29,Pickup 1_R Axis 1_Axis_Pos_29,L?y v?t li?u 1_Tr?c R 1_Tr?c_V? trí_29
PLC/取料1_R轴1_Axis_Pos,取料1_R轴1_Axis_Pos_30,26060,取料1_R轴1_Axis_Pos_30,Pickup 1_R Axis 1_Axis_Pos_30,L?y v?t li?u 1_Tr?c R 1_Tr?c_V? trí_30
PLC/取料1_R轴1_Axis_Pos,取料1_R轴1_Axis_Pos_31,26062,取料1_R轴1_Axis_Pos_31,Pickup 1_R Axis 1_Axis_Pos_31,L?y v?t li?u 1_Tr?c R 1_Tr?c_V? trí_31
PLC/取料1_R轴1_Axis_Pos,取料1_R轴1_Axis_Pos_32,26064,取料1_R轴1_Axis_Pos_32,Pickup 1_R Axis 1_Axis_Pos_32,L?y v?t li?u 1_Tr?c R 1_Tr?c_V? trí_32
PLC/取料1_R轴1_Axis_Pos,取料1_R轴1_Axis_Pos_33,26066,取料1_R轴1_Axis_Pos_33,Pickup 1_R Axis 1_Axis_Pos_33,L?y v?t li?u 1_Tr?c R 1_Tr?c_V? trí_33
PLC/取料1_R轴1_Axis_Pos,取料1_R轴1_Axis_Pos_34,26068,取料1_R轴1_Axis_Pos_34,Pickup 1_R Axis 1_Axis_Pos_34,L?y v?t li?u 1_Tr?c R 1_Tr?c_V? trí_34
PLC/取料1_R轴1_Axis_Pos,取料1_R轴1_Axis_Pos_35,26070,取料1_R轴1_Axis_Pos_35,Pickup 1_R Axis 1_Axis_Pos_35,L?y v?t li?u 1_Tr?c R 1_Tr?c_V? trí_35
PLC/取料1_R轴1_Axis_Pos,取料1_R轴1_Axis_Pos_36,26072,取料1_R轴1_Axis_Pos_36,Pickup 1_R Axis 1_Axis_Pos_36,L?y v?t li?u 1_Tr?c R 1_Tr?c_V? trí_36
PLC/取料1_R轴1_Axis_Pos,取料1_R轴1_Axis_Pos_37,26074,取料1_R轴1_Axis_Pos_37,Pickup 1_R Axis 1_Axis_Pos_37,L?y v?t li?u 1_Tr?c R 1_Tr?c_V? trí_37
PLC/取料1_R轴1_Axis_Pos,取料1_R轴1_Axis_Pos_38,26076,取料1_R轴1_Axis_Pos_38,Pickup 1_R Axis 1_Axis_Pos_38,L?y v?t li?u 1_Tr?c R 1_Tr?c_V? trí_38
PLC/取料1_R轴1_Axis_Pos,取料1_R轴1_Axis_Pos_39,26078,取料1_R轴1_Axis_Pos_39,Pickup 1_R Axis 1_Axis_Pos_39,L?y v?t li?u 1_Tr?c R 1_Tr?c_V? trí_39
PLC/取料1_R轴1_Axis_Pos,取料1_R轴1_Axis_Pos_40,26080,取料1_R轴1_Axis_Pos_40,Pickup 1_R Axis 1_Axis_Pos_40,L?y v?t li?u 1_Tr?c R 1_Tr?c_V? trí_40
PLC/取料1_R轴1_Axis_Pos,取料1_R轴1_Axis_Pos_41,26082,取料1_R轴1_Axis_Pos_41,Pickup 1_R Axis 1_Axis_Pos_41,L?y v?t li?u 1_Tr?c R 1_Tr?c_V? trí_41
PLC/取料1_R轴1_Axis_Pos,取料1_R轴1_Axis_Pos_42,26084,取料1_R轴1_Axis_Pos_42,Pickup 1_R Axis 1_Axis_Pos_42,L?y v?t li?u 1_Tr?c R 1_Tr?c_V? trí_42
PLC/取料1_R轴1_Axis_Pos,取料1_R轴1_Axis_Pos_43,26086,取料1_R轴1_Axis_Pos_43,Pickup 1_R Axis 1_Axis_Pos_43,L?y v?t li?u 1_Tr?c R 1_Tr?c_V? trí_43
PLC/取料1_R轴1_Axis_Pos,取料1_R轴1_Axis_Pos_44,26088,取料1_R轴1_Axis_Pos_44,Pickup 1_R Axis 1_Axis_Pos_44,L?y v?t li?u 1_Tr?c R 1_Tr?c_V? trí_44
PLC/取料1_R轴1_Axis_Pos,取料1_R轴1_Axis_Pos_45,26090,取料1_R轴1_Axis_Pos_45,Pickup 1_R Axis 1_Axis_Pos_45,L?y v?t li?u 1_Tr?c R 1_Tr?c_V? trí_45
PLC/取料1_R轴1_Axis_Pos,取料1_R轴1_Axis_Pos_46,26092,取料1_R轴1_Axis_Pos_46,Pickup 1_R Axis 1_Axis_Pos_46,L?y v?t li?u 1_Tr?c R 1_Tr?c_V? trí_46
PLC/取料1_R轴1_Axis_Pos,取料1_R轴1_Axis_Pos_47,26094,取料1_R轴1_Axis_Pos_47,Pickup 1_R Axis 1_Axis_Pos_47,L?y v?t li?u 1_Tr?c R 1_Tr?c_V? trí_47

PLC/取料1_R轴1_Axis_Vel,取料1_R轴1_Axis_Vel_0,26100,取料1_R轴1_Axis_Vel_0,Pickup 1_R Axis 1_Axis_Vel_0,L?y v?t li?u 1_Tr?c R 1_Tr?c_V?n t?c_0
PLC/取料1_R轴1_Axis_Vel,取料1_R轴1_Axis_Vel_1,26102,取料1_R轴1_Axis_Vel_1,Pickup 1_R Axis 1_Axis_Vel_1,L?y v?t li?u 1_Tr?c R 1_Tr?c_V?n t?c_1
PLC/取料1_R轴1_Axis_Vel,取料1_R轴1_Axis_Vel_2,26104,取料1_R轴1_Axis_Vel_2,Pickup 1_R Axis 1_Axis_Vel_2,L?y v?t li?u 1_Tr?c R 1_Tr?c_V?n t?c_2
PLC/取料1_R轴1_Axis_Vel,取料1_R轴1_Axis_Vel_3,26106,取料1_R轴1_Axis_Vel_3,Pickup 1_R Axis 1_Axis_Vel_3,L?y v?t li?u 1_Tr?c R 1_Tr?c_V?n t?c_3
PLC/取料1_R轴1_Axis_Vel,取料1_R轴1_Axis_Vel_4,26108,取料1_R轴1_Axis_Vel_4,Pickup 1_R Axis 1_Axis_Vel_4,L?y v?t li?u 1_Tr?c R 1_Tr?c_V?n t?c_4
PLC/取料1_R轴1_Axis_Vel,取料1_R轴1_Axis_Vel_5,26110,取料1_R轴1_Axis_Vel_5,Pickup 1_R Axis 1_Axis_Vel_5,L?y v?t li?u 1_Tr?c R 1_Tr?c_V?n t?c_5
PLC/取料1_R轴1_Axis_Vel,取料1_R轴1_Axis_Vel_6,26112,取料1_R轴1_Axis_Vel_6,Pickup 1_R Axis 1_Axis_Vel_6,L?y v?t li?u 1_Tr?c R 1_Tr?c_V?n t?c_6
PLC/取料1_R轴1_Axis_Vel,取料1_R轴1_Axis_Vel_7,26114,取料1_R轴1_Axis_Vel_7,Pickup 1_R Axis 1_Axis_Vel_7,L?y v?t li?u 1_Tr?c R 1_Tr?c_V?n t?c_7
PLC/取料1_R轴1_Axis_Vel,取料1_R轴1_Axis_Vel_8,26116,取料1_R轴1_Axis_Vel_8,Pickup 1_R Axis 1_Axis_Vel_8,L?y v?t li?u 1_Tr?c R 1_Tr?c_V?n t?c_8
PLC/取料1_R轴1_Axis_Vel,取料1_R轴1_Axis_Vel_9,26118,取料1_R轴1_Axis_Vel_9,Pickup 1_R Axis 1_Axis_Vel_9,L?y v?t li?u 1_Tr?c R 1_Tr?c_V?n t?c_9
PLC/取料1_R轴1_Axis_Vel,取料1_R轴1_Axis_Vel_10,26120,取料1_R轴1_Axis_Vel_10,Pickup 1_R Axis 1_Axis_Vel_10,L?y v?t li?u 1_Tr?c R 1_Tr?c_V?n t?c_10
PLC/取料1_R轴1_Axis_Vel,取料1_R轴1_Axis_Vel_11,26122,取料1_R轴1_Axis_Vel_11,Pickup 1_R Axis 1_Axis_Vel_11,L?y v?t li?u 1_Tr?c R 1_Tr?c_V?n t?c_11
PLC/取料1_R轴1_Axis_Vel,取料1_R轴1_Axis_Vel_12,26124,取料1_R轴1_Axis_Vel_12,Pickup 1_R Axis 1_Axis_Vel_12,L?y v?t li?u 1_Tr?c R 1_Tr?c_V?n t?c_12
PLC/取料1_R轴1_Axis_Vel,取料1_R轴1_Axis_Vel_13,26126,取料1_R轴1_Axis_Vel_13,Pickup 1_R Axis 1_Axis_Vel_13,L?y v?t li?u 1_Tr?c R 1_Tr?c_V?n t?c_13
PLC/取料1_R轴1_Axis_Vel,取料1_R轴1_Axis_Vel_14,26128,取料1_R轴1_Axis_Vel_14,Pickup 1_R Axis 1_Axis_Vel_14,L?y v?t li?u 1_Tr?c R 1_Tr?c_V?n t?c_14
PLC/取料1_R轴1_Axis_Vel,取料1_R轴1_Axis_Vel_15,26130,取料1_R轴1_Axis_Vel_15,Pickup 1_R Axis 1_Axis_Vel_15,L?y v?t li?u 1_Tr?c R 1_Tr?c_V?n t?c_15
PLC/取料1_R轴1_Axis_Vel,取料1_R轴1_Axis_Vel_16,26132,取料1_R轴1_Axis_Vel_16,Pickup 1_R Axis 1_Axis_Vel_16,L?y v?t li?u 1_Tr?c R 1_Tr?c_V?n t?c_16
PLC/取料1_R轴1_Axis_Vel,取料1_R轴1_Axis_Vel_17,26134,取料1_R轴1_Axis_Vel_17,Pickup 1_R Axis 1_Axis_Vel_17,L?y v?t li?u 1_Tr?c R 1_Tr?c_V?n t?c_17
PLC/取料1_R轴1_Axis_Vel,取料1_R轴1_Axis_Vel_18,26136,取料1_R轴1_Axis_Vel_18,Pickup 1_R Axis 1_Axis_Vel_18,L?y v?t li?u 1_Tr?c R 1_Tr?c_V?n t?c_18
PLC/取料1_R轴1_Axis_Vel,取料1_R轴1_Axis_Vel_19,26138,取料1_R轴1_Axis_Vel_19,Pickup 1_R Axis 1_Axis_Vel_19,L?y v?t li?u 1_Tr?c R 1_Tr?c_V?n t?c_19
PLC/取料1_R轴1_Axis_Vel,取料1_R轴1_Axis_Vel_20,26140,取料1_R轴1_Axis_Vel_20,Pickup 1_R Axis 1_Axis_Vel_20,L?y v?t li?u 1_Tr?c R 1_Tr?c_V?n t?c_20
PLC/取料1_R轴1_Axis_Vel,取料1_R轴1_Axis_Vel_21,26142,取料1_R轴1_Axis_Vel_21,Pickup 1_R Axis 1_Axis_Vel_21,L?y v?t li?u 1_Tr?c R 1_Tr?c_V?n t?c_21
PLC/取料1_R轴1_Axis_Vel,取料1_R轴1_Axis_Vel_22,26144,取料1_R轴1_Axis_Vel_22,Pickup 1_R Axis 1_Axis_Vel_22,L?y v?t li?u 1_Tr?c R 1_Tr?c_V?n t?c_22
PLC/取料1_R轴1_Axis_Vel,取料1_R轴1_Axis_Vel_23,26146,取料1_R轴1_Axis_Vel_23,Pickup 1_R Axis 1_Axis_Vel_23,L?y v?t li?u 1_Tr?c R 1_Tr?c_V?n t?c_23
PLC/取料1_R轴1_Axis_Vel,取料1_R轴1_Axis_Vel_24,26148,取料1_R轴1_Axis_Vel_24,Pickup 1_R Axis 1_Axis_Vel_24,L?y v?t li?u 1_Tr?c R 1_Tr?c_V?n t?c_24
PLC/取料1_R轴1_Axis_Vel,取料1_R轴1_Axis_Vel_25,26150,取料1_R轴1_Axis_Vel_25,Pickup 1_R Axis 1_Axis_Vel_25,L?y v?t li?u 1_Tr?c R 1_Tr?c_V?n t?c_25
PLC/取料1_R轴1_Axis_Vel,取料1_R轴1_Axis_Vel_26,26152,取料1_R轴1_Axis_Vel_26,Pickup 1_R Axis 1_Axis_Vel_26,L?y v?t li?u 1_Tr?c R 1_Tr?c_V?n t?c_26
PLC/取料1_R轴1_Axis_Vel,取料1_R轴1_Axis_Vel_27,26154,取料1_R轴1_Axis_Vel_27,Pickup 1_R Axis 1_Axis_Vel_27,L?y v?t li?u 1_Tr?c R 1_Tr?c_V?n t?c_27
PLC/取料1_R轴1_Axis_Vel,取料1_R轴1_Axis_Vel_28,26156,取料1_R轴1_Axis_Vel_28,Pickup 1_R Axis 1_Axis_Vel_28,L?y v?t li?u 1_Tr?c R 1_Tr?c_V?n t?c_28
PLC/取料1_R轴1_Axis_Vel,取料1_R轴1_Axis_Vel_29,26158,取料1_R轴1_Axis_Vel_29,Pickup 1_R Axis 1_Axis_Vel_29,L?y v?t li?u 1_Tr?c R 1_Tr?c_V?n t?c_29
PLC/取料1_R轴1_Axis_Vel,取料1_R轴1_Axis_Vel_30,26160,取料1_R轴1_Axis_Vel_30,Pickup 1_R Axis 1_Axis_Vel_30,L?y v?t li?u 1_Tr?c R 1_Tr?c_V?n t?c_30
PLC/取料1_R轴1_Axis_Vel,取料1_R轴1_Axis_Vel_31,26162,取料1_R轴1_Axis_Vel_31,Pickup 1_R Axis 1_Axis_Vel_31,L?y v?t li?u 1_Tr?c R 1_Tr?c_V?n t?c_31
PLC/取料1_R轴1_Axis_Vel,取料1_R轴1_Axis_Vel_32,26164,取料1_R轴1_Axis_Vel_32,Pickup 1_R Axis 1_Axis_Vel_32,L?y v?t li?u 1_Tr?c R 1_Tr?c_V?n t?c_32
PLC/取料1_R轴1_Axis_Vel,取料1_R轴1_Axis_Vel_33,26166,取料1_R轴1_Axis_Vel_33,Pickup 1_R Axis 1_Axis_Vel_33,L?y v?t li?u 1_Tr?c R 1_Tr?c_V?n t?c_33
PLC/取料1_R轴1_Axis_Vel,取料1_R轴1_Axis_Vel_34,26168,取料1_R轴1_Axis_Vel_34,Pickup 1_R Axis 1_Axis_Vel_34,L?y v?t li?u 1_Tr?c R 1_Tr?c_V?n t?c_34
PLC/取料1_R轴1_Axis_Vel,取料1_R轴1_Axis_Vel_35,26170,取料1_R轴1_Axis_Vel_35,Pickup 1_R Axis 1_Axis_Vel_35,L?y v?t li?u 1_Tr?c R 1_Tr?c_V?n t?c_35
PLC/取料1_R轴1_Axis_Vel,取料1_R轴1_Axis_Vel_36,26172,取料1_R轴1_Axis_Vel_36,Pickup 1_R Axis 1_Axis_Vel_36,L?y v?t li?u 1_Tr?c R 1_Tr?c_V?n t?c_36
PLC/取料1_R轴1_Axis_Vel,取料1_R轴1_Axis_Vel_37,26174,取料1_R轴1_Axis_Vel_37,Pickup 1_R Axis 1_Axis_Vel_37,L?y v?t li?u 1_Tr?c R 1_Tr?c_V?n t?c_37
PLC/取料1_R轴1_Axis_Vel,取料1_R轴1_Axis_Vel_38,26176,取料1_R轴1_Axis_Vel_38,Pickup 1_R Axis 1_Axis_Vel_38,L?y v?t li?u 1_Tr?c R 1_Tr?c_V?n t?c_38
PLC/取料1_R轴1_Axis_Vel,取料1_R轴1_Axis_Vel_39,26178,取料1_R轴1_Axis_Vel_39,Pickup 1_R Axis 1_Axis_Vel_39,L?y v?t li?u 1_Tr?c R 1_Tr?c_V?n t?c_39
PLC/取料1_R轴1_Axis_Vel,取料1_R轴1_Axis_Vel_40,26180,取料1_R轴1_Axis_Vel_40,Pickup 1_R Axis 1_Axis_Vel_40,L?y v?t li?u 1_Tr?c R 1_Tr?c_V?n t?c_40
PLC/取料1_R轴1_Axis_Vel,取料1_R轴1_Axis_Vel_41,26182,取料1_R轴1_Axis_Vel_41,Pickup 1_R Axis 1_Axis_Vel_41,L?y v?t li?u 1_Tr?c R 1_Tr?c_V?n t?c_41
PLC/取料1_R轴1_Axis_Vel,取料1_R轴1_Axis_Vel_42,26184,取料1_R轴1_Axis_Vel_42,Pickup 1_R Axis 1_Axis_Vel_42,L?y v?t li?u 1_Tr?c R 1_Tr?c_V?n t?c_42
PLC/取料1_R轴1_Axis_Vel,取料1_R轴1_Axis_Vel_43,26186,取料1_R轴1_Axis_Vel_43,Pickup 1_R Axis 1_Axis_Vel_43,L?y v?t li?u 1_Tr?c R 1_Tr?c_V?n t?c_43
PLC/取料1_R轴1_Axis_Vel,取料1_R轴1_Axis_Vel_44,26188,取料1_R轴1_Axis_Vel_44,Pickup 1_R Axis 1_Axis_Vel_44,L?y v?t li?u 1_Tr?c R 1_Tr?c_V?n t?c_44
PLC/取料1_R轴1_Axis_Vel,取料1_R轴1_Axis_Vel_45,26190,取料1_R轴1_Axis_Vel_45,Pickup 1_R Axis 1_Axis_Vel_45,L?y v?t li?u 1_Tr?c R 1_Tr?c_V?n t?c_45
PLC/取料1_R轴1_Axis_Vel,取料1_R轴1_Axis_Vel_46,26192,取料1_R轴1_Axis_Vel_46,Pickup 1_R Axis 1_Axis_Vel_46,L?y v?t li?u 1_Tr?c R 1_Tr?c_V?n t?c_46
PLC/取料1_R轴1_Axis_Vel,取料1_R轴1_Axis_Vel_47,26194,取料1_R轴1_Axis_Vel_47,Pickup 1_R Axis 1_Axis_Vel_47,L?y v?t li?u 1_Tr?c R 1_Tr?c_V?n t?c_47


PLC/取料1_Z轴2_Axis_Pos,取料1_Z轴2_Axis_Pos_0,26200,取料1_Z轴2_Axis_Pos_0,Pickup 1_Z Axis 2_Axis_Pos_0,L?y v?t li?u 1_Tr?c Z 2_Tr?c_V? trí_0
PLC/取料1_Z轴2_Axis_Pos,取料1_Z轴2_Axis_Pos_1,26202,取料1_Z轴2_Axis_Pos_1,Pickup 1_Z Axis 2_Axis_Pos_1,L?y v?t li?u 1_Tr?c Z 2_Tr?c_V? trí_1
PLC/取料1_Z轴2_Axis_Pos,取料1_Z轴2_Axis_Pos_2,26204,取料1_Z轴2_Axis_Pos_2,Pickup 1_Z Axis 2_Axis_Pos_2,L?y v?t li?u 1_Tr?c Z 2_Tr?c_V? trí_2
PLC/取料1_Z轴2_Axis_Pos,取料1_Z轴2_Axis_Pos_3,26206,取料1_Z轴2_Axis_Pos_3,Pickup 1_Z Axis 2_Axis_Pos_3,L?y v?t li?u 1_Tr?c Z 2_Tr?c_V? trí_3
PLC/取料1_Z轴2_Axis_Pos,取料1_Z轴2_Axis_Pos_4,26208,取料1_Z轴2_Axis_Pos_4,Pickup 1_Z Axis 2_Axis_Pos_4,L?y v?t li?u 1_Tr?c Z 2_Tr?c_V? trí_4
PLC/取料1_Z轴2_Axis_Pos,取料1_Z轴2_Axis_Pos_5,26210,取料1_Z轴2_Axis_Pos_5,Pickup 1_Z Axis 2_Axis_Pos_5,L?y v?t li?u 1_Tr?c Z 2_Tr?c_V? trí_5
PLC/取料1_Z轴2_Axis_Pos,取料1_Z轴2_Axis_Pos_6,26212,取料1_Z轴2_Axis_Pos_6,Pickup 1_Z Axis 2_Axis_Pos_6,L?y v?t li?u 1_Tr?c Z 2_Tr?c_V? trí_6
PLC/取料1_Z轴2_Axis_Pos,取料1_Z轴2_Axis_Pos_7,26214,取料1_Z轴2_Axis_Pos_7,Pickup 1_Z Axis 2_Axis_Pos_7,L?y v?t li?u 1_Tr?c Z 2_Tr?c_V? trí_7
PLC/取料1_Z轴2_Axis_Pos,取料1_Z轴2_Axis_Pos_8,26216,取料1_Z轴2_Axis_Pos_8,Pickup 1_Z Axis 2_Axis_Pos_8,L?y v?t li?u 1_Tr?c Z 2_Tr?c_V? trí_8
PLC/取料1_Z轴2_Axis_Pos,取料1_Z轴2_Axis_Pos_9,26218,取料1_Z轴2_Axis_Pos_9,Pickup 1_Z Axis 2_Axis_Pos_9,L?y v?t li?u 1_Tr?c Z 2_Tr?c_V? trí_9
PLC/取料1_Z轴2_Axis_Pos,取料1_Z轴2_Axis_Pos_10,26220,取料1_Z轴2_Axis_Pos_10,Pickup 1_Z Axis 2_Axis_Pos_10,L?y v?t li?u 1_Tr?c Z 2_Tr?c_V? trí_10
PLC/取料1_Z轴2_Axis_Pos,取料1_Z轴2_Axis_Pos_11,26222,取料1_Z轴2_Axis_Pos_11,Pickup 1_Z Axis 2_Axis_Pos_11,L?y v?t li?u 1_Tr?c Z 2_Tr?c_V? trí_11
PLC/取料1_Z轴2_Axis_Pos,取料1_Z轴2_Axis_Pos_12,26224,取料1_Z轴2_Axis_Pos_12,Pickup 1_Z Axis 2_Axis_Pos_12,L?y v?t li?u 1_Tr?c Z 2_Tr?c_V? trí_12
PLC/取料1_Z轴2_Axis_Pos,取料1_Z轴2_Axis_Pos_13,26226,取料1_Z轴2_Axis_Pos_13,Pickup 1_Z Axis 2_Axis_Pos_13,L?y v?t li?u 1_Tr?c Z 2_Tr?c_V? trí_13
PLC/取料1_Z轴2_Axis_Pos,取料1_Z轴2_Axis_Pos_14,26228,取料1_Z轴2_Axis_Pos_14,Pickup 1_Z Axis 2_Axis_Pos_14,L?y v?t li?u 1_Tr?c Z 2_Tr?c_V? trí_14
PLC/取料1_Z轴2_Axis_Pos,取料1_Z轴2_Axis_Pos_15,26230,取料1_Z轴2_Axis_Pos_15,Pickup 1_Z Axis 2_Axis_Pos_15,L?y v?t li?u 1_Tr?c Z 2_Tr?c_V? trí_15
PLC/取料1_Z轴2_Axis_Pos,取料1_Z轴2_Axis_Pos_16,26232,取料1_Z轴2_Axis_Pos_16,Pickup 1_Z Axis 2_Axis_Pos_16,L?y v?t li?u 1_Tr?c Z 2_Tr?c_V? trí_16
PLC/取料1_Z轴2_Axis_Pos,取料1_Z轴2_Axis_Pos_17,26234,取料1_Z轴2_Axis_Pos_17,Pickup 1_Z Axis 2_Axis_Pos_17,L?y v?t li?u 1_Tr?c Z 2_Tr?c_V? trí_17
PLC/取料1_Z轴2_Axis_Pos,取料1_Z轴2_Axis_Pos_18,26236,取料1_Z轴2_Axis_Pos_18,Pickup 1_Z Axis 2_Axis_Pos_18,L?y v?t li?u 1_Tr?c Z 2_Tr?c_V? trí_18
PLC/取料1_Z轴2_Axis_Pos,取料1_Z轴2_Axis_Pos_19,26238,取料1_Z轴2_Axis_Pos_19,Pickup 1_Z Axis 2_Axis_Pos_19,L?y v?t li?u 1_Tr?c Z 2_Tr?c_V? trí_19
PLC/取料1_Z轴2_Axis_Pos,取料1_Z轴2_Axis_Pos_20,26240,取料1_Z轴2_Axis_Pos_20,Pickup 1_Z Axis 2_Axis_Pos_20,L?y v?t li?u 1_Tr?c Z 2_Tr?c_V? trí_20
PLC/取料1_Z轴2_Axis_Pos,取料1_Z轴2_Axis_Pos_21,26242,取料1_Z轴2_Axis_Pos_21,Pickup 1_Z Axis 2_Axis_Pos_21,L?y v?t li?u 1_Tr?c Z 2_Tr?c_V? trí_21
PLC/取料1_Z轴2_Axis_Pos,取料1_Z轴2_Axis_Pos_22,26244,取料1_Z轴2_Axis_Pos_22,Pickup 1_Z Axis 2_Axis_Pos_22,L?y v?t li?u 1_Tr?c Z 2_Tr?c_V? trí_22
PLC/取料1_Z轴2_Axis_Pos,取料1_Z轴2_Axis_Pos_23,26246,取料1_Z轴2_Axis_Pos_23,Pickup 1_Z Axis 2_Axis_Pos_23,L?y v?t li?u 1_Tr?c Z 2_Tr?c_V? trí_23
PLC/取料1_Z轴2_Axis_Pos,取料1_Z轴2_Axis_Pos_24,26248,取料1_Z轴2_Axis_Pos_24,Pickup 1_Z Axis 2_Axis_Pos_24,L?y v?t li?u 1_Tr?c Z 2_Tr?c_V? trí_24
PLC/取料1_Z轴2_Axis_Pos,取料1_Z轴2_Axis_Pos_25,26250,取料1_Z轴2_Axis_Pos_25,Pickup 1_Z Axis 2_Axis_Pos_25,L?y v?t li?u 1_Tr?c Z 2_Tr?c_V? trí_25
PLC/取料1_Z轴2_Axis_Pos,取料1_Z轴2_Axis_Pos_26,26252,取料1_Z轴2_Axis_Pos_26,Pickup 1_Z Axis 2_Axis_Pos_26,L?y v?t li?u 1_Tr?c Z 2_Tr?c_V? trí_26
PLC/取料1_Z轴2_Axis_Pos,取料1_Z轴2_Axis_Pos_27,26254,取料1_Z轴2_Axis_Pos_27,Pickup 1_Z Axis 2_Axis_Pos_27,L?y v?t li?u 1_Tr?c Z 2_Tr?c_V? trí_27
PLC/取料1_Z轴2_Axis_Pos,取料1_Z轴2_Axis_Pos_28,26256,取料1_Z轴2_Axis_Pos_28,Pickup 1_Z Axis 2_Axis_Pos_28,L?y v?t li?u 1_Tr?c Z 2_Tr?c_V? trí_28
PLC/取料1_Z轴2_Axis_Pos,取料1_Z轴2_Axis_Pos_29,26258,取料1_Z轴2_Axis_Pos_29,Pickup 1_Z Axis 2_Axis_Pos_29,L?y v?t li?u 1_Tr?c Z 2_Tr?c_V? trí_29
PLC/取料1_Z轴2_Axis_Pos,取料1_Z轴2_Axis_Pos_30,26260,取料1_Z轴2_Axis_Pos_30,Pickup 1_Z Axis 2_Axis_Pos_30,L?y v?t li?u 1_Tr?c Z 2_Tr?c_V? trí_30
PLC/取料1_Z轴2_Axis_Pos,取料1_Z轴2_Axis_Pos_31,26262,取料1_Z轴2_Axis_Pos_31,Pickup 1_Z Axis 2_Axis_Pos_31,L?y v?t li?u 1_Tr?c Z 2_Tr?c_V? trí_31
PLC/取料1_Z轴2_Axis_Pos,取料1_Z轴2_Axis_Pos_32,26264,取料1_Z轴2_Axis_Pos_32,Pickup 1_Z Axis 2_Axis_Pos_32,L?y v?t li?u 1_Tr?c Z 2_Tr?c_V? trí_32
PLC/取料1_Z轴2_Axis_Pos,取料1_Z轴2_Axis_Pos_33,26266,取料1_Z轴2_Axis_Pos_33,Pickup 1_Z Axis 2_Axis_Pos_33,L?y v?t li?u 1_Tr?c Z 2_Tr?c_V? trí_33
PLC/取料1_Z轴2_Axis_Pos,取料1_Z轴2_Axis_Pos_34,26268,取料1_Z轴2_Axis_Pos_34,Pickup 1_Z Axis 2_Axis_Pos_34,L?y v?t li?u 1_Tr?c Z 2_Tr?c_V? trí_34
PLC/取料1_Z轴2_Axis_Pos,取料1_Z轴2_Axis_Pos_35,26270,取料1_Z轴2_Axis_Pos_35,Pickup 1_Z Axis 2_Axis_Pos_35,L?y v?t li?u 1_Tr?c Z 2_Tr?c_V? trí_35
PLC/取料1_Z轴2_Axis_Pos,取料1_Z轴2_Axis_Pos_36,26272,取料1_Z轴2_Axis_Pos_36,Pickup 1_Z Axis 2_Axis_Pos_36,L?y v?t li?u 1_Tr?c Z 2_Tr?c_V? trí_36
PLC/取料1_Z轴2_Axis_Pos,取料1_Z轴2_Axis_Pos_37,26274,取料1_Z轴2_Axis_Pos_37,Pickup 1_Z Axis 2_Axis_Pos_37,L?y v?t li?u 1_Tr?c Z 2_Tr?c_V? trí_37
PLC/取料1_Z轴2_Axis_Pos,取料1_Z轴2_Axis_Pos_38,26276,取料1_Z轴2_Axis_Pos_38,Pickup 1_Z Axis 2_Axis_Pos_38,L?y v?t li?u 1_Tr?c Z 2_Tr?c_V? trí_38
PLC/取料1_Z轴2_Axis_Pos,取料1_Z轴2_Axis_Pos_39,26278,取料1_Z轴2_Axis_Pos_39,Pickup 1_Z Axis 2_Axis_Pos_39,L?y v?t li?u 1_Tr?c Z 2_Tr?c_V? trí_39
PLC/取料1_Z轴2_Axis_Pos,取料1_Z轴2_Axis_Pos_40,26280,取料1_Z轴2_Axis_Pos_40,Pickup 1_Z Axis 2_Axis_Pos_40,L?y v?t li?u 1_Tr?c Z 2_Tr?c_V? trí_40
PLC/取料1_Z轴2_Axis_Pos,取料1_Z轴2_Axis_Pos_41,26282,取料1_Z轴2_Axis_Pos_41,Pickup 1_Z Axis 2_Axis_Pos_41,L?y v?t li?u 1_Tr?c Z 2_Tr?c_V? trí_41
PLC/取料1_Z轴2_Axis_Pos,取料1_Z轴2_Axis_Pos_42,26284,取料1_Z轴2_Axis_Pos_42,Pickup 1_Z Axis 2_Axis_Pos_42,L?y v?t li?u 1_Tr?c Z 2_Tr?c_V? trí_42
PLC/取料1_Z轴2_Axis_Pos,取料1_Z轴2_Axis_Pos_43,26286,取料1_Z轴2_Axis_Pos_43,Pickup 1_Z Axis 2_Axis_Pos_43,L?y v?t li?u 1_Tr?c Z 2_Tr?c_V? trí_43
PLC/取料1_Z轴2_Axis_Pos,取料1_Z轴2_Axis_Pos_44,26288,取料1_Z轴2_Axis_Pos_44,Pickup 1_Z Axis 2_Axis_Pos_44,L?y v?t li?u 1_Tr?c Z 2_Tr?c_V? trí_44
PLC/取料1_Z轴2_Axis_Pos,取料1_Z轴2_Axis_Pos_45,26290,取料1_Z轴2_Axis_Pos_45,Pickup 1_Z Axis 2_Axis_Pos_45,L?y v?t li?u 1_Tr?c Z 2_Tr?c_V? trí_45
PLC/取料1_Z轴2_Axis_Pos,取料1_Z轴2_Axis_Pos_46,26292,取料1_Z轴2_Axis_Pos_46,Pickup 1_Z Axis 2_Axis_Pos_46,L?y v?t li?u 1_Tr?c Z 2_Tr?c_V? trí_46
PLC/取料1_Z轴2_Axis_Pos,取料1_Z轴2_Axis_Pos_47,26294,取料1_Z轴2_Axis_Pos_47,Pickup 1_Z Axis 2_Axis_Pos_47,L?y v?t li?u 1_Tr?c Z 2_Tr?c_V? trí_47


PLC/取料1_Z轴2_Axis_Vel,取料1_Z轴2_Axis_Vel_0,26300,取料1_Z轴2_Axis_Vel_0,Pickup 1_Z Axis 2_Axis_Vel_0,L?y v?t li?u 1_Tr?c Z 2_Tr?c_V?n t?c_0
PLC/取料1_Z轴2_Axis_Vel,取料1_Z轴2_Axis_Vel_1,26302,取料1_Z轴2_Axis_Vel_1,Pickup 1_Z Axis 2_Axis_Vel_1,L?y v?t li?u 1_Tr?c Z 2_Tr?c_V?n t?c_1
PLC/取料1_Z轴2_Axis_Vel,取料1_Z轴2_Axis_Vel_2,26304,取料1_Z轴2_Axis_Vel_2,Pickup 1_Z Axis 2_Axis_Vel_2,L?y v?t li?u 1_Tr?c Z 2_Tr?c_V?n t?c_2
PLC/取料1_Z轴2_Axis_Vel,取料1_Z轴2_Axis_Vel_3,26306,取料1_Z轴2_Axis_Vel_3,Pickup 1_Z Axis 2_Axis_Vel_3,L?y v?t li?u 1_Tr?c Z 2_Tr?c_V?n t?c_3
PLC/取料1_Z轴2_Axis_Vel,取料1_Z轴2_Axis_Vel_4,26308,取料1_Z轴2_Axis_Vel_4,Pickup 1_Z Axis 2_Axis_Vel_4,L?y v?t li?u 1_Tr?c Z 2_Tr?c_V?n t?c_4
PLC/取料1_Z轴2_Axis_Vel,取料1_Z轴2_Axis_Vel_5,26310,取料1_Z轴2_Axis_Vel_5,Pickup 1_Z Axis 2_Axis_Vel_5,L?y v?t li?u 1_Tr?c Z 2_Tr?c_V?n t?c_5
PLC/取料1_Z轴2_Axis_Vel,取料1_Z轴2_Axis_Vel_6,26312,取料1_Z轴2_Axis_Vel_6,Pickup 1_Z Axis 2_Axis_Vel_6,L?y v?t li?u 1_Tr?c Z 2_Tr?c_V?n t?c_6
PLC/取料1_Z轴2_Axis_Vel,取料1_Z轴2_Axis_Vel_7,26314,取料1_Z轴2_Axis_Vel_7,Pickup 1_Z Axis 2_Axis_Vel_7,L?y v?t li?u 1_Tr?c Z 2_Tr?c_V?n t?c_7
PLC/取料1_Z轴2_Axis_Vel,取料1_Z轴2_Axis_Vel_8,26316,取料1_Z轴2_Axis_Vel_8,Pickup 1_Z Axis 2_Axis_Vel_8,L?y v?t li?u 1_Tr?c Z 2_Tr?c_V?n t?c_8
PLC/取料1_Z轴2_Axis_Vel,取料1_Z轴2_Axis_Vel_9,26318,取料1_Z轴2_Axis_Vel_9,Pickup 1_Z Axis 2_Axis_Vel_9,L?y v?t li?u 1_Tr?c Z 2_Tr?c_V?n t?c_9
PLC/取料1_Z轴2_Axis_Vel,取料1_Z轴2_Axis_Vel_10,26320,取料1_Z轴2_Axis_Vel_10,Pickup 1_Z Axis 2_Axis_Vel_10,L?y v?t li?u 1_Tr?c Z 2_Tr?c_V?n t?c_10
PLC/取料1_Z轴2_Axis_Vel,取料1_Z轴2_Axis_Vel_11,26322,取料1_Z轴2_Axis_Vel_11,Pickup 1_Z Axis 2_Axis_Vel_11,L?y v?t li?u 1_Tr?c Z 2_Tr?c_V?n t?c_11
PLC/取料1_Z轴2_Axis_Vel,取料1_Z轴2_Axis_Vel_12,26324,取料1_Z轴2_Axis_Vel_12,Pickup 1_Z Axis 2_Axis_Vel_12,L?y v?t li?u 1_Tr?c Z 2_Tr?c_V?n t?c_12
PLC/取料1_Z轴2_Axis_Vel,取料1_Z轴2_Axis_Vel_13,26326,取料1_Z轴2_Axis_Vel_13,Pickup 1_Z Axis 2_Axis_Vel_13,L?y v?t li?u 1_Tr?c Z 2_Tr?c_V?n t?c_13
PLC/取料1_Z轴2_Axis_Vel,取料1_Z轴2_Axis_Vel_14,26328,取料1_Z轴2_Axis_Vel_14,Pickup 1_Z Axis 2_Axis_Vel_14,L?y v?t li?u 1_Tr?c Z 2_Tr?c_V?n t?c_14
PLC/取料1_Z轴2_Axis_Vel,取料1_Z轴2_Axis_Vel_15,26330,取料1_Z轴2_Axis_Vel_15,Pickup 1_Z Axis 2_Axis_Vel_15,L?y v?t li?u 1_Tr?c Z 2_Tr?c_V?n t?c_15
PLC/取料1_Z轴2_Axis_Vel,取料1_Z轴2_Axis_Vel_16,26332,取料1_Z轴2_Axis_Vel_16,Pickup 1_Z Axis 2_Axis_Vel_16,L?y v?t li?u 1_Tr?c Z 2_Tr?c_V?n t?c_16
PLC/取料1_Z轴2_Axis_Vel,取料1_Z轴2_Axis_Vel_17,26334,取料1_Z轴2_Axis_Vel_17,Pickup 1_Z Axis 2_Axis_Vel_17,L?y v?t li?u 1_Tr?c Z 2_Tr?c_V?n t?c_17
PLC/取料1_Z轴2_Axis_Vel,取料1_Z轴2_Axis_Vel_18,26336,取料1_Z轴2_Axis_Vel_18,Pickup 1_Z Axis 2_Axis_Vel_18,L?y v?t li?u 1_Tr?c Z 2_Tr?c_V?n t?c_18
PLC/取料1_Z轴2_Axis_Vel,取料1_Z轴2_Axis_Vel_19,26338,取料1_Z轴2_Axis_Vel_19,Pickup 1_Z Axis 2_Axis_Vel_19,L?y v?t li?u 1_Tr?c Z 2_Tr?c_V?n t?c_19
PLC/取料1_Z轴2_Axis_Vel,取料1_Z轴2_Axis_Vel_20,26340,取料1_Z轴2_Axis_Vel_20,Pickup 1_Z Axis 2_Axis_Vel_20,L?y v?t li?u 1_Tr?c Z 2_Tr?c_V?n t?c_20
PLC/取料1_Z轴2_Axis_Vel,取料1_Z轴2_Axis_Vel_21,26342,取料1_Z轴2_Axis_Vel_21,Pickup 1_Z Axis 2_Axis_Vel_21,L?y v?t li?u 1_Tr?c Z 2_Tr?c_V?n t?c_21
PLC/取料1_Z轴2_Axis_Vel,取料1_Z轴2_Axis_Vel_22,26344,取料1_Z轴2_Axis_Vel_22,Pickup 1_Z Axis 2_Axis_Vel_22,L?y v?t li?u 1_Tr?c Z 2_Tr?c_V?n t?c_22
PLC/取料1_Z轴2_Axis_Vel,取料1_Z轴2_Axis_Vel_23,26346,取料1_Z轴2_Axis_Vel_23,Pickup 1_Z Axis 2_Axis_Vel_23,L?y v?t li?u 1_Tr?c Z 2_Tr?c_V?n t?c_23
PLC/取料1_Z轴2_Axis_Vel,取料1_Z轴2_Axis_Vel_24,26348,取料1_Z轴2_Axis_Vel_24,Pickup 1_Z Axis 2_Axis_Vel_24,L?y v?t li?u 1_Tr?c Z 2_Tr?c_V?n t?c_24
PLC/取料1_Z轴2_Axis_Vel,取料1_Z轴2_Axis_Vel_25,26350,取料1_Z轴2_Axis_Vel_25,Pickup 1_Z Axis 2_Axis_Vel_25,L?y v?t li?u 1_Tr?c Z 2_Tr?c_V?n t?c_25
PLC/取料1_Z轴2_Axis_Vel,取料1_Z轴2_Axis_Vel_26,26352,取料1_Z轴2_Axis_Vel_26,Pickup 1_Z Axis 2_Axis_Vel_26,L?y v?t li?u 1_Tr?c Z 2_Tr?c_V?n t?c_26
PLC/取料1_Z轴2_Axis_Vel,取料1_Z轴2_Axis_Vel_27,26354,取料1_Z轴2_Axis_Vel_27,Pickup 1_Z Axis 2_Axis_Vel_27,L?y v?t li?u 1_Tr?c Z 2_Tr?c_V?n t?c_27
PLC/取料1_Z轴2_Axis_Vel,取料1_Z轴2_Axis_Vel_28,26356,取料1_Z轴2_Axis_Vel_28,Pickup 1_Z Axis 2_Axis_Vel_28,L?y v?t li?u 1_Tr?c Z 2_Tr?c_V?n t?c_28
PLC/取料1_Z轴2_Axis_Vel,取料1_Z轴2_Axis_Vel_29,26358,取料1_Z轴2_Axis_Vel_29,Pickup 1_Z Axis 2_Axis_Vel_29,L?y v?t li?u 1_Tr?c Z 2_Tr?c_V?n t?c_29
PLC/取料1_Z轴2_Axis_Vel,取料1_Z轴2_Axis_Vel_30,26360,取料1_Z轴2_Axis_Vel_30,Pickup 1_Z Axis 2_Axis_Vel_30,L?y v?t li?u 1_Tr?c Z 2_Tr?c_V?n t?c_30
PLC/取料1_Z轴2_Axis_Vel,取料1_Z轴2_Axis_Vel_31,26362,取料1_Z轴2_Axis_Vel_31,Pickup 1_Z Axis 2_Axis_Vel_31,L?y v?t li?u 1_Tr?c Z 2_Tr?c_V?n t?c_31
PLC/取料1_Z轴2_Axis_Vel,取料1_Z轴2_Axis_Vel_32,26364,取料1_Z轴2_Axis_Vel_32,Pickup 1_Z Axis 2_Axis_Vel_32,L?y v?t li?u 1_Tr?c Z 2_Tr?c_V?n t?c_32
PLC/取料1_Z轴2_Axis_Vel,取料1_Z轴2_Axis_Vel_33,26366,取料1_Z轴2_Axis_Vel_33,Pickup 1_Z Axis 2_Axis_Vel_33,L?y v?t li?u 1_Tr?c Z 2_Tr?c_V?n t?c_33
PLC/取料1_Z轴2_Axis_Vel,取料1_Z轴2_Axis_Vel_34,26368,取料1_Z轴2_Axis_Vel_34,Pickup 1_Z Axis 2_Axis_Vel_34,L?y v?t li?u 1_Tr?c Z 2_Tr?c_V?n t?c_34
PLC/取料1_Z轴2_Axis_Vel,取料1_Z轴2_Axis_Vel_35,26370,取料1_Z轴2_Axis_Vel_35,Pickup 1_Z Axis 2_Axis_Vel_35,L?y v?t li?u 1_Tr?c Z 2_Tr?c_V?n t?c_35
PLC/取料1_Z轴2_Axis_Vel,取料1_Z轴2_Axis_Vel_36,26372,取料1_Z轴2_Axis_Vel_36,Pickup 1_Z Axis 2_Axis_Vel_36,L?y v?t li?u 1_Tr?c Z 2_Tr?c_V?n t?c_36
PLC/取料1_Z轴2_Axis_Vel,取料1_Z轴2_Axis_Vel_37,26374,取料1_Z轴2_Axis_Vel_37,Pickup 1_Z Axis 2_Axis_Vel_37,L?y v?t li?u 1_Tr?c Z 2_Tr?c_V?n t?c_37
PLC/取料1_Z轴2_Axis_Vel,取料1_Z轴2_Axis_Vel_38,26376,取料1_Z轴2_Axis_Vel_38,Pickup 1_Z Axis 2_Axis_Vel_38,L?y v?t li?u 1_Tr?c Z 2_Tr?c_V?n t?c_38
PLC/取料1_Z轴2_Axis_Vel,取料1_Z轴2_Axis_Vel_39,26378,取料1_Z轴2_Axis_Vel_39,Pickup 1_Z Axis 2_Axis_Vel_39,L?y v?t li?u 1_Tr?c Z 2_Tr?c_V?n t?c_39
PLC/取料1_Z轴2_Axis_Vel,取料1_Z轴2_Axis_Vel_40,26380,取料1_Z轴2_Axis_Vel_40,Pickup 1_Z Axis 2_Axis_Vel_40,L?y v?t li?u 1_Tr?c Z 2_Tr?c_V?n t?c_40
PLC/取料1_Z轴2_Axis_Vel,取料1_Z轴2_Axis_Vel_41,26382,取料1_Z轴2_Axis_Vel_41,Pickup 1_Z Axis 2_Axis_Vel_41,L?y v?t li?u 1_Tr?c Z 2_Tr?c_V?n t?c_41
PLC/取料1_Z轴2_Axis_Vel,取料1_Z轴2_Axis_Vel_42,26384,取料1_Z轴2_Axis_Vel_42,Pickup 1_Z Axis 2_Axis_Vel_42,L?y v?t li?u 1_Tr?c Z 2_Tr?c_V?n t?c_42
PLC/取料1_Z轴2_Axis_Vel,取料1_Z轴2_Axis_Vel_43,26386,取料1_Z轴2_Axis_Vel_43,Pickup 1_Z Axis 2_Axis_Vel_43,L?y v?t li?u 1_Tr?c Z 2_Tr?c_V?n t?c_43
PLC/取料1_Z轴2_Axis_Vel,取料1_Z轴2_Axis_Vel_44,26388,取料1_Z轴2_Axis_Vel_44,Pickup 1_Z Axis 2_Axis_Vel_44,L?y v?t li?u 1_Tr?c Z 2_Tr?c_V?n t?c_44
PLC/取料1_Z轴2_Axis_Vel,取料1_Z轴2_Axis_Vel_45,26390,取料1_Z轴2_Axis_Vel_45,Pickup 1_Z Axis 2_Axis_Vel_45,L?y v?t li?u 1_Tr?c Z 2_Tr?c_V?n t?c_45
PLC/取料1_Z轴2_Axis_Vel,取料1_Z轴2_Axis_Vel_46,26392,取料1_Z轴2_Axis_Vel_46,Pickup 1_Z Axis 2_Axis_Vel_46,L?y v?t li?u 1_Tr?c Z 2_Tr?c_V?n t?c_46
PLC/取料1_Z轴2_Axis_Vel,取料1_Z轴2_Axis_Vel_47,26394,取料1_Z轴2_Axis_Vel_47,Pickup 1_Z Axis 2_Axis_Vel_47,L?y v?t li?u 1_Tr?c Z 2_Tr?c_V?n t?c_47

PLC/取料1_R轴2_Axis_Pos,取料1_R轴2_Axis_Pos_0,26400,取料1_R轴2_Axis_Pos_0,Pickup 1_R Axis 2_Axis_Pos_0,L?y v?t li?u 1_Tr?c R 2_Tr?c_V? trí_0
PLC/取料1_R轴2_Axis_Pos,取料1_R轴2_Axis_Pos_1,26402,取料1_R轴2_Axis_Pos_1,Pickup 1_R Axis 2_Axis_Pos_1,L?y v?t li?u 1_Tr?c R 2_Tr?c_V? trí_1
PLC/取料1_R轴2_Axis_Pos,取料1_R轴2_Axis_Pos_2,26404,取料1_R轴2_Axis_Pos_2,Pickup 1_R Axis 2_Axis_Pos_2,L?y v?t li?u 1_Tr?c R 2_Tr?c_V? trí_2
PLC/取料1_R轴2_Axis_Pos,取料1_R轴2_Axis_Pos_3,26406,取料1_R轴2_Axis_Pos_3,Pickup 1_R Axis 2_Axis_Pos_3,L?y v?t li?u 1_Tr?c R 2_Tr?c_V? trí_3
PLC/取料1_R轴2_Axis_Pos,取料1_R轴2_Axis_Pos_4,26408,取料1_R轴2_Axis_Pos_4,Pickup 1_R Axis 2_Axis_Pos_4,L?y v?t li?u 1_Tr?c R 2_Tr?c_V? trí_4
PLC/取料1_R轴2_Axis_Pos,取料1_R轴2_Axis_Pos_5,26410,取料1_R轴2_Axis_Pos_5,Pickup 1_R Axis 2_Axis_Pos_5,L?y v?t li?u 1_Tr?c R 2_Tr?c_V? trí_5
PLC/取料1_R轴2_Axis_Pos,取料1_R轴2_Axis_Pos_6,26412,取料1_R轴2_Axis_Pos_6,Pickup 1_R Axis 2_Axis_Pos_6,L?y v?t li?u 1_Tr?c R 2_Tr?c_V? trí_6
PLC/取料1_R轴2_Axis_Pos,取料1_R轴2_Axis_Pos_7,26414,取料1_R轴2_Axis_Pos_7,Pickup 1_R Axis 2_Axis_Pos_7,L?y v?t li?u 1_Tr?c R 2_Tr?c_V? trí_7
PLC/取料1_R轴2_Axis_Pos,取料1_R轴2_Axis_Pos_8,26416,取料1_R轴2_Axis_Pos_8,Pickup 1_R Axis 2_Axis_Pos_8,L?y v?t li?u 1_Tr?c R 2_Tr?c_V? trí_8
PLC/取料1_R轴2_Axis_Pos,取料1_R轴2_Axis_Pos_9,26418,取料1_R轴2_Axis_Pos_9,Pickup 1_R Axis 2_Axis_Pos_9,L?y v?t li?u 1_Tr?c R 2_Tr?c_V? trí_9
PLC/取料1_R轴2_Axis_Pos,取料1_R轴2_Axis_Pos_10,26420,取料1_R轴2_Axis_Pos_10,Pickup 1_R Axis 2_Axis_Pos_10,L?y v?t li?u 1_Tr?c R 2_Tr?c_V? trí_10
PLC/取料1_R轴2_Axis_Pos,取料1_R轴2_Axis_Pos_11,26422,取料1_R轴2_Axis_Pos_11,Pickup 1_R Axis 2_Axis_Pos_11,L?y v?t li?u 1_Tr?c R 2_Tr?c_V? trí_11
PLC/取料1_R轴2_Axis_Pos,取料1_R轴2_Axis_Pos_12,26424,取料1_R轴2_Axis_Pos_12,Pickup 1_R Axis 2_Axis_Pos_12,L?y v?t li?u 1_Tr?c R 2_Tr?c_V? trí_12
PLC/取料1_R轴2_Axis_Pos,取料1_R轴2_Axis_Pos_13,26426,取料1_R轴2_Axis_Pos_13,Pickup 1_R Axis 2_Axis_Pos_13,L?y v?t li?u 1_Tr?c R 2_Tr?c_V? trí_13
PLC/取料1_R轴2_Axis_Pos,取料1_R轴2_Axis_Pos_14,26428,取料1_R轴2_Axis_Pos_14,Pickup 1_R Axis 2_Axis_Pos_14,L?y v?t li?u 1_Tr?c R 2_Tr?c_V? trí_14
PLC/取料1_R轴2_Axis_Pos,取料1_R轴2_Axis_Pos_15,26430,取料1_R轴2_Axis_Pos_15,Pickup 1_R Axis 2_Axis_Pos_15,L?y v?t li?u 1_Tr?c R 2_Tr?c_V? trí_15
PLC/取料1_R轴2_Axis_Pos,取料1_R轴2_Axis_Pos_16,26432,取料1_R轴2_Axis_Pos_16,Pickup 1_R Axis 2_Axis_Pos_16,L?y v?t li?u 1_Tr?c R 2_Tr?c_V? trí_16
PLC/取料1_R轴2_Axis_Pos,取料1_R轴2_Axis_Pos_17,26434,取料1_R轴2_Axis_Pos_17,Pickup 1_R Axis 2_Axis_Pos_17,L?y v?t li?u 1_Tr?c R 2_Tr?c_V? trí_17
PLC/取料1_R轴2_Axis_Pos,取料1_R轴2_Axis_Pos_18,26436,取料1_R轴2_Axis_Pos_18,Pickup 1_R Axis 2_Axis_Pos_18,L?y v?t li?u 1_Tr?c R 2_Tr?c_V? trí_18
PLC/取料1_R轴2_Axis_Pos,取料1_R轴2_Axis_Pos_19,26438,取料1_R轴2_Axis_Pos_19,Pickup 1_R Axis 2_Axis_Pos_19,L?y v?t li?u 1_Tr?c R 2_Tr?c_V? trí_19
PLC/取料1_R轴2_Axis_Pos,取料1_R轴2_Axis_Pos_20,26440,取料1_R轴2_Axis_Pos_20,Pickup 1_R Axis 2_Axis_Pos_20,L?y v?t li?u 1_Tr?c R 2_Tr?c_V? trí_20
PLC/取料1_R轴2_Axis_Pos,取料1_R轴2_Axis_Pos_21,26442,取料1_R轴2_Axis_Pos_21,Pickup 1_R Axis 2_Axis_Pos_21,L?y v?t li?u 1_Tr?c R 2_Tr?c_V? trí_21
PLC/取料1_R轴2_Axis_Pos,取料1_R轴2_Axis_Pos_22,26444,取料1_R轴2_Axis_Pos_22,Pickup 1_R Axis 2_Axis_Pos_22,L?y v?t li?u 1_Tr?c R 2_Tr?c_V? trí_22
PLC/取料1_R轴2_Axis_Pos,取料1_R轴2_Axis_Pos_23,26446,取料1_R轴2_Axis_Pos_23,Pickup 1_R Axis 2_Axis_Pos_23,L?y v?t li?u 1_Tr?c R 2_Tr?c_V? trí_23
PLC/取料1_R轴2_Axis_Pos,取料1_R轴2_Axis_Pos_24,26448,取料1_R轴2_Axis_Pos_24,Pickup 1_R Axis 2_Axis_Pos_24,L?y v?t li?u 1_Tr?c R 2_Tr?c_V? trí_24
PLC/取料1_R轴2_Axis_Pos,取料1_R轴2_Axis_Pos_25,26450,取料1_R轴2_Axis_Pos_25,Pickup 1_R Axis 2_Axis_Pos_25,L?y v?t li?u 1_Tr?c R 2_Tr?c_V? trí_25
PLC/取料1_R轴2_Axis_Pos,取料1_R轴2_Axis_Pos_26,26452,取料1_R轴2_Axis_Pos_26,Pickup 1_R Axis 2_Axis_Pos_26,L?y v?t li?u 1_Tr?c R 2_Tr?c_V? trí_26
PLC/取料1_R轴2_Axis_Pos,取料1_R轴2_Axis_Pos_27,26454,取料1_R轴2_Axis_Pos_27,Pickup 1_R Axis 2_Axis_Pos_27,L?y v?t li?u 1_Tr?c R 2_Tr?c_V? trí_27
PLC/取料1_R轴2_Axis_Pos,取料1_R轴2_Axis_Pos_28,26456,取料1_R轴2_Axis_Pos_28,Pickup 1_R Axis 2_Axis_Pos_28,L?y v?t li?u 1_Tr?c R 2_Tr?c_V? trí_28
PLC/取料1_R轴2_Axis_Pos,取料1_R轴2_Axis_Pos_29,26458,取料1_R轴2_Axis_Pos_29,Pickup 1_R Axis 2_Axis_Pos_29,L?y v?t li?u 1_Tr?c R 2_Tr?c_V? trí_29
PLC/取料1_R轴2_Axis_Pos,取料1_R轴2_Axis_Pos_30,26460,取料1_R轴2_Axis_Pos_30,Pickup 1_R Axis 2_Axis_Pos_30,L?y v?t li?u 1_Tr?c R 2_Tr?c_V? trí_30
PLC/取料1_R轴2_Axis_Pos,取料1_R轴2_Axis_Pos_31,26462,取料1_R轴2_Axis_Pos_31,Pickup 1_R Axis 2_Axis_Pos_31,L?y v?t li?u 1_Tr?c R 2_Tr?c_V? trí_31
PLC/取料1_R轴2_Axis_Pos,取料1_R轴2_Axis_Pos_32,26464,取料1_R轴2_Axis_Pos_32,Pickup 1_R Axis 2_Axis_Pos_32,L?y v?t li?u 1_Tr?c R 2_Tr?c_V? trí_32
PLC/取料1_R轴2_Axis_Pos,取料1_R轴2_Axis_Pos_33,26466,取料1_R轴2_Axis_Pos_33,Pickup 1_R Axis 2_Axis_Pos_33,L?y v?t li?u 1_Tr?c R 2_Tr?c_V? trí_33
PLC/取料1_R轴2_Axis_Pos,取料1_R轴2_Axis_Pos_34,26468,取料1_R轴2_Axis_Pos_34,Pickup 1_R Axis 2_Axis_Pos_34,L?y v?t li?u 1_Tr?c R 2_Tr?c_V? trí_34
PLC/取料1_R轴2_Axis_Pos,取料1_R轴2_Axis_Pos_35,26470,取料1_R轴2_Axis_Pos_35,Pickup 1_R Axis 2_Axis_Pos_35,L?y v?t li?u 1_Tr?c R 2_Tr?c_V? trí_35
PLC/取料1_R轴2_Axis_Pos,取料1_R轴2_Axis_Pos_36,26472,取料1_R轴2_Axis_Pos_36,Pickup 1_R Axis 2_Axis_Pos_36,L?y v?t li?u 1_Tr?c R 2_Tr?c_V? trí_36
PLC/取料1_R轴2_Axis_Pos,取料1_R轴2_Axis_Pos_37,26474,取料1_R轴2_Axis_Pos_37,Pickup 1_R Axis 2_Axis_Pos_37,L?y v?t li?u 1_Tr?c R 2_Tr?c_V? trí_37
PLC/取料1_R轴2_Axis_Pos,取料1_R轴2_Axis_Pos_38,26476,取料1_R轴2_Axis_Pos_38,Pickup 1_R Axis 2_Axis_Pos_38,L?y v?t li?u 1_Tr?c R 2_Tr?c_V? trí_38
PLC/取料1_R轴2_Axis_Pos,取料1_R轴2_Axis_Pos_39,26478,取料1_R轴2_Axis_Pos_39,Pickup 1_R Axis 2_Axis_Pos_39,L?y v?t li?u 1_Tr?c R 2_Tr?c_V? trí_39
PLC/取料1_R轴2_Axis_Pos,取料1_R轴2_Axis_Pos_40,26480,取料1_R轴2_Axis_Pos_40,Pickup 1_R Axis 2_Axis_Pos_40,L?y v?t li?u 1_Tr?c R 2_Tr?c_V? trí_40
PLC/取料1_R轴2_Axis_Pos,取料1_R轴2_Axis_Pos_41,26482,取料1_R轴2_Axis_Pos_41,Pickup 1_R Axis 2_Axis_Pos_41,L?y v?t li?u 1_Tr?c R 2_Tr?c_V? trí_41
PLC/取料1_R轴2_Axis_Pos,取料1_R轴2_Axis_Pos_42,26484,取料1_R轴2_Axis_Pos_42,Pickup 1_R Axis 2_Axis_Pos_42,L?y v?t li?u 1_Tr?c R 2_Tr?c_V? trí_42
PLC/取料1_R轴2_Axis_Pos,取料1_R轴2_Axis_Pos_43,26486,取料1_R轴2_Axis_Pos_43,Pickup 1_R Axis 2_Axis_Pos_43,L?y v?t li?u 1_Tr?c R 2_Tr?c_V? trí_43
PLC/取料1_R轴2_Axis_Pos,取料1_R轴2_Axis_Pos_44,26488,取料1_R轴2_Axis_Pos_44,Pickup 1_R Axis 2_Axis_Pos_44,L?y v?t li?u 1_Tr?c R 2_Tr?c_V? trí_44
PLC/取料1_R轴2_Axis_Pos,取料1_R轴2_Axis_Pos_45,26490,取料1_R轴2_Axis_Pos_45,Pickup 1_R Axis 2_Axis_Pos_45,L?y v?t li?u 1_Tr?c R 2_Tr?c_V? trí_45
PLC/取料1_R轴2_Axis_Pos,取料1_R轴2_Axis_Pos_46,26492,取料1_R轴2_Axis_Pos_46,Pickup 1_R Axis 2_Axis_Pos_46,L?y v?t li?u 1_Tr?c R 2_Tr?c_V? trí_46
PLC/取料1_R轴2_Axis_Pos,取料1_R轴2_Axis_Pos_47,26494,取料1_R轴2_Axis_Pos_47,Pickup 1_R Axis 2_Axis_Pos_47,L?y v?t li?u 1_Tr?c R 2_Tr?c_V? trí_47

PLC/取料1_R轴2_Axis_Vel,取料1_R轴2_Axis_Vel_0,26500,取料1_R轴2_Axis_Vel_0,Pickup 1_R Axis 2_Axis_Vel_0,L?y v?t li?u 1_Tr?c R 2_Tr?c_V?n t?c_0
PLC/取料1_R轴2_Axis_Vel,取料1_R轴2_Axis_Vel_1,26502,取料1_R轴2_Axis_Vel_1,Pickup 1_R Axis 2_Axis_Vel_1,L?y v?t li?u 1_Tr?c R 2_Tr?c_V?n t?c_1
PLC/取料1_R轴2_Axis_Vel,取料1_R轴2_Axis_Vel_2,26504,取料1_R轴2_Axis_Vel_2,Pickup 1_R Axis 2_Axis_Vel_2,L?y v?t li?u 1_Tr?c R 2_Tr?c_V?n t?c_2
PLC/取料1_R轴2_Axis_Vel,取料1_R轴2_Axis_Vel_3,26506,取料1_R轴2_Axis_Vel_3,Pickup 1_R Axis 2_Axis_Vel_3,L?y v?t li?u 1_Tr?c R 2_Tr?c_V?n t?c_3
PLC/取料1_R轴2_Axis_Vel,取料1_R轴2_Axis_Vel_4,26508,取料1_R轴2_Axis_Vel_4,Pickup 1_R Axis 2_Axis_Vel_4,L?y v?t li?u 1_Tr?c R 2_Tr?c_V?n t?c_4
PLC/取料1_R轴2_Axis_Vel,取料1_R轴2_Axis_Vel_5,26510,取料1_R轴2_Axis_Vel_5,Pickup 1_R Axis 2_Axis_Vel_5,L?y v?t li?u 1_Tr?c R 2_Tr?c_V?n t?c_5
PLC/取料1_R轴2_Axis_Vel,取料1_R轴2_Axis_Vel_6,26512,取料1_R轴2_Axis_Vel_6,Pickup 1_R Axis 2_Axis_Vel_6,L?y v?t li?u 1_Tr?c R 2_Tr?c_V?n t?c_6
PLC/取料1_R轴2_Axis_Vel,取料1_R轴2_Axis_Vel_7,26514,取料1_R轴2_Axis_Vel_7,Pickup 1_R Axis 2_Axis_Vel_7,L?y v?t li?u 1_Tr?c R 2_Tr?c_V?n t?c_7
PLC/取料1_R轴2_Axis_Vel,取料1_R轴2_Axis_Vel_8,26516,取料1_R轴2_Axis_Vel_8,Pickup 1_R Axis 2_Axis_Vel_8,L?y v?t li?u 1_Tr?c R 2_Tr?c_V?n t?c_8
PLC/取料1_R轴2_Axis_Vel,取料1_R轴2_Axis_Vel_9,26518,取料1_R轴2_Axis_Vel_9,Pickup 1_R Axis 2_Axis_Vel_9,L?y v?t li?u 1_Tr?c R 2_Tr?c_V?n t?c_9
PLC/取料1_R轴2_Axis_Vel,取料1_R轴2_Axis_Vel_10,26520,取料1_R轴2_Axis_Vel_10,Pickup 1_R Axis 2_Axis_Vel_10,L?y v?t li?u 1_Tr?c R 2_Tr?c_V?n t?c_10
PLC/取料1_R轴2_Axis_Vel,取料1_R轴2_Axis_Vel_11,26522,取料1_R轴2_Axis_Vel_11,Pickup 1_R Axis 2_Axis_Vel_11,L?y v?t li?u 1_Tr?c R 2_Tr?c_V?n t?c_11
PLC/取料1_R轴2_Axis_Vel,取料1_R轴2_Axis_Vel_12,26524,取料1_R轴2_Axis_Vel_12,Pickup 1_R Axis 2_Axis_Vel_12,L?y v?t li?u 1_Tr?c R 2_Tr?c_V?n t?c_12
PLC/取料1_R轴2_Axis_Vel,取料1_R轴2_Axis_Vel_13,26526,取料1_R轴2_Axis_Vel_13,Pickup 1_R Axis 2_Axis_Vel_13,L?y v?t li?u 1_Tr?c R 2_Tr?c_V?n t?c_13
PLC/取料1_R轴2_Axis_Vel,取料1_R轴2_Axis_Vel_14,26528,取料1_R轴2_Axis_Vel_14,Pickup 1_R Axis 2_Axis_Vel_14,L?y v?t li?u 1_Tr?c R 2_Tr?c_V?n t?c_14
PLC/取料1_R轴2_Axis_Vel,取料1_R轴2_Axis_Vel_15,26530,取料1_R轴2_Axis_Vel_15,Pickup 1_R Axis 2_Axis_Vel_15,L?y v?t li?u 1_Tr?c R 2_Tr?c_V?n t?c_15
PLC/取料1_R轴2_Axis_Vel,取料1_R轴2_Axis_Vel_16,26532,取料1_R轴2_Axis_Vel_16,Pickup 1_R Axis 2_Axis_Vel_16,L?y v?t li?u 1_Tr?c R 2_Tr?c_V?n t?c_16
PLC/取料1_R轴2_Axis_Vel,取料1_R轴2_Axis_Vel_17,26534,取料1_R轴2_Axis_Vel_17,Pickup 1_R Axis 2_Axis_Vel_17,L?y v?t li?u 1_Tr?c R 2_Tr?c_V?n t?c_17
PLC/取料1_R轴2_Axis_Vel,取料1_R轴2_Axis_Vel_18,26536,取料1_R轴2_Axis_Vel_18,Pickup 1_R Axis 2_Axis_Vel_18,L?y v?t li?u 1_Tr?c R 2_Tr?c_V?n t?c_18
PLC/取料1_R轴2_Axis_Vel,取料1_R轴2_Axis_Vel_19,26538,取料1_R轴2_Axis_Vel_19,Pickup 1_R Axis 2_Axis_Vel_19,L?y v?t li?u 1_Tr?c R 2_Tr?c_V?n t?c_19
PLC/取料1_R轴2_Axis_Vel,取料1_R轴2_Axis_Vel_20,26540,取料1_R轴2_Axis_Vel_20,Pickup 1_R Axis 2_Axis_Vel_20,L?y v?t li?u 1_Tr?c R 2_Tr?c_V?n t?c_20
PLC/取料1_R轴2_Axis_Vel,取料1_R轴2_Axis_Vel_21,26542,取料1_R轴2_Axis_Vel_21,Pickup 1_R Axis 2_Axis_Vel_21,L?y v?t li?u 1_Tr?c R 2_Tr?c_V?n t?c_21
PLC/取料1_R轴2_Axis_Vel,取料1_R轴2_Axis_Vel_22,26544,取料1_R轴2_Axis_Vel_22,Pickup 1_R Axis 2_Axis_Vel_22,L?y v?t li?u 1_Tr?c R 2_Tr?c_V?n t?c_22
PLC/取料1_R轴2_Axis_Vel,取料1_R轴2_Axis_Vel_23,26546,取料1_R轴2_Axis_Vel_23,Pickup 1_R Axis 2_Axis_Vel_23,L?y v?t li?u 1_Tr?c R 2_Tr?c_V?n t?c_23
PLC/取料1_R轴2_Axis_Vel,取料1_R轴2_Axis_Vel_24,26548,取料1_R轴2_Axis_Vel_24,Pickup 1_R Axis 2_Axis_Vel_24,L?y v?t li?u 1_Tr?c R 2_Tr?c_V?n t?c_24
PLC/取料1_R轴2_Axis_Vel,取料1_R轴2_Axis_Vel_25,26550,取料1_R轴2_Axis_Vel_25,Pickup 1_R Axis 2_Axis_Vel_25,L?y v?t li?u 1_Tr?c R 2_Tr?c_V?n t?c_25
PLC/取料1_R轴2_Axis_Vel,取料1_R轴2_Axis_Vel_26,26552,取料1_R轴2_Axis_Vel_26,Pickup 1_R Axis 2_Axis_Vel_26,L?y v?t li?u 1_Tr?c R 2_Tr?c_V?n t?c_26
PLC/取料1_R轴2_Axis_Vel,取料1_R轴2_Axis_Vel_27,26554,取料1_R轴2_Axis_Vel_27,Pickup 1_R Axis 2_Axis_Vel_27,L?y v?t li?u 1_Tr?c R 2_Tr?c_V?n t?c_27
PLC/取料1_R轴2_Axis_Vel,取料1_R轴2_Axis_Vel_28,26556,取料1_R轴2_Axis_Vel_28,Pickup 1_R Axis 2_Axis_Vel_28,L?y v?t li?u 1_Tr?c R 2_Tr?c_V?n t?c_28
PLC/取料1_R轴2_Axis_Vel,取料1_R轴2_Axis_Vel_29,26558,取料1_R轴2_Axis_Vel_29,Pickup 1_R Axis 2_Axis_Vel_29,L?y v?t li?u 1_Tr?c R 2_Tr?c_V?n t?c_29
PLC/取料1_R轴2_Axis_Vel,取料1_R轴2_Axis_Vel_30,26560,取料1_R轴2_Axis_Vel_30,Pickup 1_R Axis 2_Axis_Vel_30,L?y v?t li?u 1_Tr?c R 2_Tr?c_V?n t?c_30
PLC/取料1_R轴2_Axis_Vel,取料1_R轴2_Axis_Vel_31,26562,取料1_R轴2_Axis_Vel_31,Pickup 1_R Axis 2_Axis_Vel_31,L?y v?t li?u 1_Tr?c R 2_Tr?c_V?n t?c_31
PLC/取料1_R轴2_Axis_Vel,取料1_R轴2_Axis_Vel_32,26564,取料1_R轴2_Axis_Vel_32,Pickup 1_R Axis 2_Axis_Vel_32,L?y v?t li?u 1_Tr?c R 2_Tr?c_V?n t?c_32
PLC/取料1_R轴2_Axis_Vel,取料1_R轴2_Axis_Vel_33,26566,取料1_R轴2_Axis_Vel_33,Pickup 1_R Axis 2_Axis_Vel_33,L?y v?t li?u 1_Tr?c R 2_Tr?c_V?n t?c_33
PLC/取料1_R轴2_Axis_Vel,取料1_R轴2_Axis_Vel_34,26568,取料1_R轴2_Axis_Vel_34,Pickup 1_R Axis 2_Axis_Vel_34,L?y v?t li?u 1_Tr?c R 2_Tr?c_V?n t?c_34
PLC/取料1_R轴2_Axis_Vel,取料1_R轴2_Axis_Vel_35,26570,取料1_R轴2_Axis_Vel_35,Pickup 1_R Axis 2_Axis_Vel_35,L?y v?t li?u 1_Tr?c R 2_Tr?c_V?n t?c_35
PLC/取料1_R轴2_Axis_Vel,取料1_R轴2_Axis_Vel_36,26572,取料1_R轴2_Axis_Vel_36,Pickup 1_R Axis 2_Axis_Vel_36,L?y v?t li?u 1_Tr?c R 2_Tr?c_V?n t?c_36
PLC/取料1_R轴2_Axis_Vel,取料1_R轴2_Axis_Vel_37,26574,取料1_R轴2_Axis_Vel_37,Pickup 1_R Axis 2_Axis_Vel_37,L?y v?t li?u 1_Tr?c R 2_Tr?c_V?n t?c_37
PLC/取料1_R轴2_Axis_Vel,取料1_R轴2_Axis_Vel_38,26576,取料1_R轴2_Axis_Vel_38,Pickup 1_R Axis 2_Axis_Vel_38,L?y v?t li?u 1_Tr?c R 2_Tr?c_V?n t?c_38
PLC/取料1_R轴2_Axis_Vel,取料1_R轴2_Axis_Vel_39,26578,取料1_R轴2_Axis_Vel_39,Pickup 1_R Axis 2_Axis_Vel_39,L?y v?t li?u 1_Tr?c R 2_Tr?c_V?n t?c_39
PLC/取料1_R轴2_Axis_Vel,取料1_R轴2_Axis_Vel_40,26580,取料1_R轴2_Axis_Vel_40,Pickup 1_R Axis 2_Axis_Vel_40,L?y v?t li?u 1_Tr?c R 2_Tr?c_V?n t?c_40
PLC/取料1_R轴2_Axis_Vel,取料1_R轴2_Axis_Vel_41,26582,取料1_R轴2_Axis_Vel_41,Pickup 1_R Axis 2_Axis_Vel_41,L?y v?t li?u 1_Tr?c R 2_Tr?c_V?n t?c_41
PLC/取料1_R轴2_Axis_Vel,取料1_R轴2_Axis_Vel_42,26584,取料1_R轴2_Axis_Vel_42,Pickup 1_R Axis 2_Axis_Vel_42,L?y v?t li?u 1_Tr?c R 2_Tr?c_V?n t?c_42
PLC/取料1_R轴2_Axis_Vel,取料1_R轴2_Axis_Vel_43,26586,取料1_R轴2_Axis_Vel_43,Pickup 1_R Axis 2_Axis_Vel_43,L?y v?t li?u 1_Tr?c R 2_Tr?c_V?n t?c_43
PLC/取料1_R轴2_Axis_Vel,取料1_R轴2_Axis_Vel_44,26588,取料1_R轴2_Axis_Vel_44,Pickup 1_R Axis 2_Axis_Vel_44,L?y v?t li?u 1_Tr?c R 2_Tr?c_V?n t?c_44
PLC/取料1_R轴2_Axis_Vel,取料1_R轴2_Axis_Vel_45,26590,取料1_R轴2_Axis_Vel_45,Pickup 1_R Axis 2_Axis_Vel_45,L?y v?t li?u 1_Tr?c R 2_Tr?c_V?n t?c_45
PLC/取料1_R轴2_Axis_Vel,取料1_R轴2_Axis_Vel_46,26592,取料1_R轴2_Axis_Vel_46,Pickup 1_R Axis 2_Axis_Vel_46,L?y v?t li?u 1_Tr?c R 2_Tr?c_V?n t?c_46
PLC/取料1_R轴2_Axis_Vel,取料1_R轴2_Axis_Vel_47,26594,取料1_R轴2_Axis_Vel_47,Pickup 1_R Axis 2_Axis_Vel_47,L?y v?t li?u 1_Tr?c R 2_Tr?c_V?n t?c_47

PLC/取料1_Z轴3_Axis_Pos,取料1_Z轴3_Axis_Pos_0,26600,取料1_Z轴3_Axis_Pos_0,Pickup 1_Z Axis 3_Axis_Pos_0,L?y v?t li?u 1_Tr?c Z 3_Tr?c_V? trí_0
PLC/取料1_Z轴3_Axis_Pos,取料1_Z轴3_Axis_Pos_1,26602,取料1_Z轴3_Axis_Pos_1,Pickup 1_Z Axis 3_Axis_Pos_1,L?y v?t li?u 1_Tr?c Z 3_Tr?c_V? trí_1
PLC/取料1_Z轴3_Axis_Pos,取料1_Z轴3_Axis_Pos_2,26604,取料1_Z轴3_Axis_Pos_2,Pickup 1_Z Axis 3_Axis_Pos_2,L?y v?t li?u 1_Tr?c Z 3_Tr?c_V? trí_2
PLC/取料1_Z轴3_Axis_Pos,取料1_Z轴3_Axis_Pos_3,26606,取料1_Z轴3_Axis_Pos_3,Pickup 1_Z Axis 3_Axis_Pos_3,L?y v?t li?u 1_Tr?c Z 3_Tr?c_V? trí_3
PLC/取料1_Z轴3_Axis_Pos,取料1_Z轴3_Axis_Pos_4,26608,取料1_Z轴3_Axis_Pos_4,Pickup 1_Z Axis 3_Axis_Pos_4,L?y v?t li?u 1_Tr?c Z 3_Tr?c_V? trí_4
PLC/取料1_Z轴3_Axis_Pos,取料1_Z轴3_Axis_Pos_5,26610,取料1_Z轴3_Axis_Pos_5,Pickup 1_Z Axis 3_Axis_Pos_5,L?y v?t li?u 1_Tr?c Z 3_Tr?c_V? trí_5
PLC/取料1_Z轴3_Axis_Pos,取料1_Z轴3_Axis_Pos_6,26612,取料1_Z轴3_Axis_Pos_6,Pickup 1_Z Axis 3_Axis_Pos_6,L?y v?t li?u 1_Tr?c Z 3_Tr?c_V? trí_6
PLC/取料1_Z轴3_Axis_Pos,取料1_Z轴3_Axis_Pos_7,26614,取料1_Z轴3_Axis_Pos_7,Pickup 1_Z Axis 3_Axis_Pos_7,L?y v?t li?u 1_Tr?c Z 3_Tr?c_V? trí_7
PLC/取料1_Z轴3_Axis_Pos,取料1_Z轴3_Axis_Pos_8,26616,取料1_Z轴3_Axis_Pos_8,Pickup 1_Z Axis 3_Axis_Pos_8,L?y v?t li?u 1_Tr?c Z 3_Tr?c_V? trí_8
PLC/取料1_Z轴3_Axis_Pos,取料1_Z轴3_Axis_Pos_9,26618,取料1_Z轴3_Axis_Pos_9,Pickup 1_Z Axis 3_Axis_Pos_9,L?y v?t li?u 1_Tr?c Z 3_Tr?c_V? trí_9
PLC/取料1_Z轴3_Axis_Pos,取料1_Z轴3_Axis_Pos_10,26620,取料1_Z轴3_Axis_Pos_10,Pickup 1_Z Axis 3_Axis_Pos_10,L?y v?t li?u 1_Tr?c Z 3_Tr?c_V? trí_10
PLC/取料1_Z轴3_Axis_Pos,取料1_Z轴3_Axis_Pos_11,26622,取料1_Z轴3_Axis_Pos_11,Pickup 1_Z Axis 3_Axis_Pos_11,L?y v?t li?u 1_Tr?c Z 3_Tr?c_V? trí_11
PLC/取料1_Z轴3_Axis_Pos,取料1_Z轴3_Axis_Pos_12,26624,取料1_Z轴3_Axis_Pos_12,Pickup 1_Z Axis 3_Axis_Pos_12,L?y v?t li?u 1_Tr?c Z 3_Tr?c_V? trí_12
PLC/取料1_Z轴3_Axis_Pos,取料1_Z轴3_Axis_Pos_13,26626,取料1_Z轴3_Axis_Pos_13,Pickup 1_Z Axis 3_Axis_Pos_13,L?y v?t li?u 1_Tr?c Z 3_Tr?c_V? trí_13
PLC/取料1_Z轴3_Axis_Pos,取料1_Z轴3_Axis_Pos_14,26628,取料1_Z轴3_Axis_Pos_14,Pickup 1_Z Axis 3_Axis_Pos_14,L?y v?t li?u 1_Tr?c Z 3_Tr?c_V? trí_14
PLC/取料1_Z轴3_Axis_Pos,取料1_Z轴3_Axis_Pos_15,26630,取料1_Z轴3_Axis_Pos_15,Pickup 1_Z Axis 3_Axis_Pos_15,L?y v?t li?u 1_Tr?c Z 3_Tr?c_V? trí_15
PLC/取料1_Z轴3_Axis_Pos,取料1_Z轴3_Axis_Pos_16,26632,取料1_Z轴3_Axis_Pos_16,Pickup 1_Z Axis 3_Axis_Pos_16,L?y v?t li?u 1_Tr?c Z 3_Tr?c_V? trí_16
PLC/取料1_Z轴3_Axis_Pos,取料1_Z轴3_Axis_Pos_17,26634,取料1_Z轴3_Axis_Pos_17,Pickup 1_Z Axis 3_Axis_Pos_17,L?y v?t li?u 1_Tr?c Z 3_Tr?c_V? trí_17
PLC/取料1_Z轴3_Axis_Pos,取料1_Z轴3_Axis_Pos_18,26636,取料1_Z轴3_Axis_Pos_18,Pickup 1_Z Axis 3_Axis_Pos_18,L?y v?t li?u 1_Tr?c Z 3_Tr?c_V? trí_18
PLC/取料1_Z轴3_Axis_Pos,取料1_Z轴3_Axis_Pos_19,26638,取料1_Z轴3_Axis_Pos_19,Pickup 1_Z Axis 3_Axis_Pos_19,L?y v?t li?u 1_Tr?c Z 3_Tr?c_V? trí_19
PLC/取料1_Z轴3_Axis_Pos,取料1_Z轴3_Axis_Pos_20,26640,取料1_Z轴3_Axis_Pos_20,Pickup 1_Z Axis 3_Axis_Pos_20,L?y v?t li?u 1_Tr?c Z 3_Tr?c_V? trí_20
PLC/取料1_Z轴3_Axis_Pos,取料1_Z轴3_Axis_Pos_21,26642,取料1_Z轴3_Axis_Pos_21,Pickup 1_Z Axis 3_Axis_Pos_21,L?y v?t li?u 1_Tr?c Z 3_Tr?c_V? trí_21
PLC/取料1_Z轴3_Axis_Pos,取料1_Z轴3_Axis_Pos_22,26644,取料1_Z轴3_Axis_Pos_22,Pickup 1_Z Axis 3_Axis_Pos_22,L?y v?t li?u 1_Tr?c Z 3_Tr?c_V? trí_22
PLC/取料1_Z轴3_Axis_Pos,取料1_Z轴3_Axis_Pos_23,26646,取料1_Z轴3_Axis_Pos_23,Pickup 1_Z Axis 3_Axis_Pos_23,L?y v?t li?u 1_Tr?c Z 3_Tr?c_V? trí_23
PLC/取料1_Z轴3_Axis_Pos,取料1_Z轴3_Axis_Pos_24,26648,取料1_Z轴3_Axis_Pos_24,Pickup 1_Z Axis 3_Axis_Pos_24,L?y v?t li?u 1_Tr?c Z 3_Tr?c_V? trí_24
PLC/取料1_Z轴3_Axis_Pos,取料1_Z轴3_Axis_Pos_25,26650,取料1_Z轴3_Axis_Pos_25,Pickup 1_Z Axis 3_Axis_Pos_25,L?y v?t li?u 1_Tr?c Z 3_Tr?c_V? trí_25
PLC/取料1_Z轴3_Axis_Pos,取料1_Z轴3_Axis_Pos_26,26652,取料1_Z轴3_Axis_Pos_26,Pickup 1_Z Axis 3_Axis_Pos_26,L?y v?t li?u 1_Tr?c Z 3_Tr?c_V? trí_26
PLC/取料1_Z轴3_Axis_Pos,取料1_Z轴3_Axis_Pos_27,26654,取料1_Z轴3_Axis_Pos_27,Pickup 1_Z Axis 3_Axis_Pos_27,L?y v?t li?u 1_Tr?c Z 3_Tr?c_V? trí_27
PLC/取料1_Z轴3_Axis_Pos,取料1_Z轴3_Axis_Pos_28,26656,取料1_Z轴3_Axis_Pos_28,Pickup 1_Z Axis 3_Axis_Pos_28,L?y v?t li?u 1_Tr?c Z 3_Tr?c_V? trí_28
PLC/取料1_Z轴3_Axis_Pos,取料1_Z轴3_Axis_Pos_29,26658,取料1_Z轴3_Axis_Pos_29,Pickup 1_Z Axis 3_Axis_Pos_29,L?y v?t li?u 1_Tr?c Z 3_Tr?c_V? trí_29
PLC/取料1_Z轴3_Axis_Pos,取料1_Z轴3_Axis_Pos_30,26660,取料1_Z轴3_Axis_Pos_30,Pickup 1_Z Axis 3_Axis_Pos_30,L?y v?t li?u 1_Tr?c Z 3_Tr?c_V? trí_30
PLC/取料1_Z轴3_Axis_Pos,取料1_Z轴3_Axis_Pos_31,26662,取料1_Z轴3_Axis_Pos_31,Pickup 1_Z Axis 3_Axis_Pos_31,L?y v?t li?u 1_Tr?c Z 3_Tr?c_V? trí_31
PLC/取料1_Z轴3_Axis_Pos,取料1_Z轴3_Axis_Pos_32,26664,取料1_Z轴3_Axis_Pos_32,Pickup 1_Z Axis 3_Axis_Pos_32,L?y v?t li?u 1_Tr?c Z 3_Tr?c_V? trí_32
PLC/取料1_Z轴3_Axis_Pos,取料1_Z轴3_Axis_Pos_33,26666,取料1_Z轴3_Axis_Pos_33,Pickup 1_Z Axis 3_Axis_Pos_33,L?y v?t li?u 1_Tr?c Z 3_Tr?c_V? trí_33
PLC/取料1_Z轴3_Axis_Pos,取料1_Z轴3_Axis_Pos_34,26668,取料1_Z轴3_Axis_Pos_34,Pickup 1_Z Axis 3_Axis_Pos_34,L?y v?t li?u 1_Tr?c Z 3_Tr?c_V? trí_34
PLC/取料1_Z轴3_Axis_Pos,取料1_Z轴3_Axis_Pos_35,26670,取料1_Z轴3_Axis_Pos_35,Pickup 1_Z Axis 3_Axis_Pos_35,L?y v?t li?u 1_Tr?c Z 3_Tr?c_V? trí_35
PLC/取料1_Z轴3_Axis_Pos,取料1_Z轴3_Axis_Pos_36,26672,取料1_Z轴3_Axis_Pos_36,Pickup 1_Z Axis 3_Axis_Pos_36,L?y v?t li?u 1_Tr?c Z 3_Tr?c_V? trí_36
PLC/取料1_Z轴3_Axis_Pos,取料1_Z轴3_Axis_Pos_37,26674,取料1_Z轴3_Axis_Pos_37,Pickup 1_Z Axis 3_Axis_Pos_37,L?y v?t li?u 1_Tr?c Z 3_Tr?c_V? trí_37
PLC/取料1_Z轴3_Axis_Pos,取料1_Z轴3_Axis_Pos_38,26676,取料1_Z轴3_Axis_Pos_38,Pickup 1_Z Axis 3_Axis_Pos_38,L?y v?t li?u 1_Tr?c Z 3_Tr?c_V? trí_38
PLC/取料1_Z轴3_Axis_Pos,取料1_Z轴3_Axis_Pos_39,26678,取料1_Z轴3_Axis_Pos_39,Pickup 1_Z Axis 3_Axis_Pos_39,L?y v?t li?u 1_Tr?c Z 3_Tr?c_V? trí_39
PLC/取料1_Z轴3_Axis_Pos,取料1_Z轴3_Axis_Pos_40,26680,取料1_Z轴3_Axis_Pos_40,Pickup 1_Z Axis 3_Axis_Pos_40,L?y v?t li?u 1_Tr?c Z 3_Tr?c_V? trí_40
PLC/取料1_Z轴3_Axis_Pos,取料1_Z轴3_Axis_Pos_41,26682,取料1_Z轴3_Axis_Pos_41,Pickup 1_Z Axis 3_Axis_Pos_41,L?y v?t li?u 1_Tr?c Z 3_Tr?c_V? trí_41
PLC/取料1_Z轴3_Axis_Pos,取料1_Z轴3_Axis_Pos_42,26684,取料1_Z轴3_Axis_Pos_42,Pickup 1_Z Axis 3_Axis_Pos_42,L?y v?t li?u 1_Tr?c Z 3_Tr?c_V? trí_42
PLC/取料1_Z轴3_Axis_Pos,取料1_Z轴3_Axis_Pos_43,26686,取料1_Z轴3_Axis_Pos_43,Pickup 1_Z Axis 3_Axis_Pos_43,L?y v?t li?u 1_Tr?c Z 3_Tr?c_V? trí_43
PLC/取料1_Z轴3_Axis_Pos,取料1_Z轴3_Axis_Pos_44,26688,取料1_Z轴3_Axis_Pos_44,Pickup 1_Z Axis 3_Axis_Pos_44,L?y v?t li?u 1_Tr?c Z 3_Tr?c_V? trí_44
PLC/取料1_Z轴3_Axis_Pos,取料1_Z轴3_Axis_Pos_45,26690,取料1_Z轴3_Axis_Pos_45,Pickup 1_Z Axis 3_Axis_Pos_45,L?y v?t li?u 1_Tr?c Z 3_Tr?c_V? trí_45
PLC/取料1_Z轴3_Axis_Pos,取料1_Z轴3_Axis_Pos_46,26692,取料1_Z轴3_Axis_Pos_46,Pickup 1_Z Axis 3_Axis_Pos_46,L?y v?t li?u 1_Tr?c Z 3_Tr?c_V? trí_46
PLC/取料1_Z轴3_Axis_Pos,取料1_Z轴3_Axis_Pos_47,26694,取料1_Z轴3_Axis_Pos_47,Pickup 1_Z Axis 3_Axis_Pos_47,L?y v?t li?u 1_Tr?c Z 3_Tr?c_V? trí_47

PLC/取料1_Z轴3_Axis_Vel,取料1_Z轴3_Axis_Vel_0,26700,取料1_Z轴3_Axis_Vel_0,Pickup 1_Z Axis 3_Axis_Vel_0,L?y v?t li?u 1_Tr?c Z 3_Tr?c_V?n t?c_0
PLC/取料1_Z轴3_Axis_Vel,取料1_Z轴3_Axis_Vel_1,26702,取料1_Z轴3_Axis_Vel_1,Pickup 1_Z Axis 3_Axis_Vel_1,L?y v?t li?u 1_Tr?c Z 3_Tr?c_V?n t?c_1
PLC/取料1_Z轴3_Axis_Vel,取料1_Z轴3_Axis_Vel_2,26704,取料1_Z轴3_Axis_Vel_2,Pickup 1_Z Axis 3_Axis_Vel_2,L?y v?t li?u 1_Tr?c Z 3_Tr?c_V?n t?c_2
PLC/取料1_Z轴3_Axis_Vel,取料1_Z轴3_Axis_Vel_3,26706,取料1_Z轴3_Axis_Vel_3,Pickup 1_Z Axis 3_Axis_Vel_3,L?y v?t li?u 1_Tr?c Z 3_Tr?c_V?n t?c_3
PLC/取料1_Z轴3_Axis_Vel,取料1_Z轴3_Axis_Vel_4,26708,取料1_Z轴3_Axis_Vel_4,Pickup 1_Z Axis 3_Axis_Vel_4,L?y v?t li?u 1_Tr?c Z 3_Tr?c_V?n t?c_4
PLC/取料1_Z轴3_Axis_Vel,取料1_Z轴3_Axis_Vel_5,26710,取料1_Z轴3_Axis_Vel_5,Pickup 1_Z Axis 3_Axis_Vel_5,L?y v?t li?u 1_Tr?c Z 3_Tr?c_V?n t?c_5
PLC/取料1_Z轴3_Axis_Vel,取料1_Z轴3_Axis_Vel_6,26712,取料1_Z轴3_Axis_Vel_6,Pickup 1_Z Axis 3_Axis_Vel_6,L?y v?t li?u 1_Tr?c Z 3_Tr?c_V?n t?c_6
PLC/取料1_Z轴3_Axis_Vel,取料1_Z轴3_Axis_Vel_7,26714,取料1_Z轴3_Axis_Vel_7,Pickup 1_Z Axis 3_Axis_Vel_7,L?y v?t li?u 1_Tr?c Z 3_Tr?c_V?n t?c_7
PLC/取料1_Z轴3_Axis_Vel,取料1_Z轴3_Axis_Vel_8,26716,取料1_Z轴3_Axis_Vel_8,Pickup 1_Z Axis 3_Axis_Vel_8,L?y v?t li?u 1_Tr?c Z 3_Tr?c_V?n t?c_8
PLC/取料1_Z轴3_Axis_Vel,取料1_Z轴3_Axis_Vel_9,26718,取料1_Z轴3_Axis_Vel_9,Pickup 1_Z Axis 3_Axis_Vel_9,L?y v?t li?u 1_Tr?c Z 3_Tr?c_V?n t?c_9
PLC/取料1_Z轴3_Axis_Vel,取料1_Z轴3_Axis_Vel_10,26720,取料1_Z轴3_Axis_Vel_10,Pickup 1_Z Axis 3_Axis_Vel_10,L?y v?t li?u 1_Tr?c Z 3_Tr?c_V?n t?c_10
PLC/取料1_Z轴3_Axis_Vel,取料1_Z轴3_Axis_Vel_11,26722,取料1_Z轴3_Axis_Vel_11,Pickup 1_Z Axis 3_Axis_Vel_11,L?y v?t li?u 1_Tr?c Z 3_Tr?c_V?n t?c_11
PLC/取料1_Z轴3_Axis_Vel,取料1_Z轴3_Axis_Vel_12,26724,取料1_Z轴3_Axis_Vel_12,Pickup 1_Z Axis 3_Axis_Vel_12,L?y v?t li?u 1_Tr?c Z 3_Tr?c_V?n t?c_12
PLC/取料1_Z轴3_Axis_Vel,取料1_Z轴3_Axis_Vel_13,26726,取料1_Z轴3_Axis_Vel_13,Pickup 1_Z Axis 3_Axis_Vel_13,L?y v?t li?u 1_Tr?c Z 3_Tr?c_V?n t?c_13
PLC/取料1_Z轴3_Axis_Vel,取料1_Z轴3_Axis_Vel_14,26728,取料1_Z轴3_Axis_Vel_14,Pickup 1_Z Axis 3_Axis_Vel_14,L?y v?t li?u 1_Tr?c Z 3_Tr?c_V?n t?c_14
PLC/取料1_Z轴3_Axis_Vel,取料1_Z轴3_Axis_Vel_15,26730,取料1_Z轴3_Axis_Vel_15,Pickup 1_Z Axis 3_Axis_Vel_15,L?y v?t li?u 1_Tr?c Z 3_Tr?c_V?n t?c_15
PLC/取料1_Z轴3_Axis_Vel,取料1_Z轴3_Axis_Vel_16,26732,取料1_Z轴3_Axis_Vel_16,Pickup 1_Z Axis 3_Axis_Vel_16,L?y v?t li?u 1_Tr?c Z 3_Tr?c_V?n t?c_16
PLC/取料1_Z轴3_Axis_Vel,取料1_Z轴3_Axis_Vel_17,26734,取料1_Z轴3_Axis_Vel_17,Pickup 1_Z Axis 3_Axis_Vel_17,L?y v?t li?u 1_Tr?c Z 3_Tr?c_V?n t?c_17
PLC/取料1_Z轴3_Axis_Vel,取料1_Z轴3_Axis_Vel_18,26736,取料1_Z轴3_Axis_Vel_18,Pickup 1_Z Axis 3_Axis_Vel_18,L?y v?t li?u 1_Tr?c Z 3_Tr?c_V?n t?c_18
PLC/取料1_Z轴3_Axis_Vel,取料1_Z轴3_Axis_Vel_19,26738,取料1_Z轴3_Axis_Vel_19,Pickup 1_Z Axis 3_Axis_Vel_19,L?y v?t li?u 1_Tr?c Z 3_Tr?c_V?n t?c_19
PLC/取料1_Z轴3_Axis_Vel,取料1_Z轴3_Axis_Vel_20,26740,取料1_Z轴3_Axis_Vel_20,Pickup 1_Z Axis 3_Axis_Vel_20,L?y v?t li?u 1_Tr?c Z 3_Tr?c_V?n t?c_20
PLC/取料1_Z轴3_Axis_Vel,取料1_Z轴3_Axis_Vel_21,26742,取料1_Z轴3_Axis_Vel_21,Pickup 1_Z Axis 3_Axis_Vel_21,L?y v?t li?u 1_Tr?c Z 3_Tr?c_V?n t?c_21
PLC/取料1_Z轴3_Axis_Vel,取料1_Z轴3_Axis_Vel_22,26744,取料1_Z轴3_Axis_Vel_22,Pickup 1_Z Axis 3_Axis_Vel_22,L?y v?t li?u 1_Tr?c Z 3_Tr?c_V?n t?c_22
PLC/取料1_Z轴3_Axis_Vel,取料1_Z轴3_Axis_Vel_23,26746,取料1_Z轴3_Axis_Vel_23,Pickup 1_Z Axis 3_Axis_Vel_23,L?y v?t li?u 1_Tr?c Z 3_Tr?c_V?n t?c_23
PLC/取料1_Z轴3_Axis_Vel,取料1_Z轴3_Axis_Vel_24,26748,取料1_Z轴3_Axis_Vel_24,Pickup 1_Z Axis 3_Axis_Vel_24,L?y v?t li?u 1_Tr?c Z 3_Tr?c_V?n t?c_24
PLC/取料1_Z轴3_Axis_Vel,取料1_Z轴3_Axis_Vel_25,26750,取料1_Z轴3_Axis_Vel_25,Pickup 1_Z Axis 3_Axis_Vel_25,L?y v?t li?u 1_Tr?c Z 3_Tr?c_V?n t?c_25
PLC/取料1_Z轴3_Axis_Vel,取料1_Z轴3_Axis_Vel_26,26752,取料1_Z轴3_Axis_Vel_26,Pickup 1_Z Axis 3_Axis_Vel_26,L?y v?t li?u 1_Tr?c Z 3_Tr?c_V?n t?c_26
PLC/取料1_Z轴3_Axis_Vel,取料1_Z轴3_Axis_Vel_27,26754,取料1_Z轴3_Axis_Vel_27,Pickup 1_Z Axis 3_Axis_Vel_27,L?y v?t li?u 1_Tr?c Z 3_Tr?c_V?n t?c_27
PLC/取料1_Z轴3_Axis_Vel,取料1_Z轴3_Axis_Vel_28,26756,取料1_Z轴3_Axis_Vel_28,Pickup 1_Z Axis 3_Axis_Vel_28,L?y v?t li?u 1_Tr?c Z 3_Tr?c_V?n t?c_28
PLC/取料1_Z轴3_Axis_Vel,取料1_Z轴3_Axis_Vel_29,26758,取料1_Z轴3_Axis_Vel_29,Pickup 1_Z Axis 3_Axis_Vel_29,L?y v?t li?u 1_Tr?c Z 3_Tr?c_V?n t?c_29
PLC/取料1_Z轴3_Axis_Vel,取料1_Z轴3_Axis_Vel_30,26760,取料1_Z轴3_Axis_Vel_30,Pickup 1_Z Axis 3_Axis_Vel_30,L?y v?t li?u 1_Tr?c Z 3_Tr?c_V?n t?c_30
PLC/取料1_Z轴3_Axis_Vel,取料1_Z轴3_Axis_Vel_31,26762,取料1_Z轴3_Axis_Vel_31,Pickup 1_Z Axis 3_Axis_Vel_31,L?y v?t li?u 1_Tr?c Z 3_Tr?c_V?n t?c_31
PLC/取料1_Z轴3_Axis_Vel,取料1_Z轴3_Axis_Vel_32,26764,取料1_Z轴3_Axis_Vel_32,Pickup 1_Z Axis 3_Axis_Vel_32,L?y v?t li?u 1_Tr?c Z 3_Tr?c_V?n t?c_32
PLC/取料1_Z轴3_Axis_Vel,取料1_Z轴3_Axis_Vel_33,26766,取料1_Z轴3_Axis_Vel_33,Pickup 1_Z Axis 3_Axis_Vel_33,L?y v?t li?u 1_Tr?c Z 3_Tr?c_V?n t?c_33
PLC/取料1_Z轴3_Axis_Vel,取料1_Z轴3_Axis_Vel_34,26768,取料1_Z轴3_Axis_Vel_34,Pickup 1_Z Axis 3_Axis_Vel_34,L?y v?t li?u 1_Tr?c Z 3_Tr?c_V?n t?c_34
PLC/取料1_Z轴3_Axis_Vel,取料1_Z轴3_Axis_Vel_35,26770,取料1_Z轴3_Axis_Vel_35,Pickup 1_Z Axis 3_Axis_Vel_35,L?y v?t li?u 1_Tr?c Z 3_Tr?c_V?n t?c_35
PLC/取料1_Z轴3_Axis_Vel,取料1_Z轴3_Axis_Vel_36,26772,取料1_Z轴3_Axis_Vel_36,Pickup 1_Z Axis 3_Axis_Vel_36,L?y v?t li?u 1_Tr?c Z 3_Tr?c_V?n t?c_36
PLC/取料1_Z轴3_Axis_Vel,取料1_Z轴3_Axis_Vel_37,26774,取料1_Z轴3_Axis_Vel_37,Pickup 1_Z Axis 3_Axis_Vel_37,L?y v?t li?u 1_Tr?c Z 3_Tr?c_V?n t?c_37
PLC/取料1_Z轴3_Axis_Vel,取料1_Z轴3_Axis_Vel_38,26776,取料1_Z轴3_Axis_Vel_38,Pickup 1_Z Axis 3_Axis_Vel_38,L?y v?t li?u 1_Tr?c Z 3_Tr?c_V?n t?c_38
PLC/取料1_Z轴3_Axis_Vel,取料1_Z轴3_Axis_Vel_39,26778,取料1_Z轴3_Axis_Vel_39,Pickup 1_Z Axis 3_Axis_Vel_39,L?y v?t li?u 1_Tr?c Z 3_Tr?c_V?n t?c_39
PLC/取料1_Z轴3_Axis_Vel,取料1_Z轴3_Axis_Vel_40,26780,取料1_Z轴3_Axis_Vel_40,Pickup 1_Z Axis 3_Axis_Vel_40,L?y v?t li?u 1_Tr?c Z 3_Tr?c_V?n t?c_40
PLC/取料1_Z轴3_Axis_Vel,取料1_Z轴3_Axis_Vel_41,26782,取料1_Z轴3_Axis_Vel_41,Pickup 1_Z Axis 3_Axis_Vel_41,L?y v?t li?u 1_Tr?c Z 3_Tr?c_V?n t?c_41
PLC/取料1_Z轴3_Axis_Vel,取料1_Z轴3_Axis_Vel_42,26784,取料1_Z轴3_Axis_Vel_42,Pickup 1_Z Axis 3_Axis_Vel_42,L?y v?t li?u 1_Tr?c Z 3_Tr?c_V?n t?c_42
PLC/取料1_Z轴3_Axis_Vel,取料1_Z轴3_Axis_Vel_43,26786,取料1_Z轴3_Axis_Vel_43,Pickup 1_Z Axis 3_Axis_Vel_43,L?y v?t li?u 1_Tr?c Z 3_Tr?c_V?n t?c_43
PLC/取料1_Z轴3_Axis_Vel,取料1_Z轴3_Axis_Vel_44,26788,取料1_Z轴3_Axis_Vel_44,Pickup 1_Z Axis 3_Axis_Vel_44,L?y v?t li?u 1_Tr?c Z 3_Tr?c_V?n t?c_44
PLC/取料1_Z轴3_Axis_Vel,取料1_Z轴3_Axis_Vel_45,26790,取料1_Z轴3_Axis_Vel_45,Pickup 1_Z Axis 3_Axis_Vel_45,L?y v?t li?u 1_Tr?c Z 3_Tr?c_V?n t?c_45
PLC/取料1_Z轴3_Axis_Vel,取料1_Z轴3_Axis_Vel_46,26792,取料1_Z轴3_Axis_Vel_46,Pickup 1_Z Axis 3_Axis_Vel_46,L?y v?t li?u 1_Tr?c Z 3_Tr?c_V?n t?c_46
PLC/取料1_Z轴3_Axis_Vel,取料1_Z轴3_Axis_Vel_47,26794,取料1_Z轴3_Axis_Vel_47,Pickup 1_Z Axis 3_Axis_Vel_47,L?y v?t li?u 1_Tr?c Z 3_Tr?c_V?n t?c_47

PLC/取料1_R轴3_Axis_Pos,取料1_R轴3_Axis_Pos_0,26800,取料1_R轴3_Axis_Pos_0,Pickup 1_R Axis 3_Axis_Pos_0,L?y v?t li?u 1_Tr?c R 3_Tr?c_V? trí_0
PLC/取料1_R轴3_Axis_Pos,取料1_R轴3_Axis_Pos_1,26802,取料1_R轴3_Axis_Pos_1,Pickup 1_R Axis 3_Axis_Pos_1,L?y v?t li?u 1_Tr?c R 3_Tr?c_V? trí_1
PLC/取料1_R轴3_Axis_Pos,取料1_R轴3_Axis_Pos_2,26804,取料1_R轴3_Axis_Pos_2,Pickup 1_R Axis 3_Axis_Pos_2,L?y v?t li?u 1_Tr?c R 3_Tr?c_V? trí_2
PLC/取料1_R轴3_Axis_Pos,取料1_R轴3_Axis_Pos_3,26806,取料1_R轴3_Axis_Pos_3,Pickup 1_R Axis 3_Axis_Pos_3,L?y v?t li?u 1_Tr?c R 3_Tr?c_V? trí_3
PLC/取料1_R轴3_Axis_Pos,取料1_R轴3_Axis_Pos_4,26808,取料1_R轴3_Axis_Pos_4,Pickup 1_R Axis 3_Axis_Pos_4,L?y v?t li?u 1_Tr?c R 3_Tr?c_V? trí_4
PLC/取料1_R轴3_Axis_Pos,取料1_R轴3_Axis_Pos_5,26810,取料1_R轴3_Axis_Pos_5,Pickup 1_R Axis 3_Axis_Pos_5,L?y v?t li?u 1_Tr?c R 3_Tr?c_V? trí_5
PLC/取料1_R轴3_Axis_Pos,取料1_R轴3_Axis_Pos_6,26812,取料1_R轴3_Axis_Pos_6,Pickup 1_R Axis 3_Axis_Pos_6,L?y v?t li?u 1_Tr?c R 3_Tr?c_V? trí_6
PLC/取料1_R轴3_Axis_Pos,取料1_R轴3_Axis_Pos_7,26814,取料1_R轴3_Axis_Pos_7,Pickup 1_R Axis 3_Axis_Pos_7,L?y v?t li?u 1_Tr?c R 3_Tr?c_V? trí_7
PLC/取料1_R轴3_Axis_Pos,取料1_R轴3_Axis_Pos_8,26816,取料1_R轴3_Axis_Pos_8,Pickup 1_R Axis 3_Axis_Pos_8,L?y v?t li?u 1_Tr?c R 3_Tr?c_V? trí_8
PLC/取料1_R轴3_Axis_Pos,取料1_R轴3_Axis_Pos_9,26818,取料1_R轴3_Axis_Pos_9,Pickup 1_R Axis 3_Axis_Pos_9,L?y v?t li?u 1_Tr?c R 3_Tr?c_V? trí_9
PLC/取料1_R轴3_Axis_Pos,取料1_R轴3_Axis_Pos_10,26820,取料1_R轴3_Axis_Pos_10,Pickup 1_R Axis 3_Axis_Pos_10,L?y v?t li?u 1_Tr?c R 3_Tr?c_V? trí_10
PLC/取料1_R轴3_Axis_Pos,取料1_R轴3_Axis_Pos_11,26822,取料1_R轴3_Axis_Pos_11,Pickup 1_R Axis 3_Axis_Pos_11,L?y v?t li?u 1_Tr?c R 3_Tr?c_V? trí_11
PLC/取料1_R轴3_Axis_Pos,取料1_R轴3_Axis_Pos_12,26824,取料1_R轴3_Axis_Pos_12,Pickup 1_R Axis 3_Axis_Pos_12,L?y v?t li?u 1_Tr?c R 3_Tr?c_V? trí_12
PLC/取料1_R轴3_Axis_Pos,取料1_R轴3_Axis_Pos_13,26826,取料1_R轴3_Axis_Pos_13,Pickup 1_R Axis 3_Axis_Pos_13,L?y v?t li?u 1_Tr?c R 3_Tr?c_V? trí_13
PLC/取料1_R轴3_Axis_Pos,取料1_R轴3_Axis_Pos_14,26828,取料1_R轴3_Axis_Pos_14,Pickup 1_R Axis 3_Axis_Pos_14,L?y v?t li?u 1_Tr?c R 3_Tr?c_V? trí_14
PLC/取料1_R轴3_Axis_Pos,取料1_R轴3_Axis_Pos_15,26830,取料1_R轴3_Axis_Pos_15,Pickup 1_R Axis 3_Axis_Pos_15,L?y v?t li?u 1_Tr?c R 3_Tr?c_V? trí_15
PLC/取料1_R轴3_Axis_Pos,取料1_R轴3_Axis_Pos_16,26832,取料1_R轴3_Axis_Pos_16,Pickup 1_R Axis 3_Axis_Pos_16,L?y v?t li?u 1_Tr?c R 3_Tr?c_V? trí_16
PLC/取料1_R轴3_Axis_Pos,取料1_R轴3_Axis_Pos_17,26834,取料1_R轴3_Axis_Pos_17,Pickup 1_R Axis 3_Axis_Pos_17,L?y v?t li?u 1_Tr?c R 3_Tr?c_V? trí_17
PLC/取料1_R轴3_Axis_Pos,取料1_R轴3_Axis_Pos_18,26836,取料1_R轴3_Axis_Pos_18,Pickup 1_R Axis 3_Axis_Pos_18,L?y v?t li?u 1_Tr?c R 3_Tr?c_V? trí_18
PLC/取料1_R轴3_Axis_Pos,取料1_R轴3_Axis_Pos_19,26838,取料1_R轴3_Axis_Pos_19,Pickup 1_R Axis 3_Axis_Pos_19,L?y v?t li?u 1_Tr?c R 3_Tr?c_V? trí_19
PLC/取料1_R轴3_Axis_Pos,取料1_R轴3_Axis_Pos_20,26840,取料1_R轴3_Axis_Pos_20,Pickup 1_R Axis 3_Axis_Pos_20,L?y v?t li?u 1_Tr?c R 3_Tr?c_V? trí_20
PLC/取料1_R轴3_Axis_Pos,取料1_R轴3_Axis_Pos_21,26842,取料1_R轴3_Axis_Pos_21,Pickup 1_R Axis 3_Axis_Pos_21,L?y v?t li?u 1_Tr?c R 3_Tr?c_V? trí_21
PLC/取料1_R轴3_Axis_Pos,取料1_R轴3_Axis_Pos_22,26844,取料1_R轴3_Axis_Pos_22,Pickup 1_R Axis 3_Axis_Pos_22,L?y v?t li?u 1_Tr?c R 3_Tr?c_V? trí_22
PLC/取料1_R轴3_Axis_Pos,取料1_R轴3_Axis_Pos_23,26846,取料1_R轴3_Axis_Pos_23,Pickup 1_R Axis 3_Axis_Pos_23,L?y v?t li?u 1_Tr?c R 3_Tr?c_V? trí_23
PLC/取料1_R轴3_Axis_Pos,取料1_R轴3_Axis_Pos_24,26848,取料1_R轴3_Axis_Pos_24,Pickup 1_R Axis 3_Axis_Pos_24,L?y v?t li?u 1_Tr?c R 3_Tr?c_V? trí_24
PLC/取料1_R轴3_Axis_Pos,取料1_R轴3_Axis_Pos_25,26850,取料1_R轴3_Axis_Pos_25,Pickup 1_R Axis 3_Axis_Pos_25,L?y v?t li?u 1_Tr?c R 3_Tr?c_V? trí_25
PLC/取料1_R轴3_Axis_Pos,取料1_R轴3_Axis_Pos_26,26852,取料1_R轴3_Axis_Pos_26,Pickup 1_R Axis 3_Axis_Pos_26,L?y v?t li?u 1_Tr?c R 3_Tr?c_V? trí_26
PLC/取料1_R轴3_Axis_Pos,取料1_R轴3_Axis_Pos_27,26854,取料1_R轴3_Axis_Pos_27,Pickup 1_R Axis 3_Axis_Pos_27,L?y v?t li?u 1_Tr?c R 3_Tr?c_V? trí_27
PLC/取料1_R轴3_Axis_Pos,取料1_R轴3_Axis_Pos_28,26856,取料1_R轴3_Axis_Pos_28,Pickup 1_R Axis 3_Axis_Pos_28,L?y v?t li?u 1_Tr?c R 3_Tr?c_V? trí_28
PLC/取料1_R轴3_Axis_Pos,取料1_R轴3_Axis_Pos_29,26858,取料1_R轴3_Axis_Pos_29,Pickup 1_R Axis 3_Axis_Pos_29,L?y v?t li?u 1_Tr?c R 3_Tr?c_V? trí_29
PLC/取料1_R轴3_Axis_Pos,取料1_R轴3_Axis_Pos_30,26860,取料1_R轴3_Axis_Pos_30,Pickup 1_R Axis 3_Axis_Pos_30,L?y v?t li?u 1_Tr?c R 3_Tr?c_V? trí_30
PLC/取料1_R轴3_Axis_Pos,取料1_R轴3_Axis_Pos_31,26862,取料1_R轴3_Axis_Pos_31,Pickup 1_R Axis 3_Axis_Pos_31,L?y v?t li?u 1_Tr?c R 3_Tr?c_V? trí_31
PLC/取料1_R轴3_Axis_Pos,取料1_R轴3_Axis_Pos_32,26864,取料1_R轴3_Axis_Pos_32,Pickup 1_R Axis 3_Axis_Pos_32,L?y v?t li?u 1_Tr?c R 3_Tr?c_V? trí_32
PLC/取料1_R轴3_Axis_Pos,取料1_R轴3_Axis_Pos_33,26866,取料1_R轴3_Axis_Pos_33,Pickup 1_R Axis 3_Axis_Pos_33,L?y v?t li?u 1_Tr?c R 3_Tr?c_V? trí_33
PLC/取料1_R轴3_Axis_Pos,取料1_R轴3_Axis_Pos_34,26868,取料1_R轴3_Axis_Pos_34,Pickup 1_R Axis 3_Axis_Pos_34,L?y v?t li?u 1_Tr?c R 3_Tr?c_V? trí_34
PLC/取料1_R轴3_Axis_Pos,取料1_R轴3_Axis_Pos_35,26870,取料1_R轴3_Axis_Pos_35,Pickup 1_R Axis 3_Axis_Pos_35,L?y v?t li?u 1_Tr?c R 3_Tr?c_V? trí_35
PLC/取料1_R轴3_Axis_Pos,取料1_R轴3_Axis_Pos_36,26872,取料1_R轴3_Axis_Pos_36,Pickup 1_R Axis 3_Axis_Pos_36,L?y v?t li?u 1_Tr?c R 3_Tr?c_V? trí_36
PLC/取料1_R轴3_Axis_Pos,取料1_R轴3_Axis_Pos_37,26874,取料1_R轴3_Axis_Pos_37,Pickup 1_R Axis 3_Axis_Pos_37,L?y v?t li?u 1_Tr?c R 3_Tr?c_V? trí_37
PLC/取料1_R轴3_Axis_Pos,取料1_R轴3_Axis_Pos_38,26876,取料1_R轴3_Axis_Pos_38,Pickup 1_R Axis 3_Axis_Pos_38,L?y v?t li?u 1_Tr?c R 3_Tr?c_V? trí_38
PLC/取料1_R轴3_Axis_Pos,取料1_R轴3_Axis_Pos_39,26878,取料1_R轴3_Axis_Pos_39,Pickup 1_R Axis 3_Axis_Pos_39,L?y v?t li?u 1_Tr?c R 3_Tr?c_V? trí_39
PLC/取料1_R轴3_Axis_Pos,取料1_R轴3_Axis_Pos_40,26880,取料1_R轴3_Axis_Pos_40,Pickup 1_R Axis 3_Axis_Pos_40,L?y v?t li?u 1_Tr?c R 3_Tr?c_V? trí_40
PLC/取料1_R轴3_Axis_Pos,取料1_R轴3_Axis_Pos_41,26882,取料1_R轴3_Axis_Pos_41,Pickup 1_R Axis 3_Axis_Pos_41,L?y v?t li?u 1_Tr?c R 3_Tr?c_V? trí_41
PLC/取料1_R轴3_Axis_Pos,取料1_R轴3_Axis_Pos_42,26884,取料1_R轴3_Axis_Pos_42,Pickup 1_R Axis 3_Axis_Pos_42,L?y v?t li?u 1_Tr?c R 3_Tr?c_V? trí_42
PLC/取料1_R轴3_Axis_Pos,取料1_R轴3_Axis_Pos_43,26886,取料1_R轴3_Axis_Pos_43,Pickup 1_R Axis 3_Axis_Pos_43,L?y v?t li?u 1_Tr?c R 3_Tr?c_V? trí_43
PLC/取料1_R轴3_Axis_Pos,取料1_R轴3_Axis_Pos_44,26888,取料1_R轴3_Axis_Pos_44,Pickup 1_R Axis 3_Axis_Pos_44,L?y v?t li?u 1_Tr?c R 3_Tr?c_V? trí_44
PLC/取料1_R轴3_Axis_Pos,取料1_R轴3_Axis_Pos_45,26890,取料1_R轴3_Axis_Pos_45,Pickup 1_R Axis 3_Axis_Pos_45,L?y v?t li?u 1_Tr?c R 3_Tr?c_V? trí_45
PLC/取料1_R轴3_Axis_Pos,取料1_R轴3_Axis_Pos_46,26892,取料1_R轴3_Axis_Pos_46,Pickup 1_R Axis 3_Axis_Pos_46,L?y v?t li?u 1_Tr?c R 3_Tr?c_V? trí_46
PLC/取料1_R轴3_Axis_Pos,取料1_R轴3_Axis_Pos_47,26894,取料1_R轴3_Axis_Pos_47,Pickup 1_R Axis 3_Axis_Pos_47,L?y v?t li?u 1_Tr?c R 3_Tr?c_V? trí_47

PLC/取料1_R轴3_Axis_Vel,取料1_R轴3_Axis_Vel_0,26900,取料1_R轴3_Axis_Vel_0,Pickup 1_R Axis 3_Axis_Vel_0,L?y v?t li?u 1_Tr?c R 3_Tr?c_V?n t?c_0
PLC/取料1_R轴3_Axis_Vel,取料1_R轴3_Axis_Vel_1,26902,取料1_R轴3_Axis_Vel_1,Pickup 1_R Axis 3_Axis_Vel_1,L?y v?t li?u 1_Tr?c R 3_Tr?c_V?n t?c_1
PLC/取料1_R轴3_Axis_Vel,取料1_R轴3_Axis_Vel_2,26904,取料1_R轴3_Axis_Vel_2,Pickup 1_R Axis 3_Axis_Vel_2,L?y v?t li?u 1_Tr?c R 3_Tr?c_V?n t?c_2
PLC/取料1_R轴3_Axis_Vel,取料1_R轴3_Axis_Vel_3,26906,取料1_R轴3_Axis_Vel_3,Pickup 1_R Axis 3_Axis_Vel_3,L?y v?t li?u 1_Tr?c R 3_Tr?c_V?n t?c_3
PLC/取料1_R轴3_Axis_Vel,取料1_R轴3_Axis_Vel_4,26908,取料1_R轴3_Axis_Vel_4,Pickup 1_R Axis 3_Axis_Vel_4,L?y v?t li?u 1_Tr?c R 3_Tr?c_V?n t?c_4
PLC/取料1_R轴3_Axis_Vel,取料1_R轴3_Axis_Vel_5,26910,取料1_R轴3_Axis_Vel_5,Pickup 1_R Axis 3_Axis_Vel_5,L?y v?t li?u 1_Tr?c R 3_Tr?c_V?n t?c_5
PLC/取料1_R轴3_Axis_Vel,取料1_R轴3_Axis_Vel_6,26912,取料1_R轴3_Axis_Vel_6,Pickup 1_R Axis 3_Axis_Vel_6,L?y v?t li?u 1_Tr?c R 3_Tr?c_V?n t?c_6
PLC/取料1_R轴3_Axis_Vel,取料1_R轴3_Axis_Vel_7,26914,取料1_R轴3_Axis_Vel_7,Pickup 1_R Axis 3_Axis_Vel_7,L?y v?t li?u 1_Tr?c R 3_Tr?c_V?n t?c_7
PLC/取料1_R轴3_Axis_Vel,取料1_R轴3_Axis_Vel_8,26916,取料1_R轴3_Axis_Vel_8,Pickup 1_R Axis 3_Axis_Vel_8,L?y v?t li?u 1_Tr?c R 3_Tr?c_V?n t?c_8
PLC/取料1_R轴3_Axis_Vel,取料1_R轴3_Axis_Vel_9,26918,取料1_R轴3_Axis_Vel_9,Pickup 1_R Axis 3_Axis_Vel_9,L?y v?t li?u 1_Tr?c R 3_Tr?c_V?n t?c_9
PLC/取料1_R轴3_Axis_Vel,取料1_R轴3_Axis_Vel_10,26920,取料1_R轴3_Axis_Vel_10,Pickup 1_R Axis 3_Axis_Vel_10,L?y v?t li?u 1_Tr?c R 3_Tr?c_V?n t?c_10
PLC/取料1_R轴3_Axis_Vel,取料1_R轴3_Axis_Vel_11,26922,取料1_R轴3_Axis_Vel_11,Pickup 1_R Axis 3_Axis_Vel_11,L?y v?t li?u 1_Tr?c R 3_Tr?c_V?n t?c_11
PLC/取料1_R轴3_Axis_Vel,取料1_R轴3_Axis_Vel_12,26924,取料1_R轴3_Axis_Vel_12,Pickup 1_R Axis 3_Axis_Vel_12,L?y v?t li?u 1_Tr?c R 3_Tr?c_V?n t?c_12
PLC/取料1_R轴3_Axis_Vel,取料1_R轴3_Axis_Vel_13,26926,取料1_R轴3_Axis_Vel_13,Pickup 1_R Axis 3_Axis_Vel_13,L?y v?t li?u 1_Tr?c R 3_Tr?c_V?n t?c_13
PLC/取料1_R轴3_Axis_Vel,取料1_R轴3_Axis_Vel_14,26928,取料1_R轴3_Axis_Vel_14,Pickup 1_R Axis 3_Axis_Vel_14,L?y v?t li?u 1_Tr?c R 3_Tr?c_V?n t?c_14
PLC/取料1_R轴3_Axis_Vel,取料1_R轴3_Axis_Vel_15,26930,取料1_R轴3_Axis_Vel_15,Pickup 1_R Axis 3_Axis_Vel_15,L?y v?t li?u 1_Tr?c R 3_Tr?c_V?n t?c_15
PLC/取料1_R轴3_Axis_Vel,取料1_R轴3_Axis_Vel_16,26932,取料1_R轴3_Axis_Vel_16,Pickup 1_R Axis 3_Axis_Vel_16,L?y v?t li?u 1_Tr?c R 3_Tr?c_V?n t?c_16
PLC/取料1_R轴3_Axis_Vel,取料1_R轴3_Axis_Vel_17,26934,取料1_R轴3_Axis_Vel_17,Pickup 1_R Axis 3_Axis_Vel_17,L?y v?t li?u 1_Tr?c R 3_Tr?c_V?n t?c_17
PLC/取料1_R轴3_Axis_Vel,取料1_R轴3_Axis_Vel_18,26936,取料1_R轴3_Axis_Vel_18,Pickup 1_R Axis 3_Axis_Vel_18,L?y v?t li?u 1_Tr?c R 3_Tr?c_V?n t?c_18
PLC/取料1_R轴3_Axis_Vel,取料1_R轴3_Axis_Vel_19,26938,取料1_R轴3_Axis_Vel_19,Pickup 1_R Axis 3_Axis_Vel_19,L?y v?t li?u 1_Tr?c R 3_Tr?c_V?n t?c_19
PLC/取料1_R轴3_Axis_Vel,取料1_R轴3_Axis_Vel_20,26940,取料1_R轴3_Axis_Vel_20,Pickup 1_R Axis 3_Axis_Vel_20,L?y v?t li?u 1_Tr?c R 3_Tr?c_V?n t?c_20
PLC/取料1_R轴3_Axis_Vel,取料1_R轴3_Axis_Vel_21,26942,取料1_R轴3_Axis_Vel_21,Pickup 1_R Axis 3_Axis_Vel_21,L?y v?t li?u 1_Tr?c R 3_Tr?c_V?n t?c_21
PLC/取料1_R轴3_Axis_Vel,取料1_R轴3_Axis_Vel_22,26944,取料1_R轴3_Axis_Vel_22,Pickup 1_R Axis 3_Axis_Vel_22,L?y v?t li?u 1_Tr?c R 3_Tr?c_V?n t?c_22
PLC/取料1_R轴3_Axis_Vel,取料1_R轴3_Axis_Vel_23,26946,取料1_R轴3_Axis_Vel_23,Pickup 1_R Axis 3_Axis_Vel_23,L?y v?t li?u 1_Tr?c R 3_Tr?c_V?n t?c_23
PLC/取料1_R轴3_Axis_Vel,取料1_R轴3_Axis_Vel_24,26948,取料1_R轴3_Axis_Vel_24,Pickup 1_R Axis 3_Axis_Vel_24,L?y v?t li?u 1_Tr?c R 3_Tr?c_V?n t?c_24
PLC/取料1_R轴3_Axis_Vel,取料1_R轴3_Axis_Vel_25,26950,取料1_R轴3_Axis_Vel_25,Pickup 1_R Axis 3_Axis_Vel_25,L?y v?t li?u 1_Tr?c R 3_Tr?c_V?n t?c_25
PLC/取料1_R轴3_Axis_Vel,取料1_R轴3_Axis_Vel_26,26952,取料1_R轴3_Axis_Vel_26,Pickup 1_R Axis 3_Axis_Vel_26,L?y v?t li?u 1_Tr?c R 3_Tr?c_V?n t?c_26
PLC/取料1_R轴3_Axis_Vel,取料1_R轴3_Axis_Vel_27,26954,取料1_R轴3_Axis_Vel_27,Pickup 1_R Axis 3_Axis_Vel_27,L?y v?t li?u 1_Tr?c R 3_Tr?c_V?n t?c_27
PLC/取料1_R轴3_Axis_Vel,取料1_R轴3_Axis_Vel_28,26956,取料1_R轴3_Axis_Vel_28,Pickup 1_R Axis 3_Axis_Vel_28,L?y v?t li?u 1_Tr?c R 3_Tr?c_V?n t?c_28
PLC/取料1_R轴3_Axis_Vel,取料1_R轴3_Axis_Vel_29,26958,取料1_R轴3_Axis_Vel_29,Pickup 1_R Axis 3_Axis_Vel_29,L?y v?t li?u 1_Tr?c R 3_Tr?c_V?n t?c_29
PLC/取料1_R轴3_Axis_Vel,取料1_R轴3_Axis_Vel_30,26960,取料1_R轴3_Axis_Vel_30,Pickup 1_R Axis 3_Axis_Vel_30,L?y v?t li?u 1_Tr?c R 3_Tr?c_V?n t?c_30
PLC/取料1_R轴3_Axis_Vel,取料1_R轴3_Axis_Vel_31,26962,取料1_R轴3_Axis_Vel_31,Pickup 1_R Axis 3_Axis_Vel_31,L?y v?t li?u 1_Tr?c R 3_Tr?c_V?n t?c_31
PLC/取料1_R轴3_Axis_Vel,取料1_R轴3_Axis_Vel_32,26964,取料1_R轴3_Axis_Vel_32,Pickup 1_R Axis 3_Axis_Vel_32,L?y v?t li?u 1_Tr?c R 3_Tr?c_V?n t?c_32
PLC/取料1_R轴3_Axis_Vel,取料1_R轴3_Axis_Vel_33,26966,取料1_R轴3_Axis_Vel_33,Pickup 1_R Axis 3_Axis_Vel_33,L?y v?t li?u 1_Tr?c R 3_Tr?c_V?n t?c_33
PLC/取料1_R轴3_Axis_Vel,取料1_R轴3_Axis_Vel_34,26968,取料1_R轴3_Axis_Vel_34,Pickup 1_R Axis 3_Axis_Vel_34,L?y v?t li?u 1_Tr?c R 3_Tr?c_V?n t?c_34
PLC/取料1_R轴3_Axis_Vel,取料1_R轴3_Axis_Vel_35,26970,取料1_R轴3_Axis_Vel_35,Pickup 1_R Axis 3_Axis_Vel_35,L?y v?t li?u 1_Tr?c R 3_Tr?c_V?n t?c_35
PLC/取料1_R轴3_Axis_Vel,取料1_R轴3_Axis_Vel_36,26972,取料1_R轴3_Axis_Vel_36,Pickup 1_R Axis 3_Axis_Vel_36,L?y v?t li?u 1_Tr?c R 3_Tr?c_V?n t?c_36
PLC/取料1_R轴3_Axis_Vel,取料1_R轴3_Axis_Vel_37,26974,取料1_R轴3_Axis_Vel_37,Pickup 1_R Axis 3_Axis_Vel_37,L?y v?t li?u 1_Tr?c R 3_Tr?c_V?n t?c_37
PLC/取料1_R轴3_Axis_Vel,取料1_R轴3_Axis_Vel_38,26976,取料1_R轴3_Axis_Vel_38,Pickup 1_R Axis 3_Axis_Vel_38,L?y v?t li?u 1_Tr?c R 3_Tr?c_V?n t?c_38
PLC/取料1_R轴3_Axis_Vel,取料1_R轴3_Axis_Vel_39,26978,取料1_R轴3_Axis_Vel_39,Pickup 1_R Axis 3_Axis_Vel_39,L?y v?t li?u 1_Tr?c R 3_Tr?c_V?n t?c_39
PLC/取料1_R轴3_Axis_Vel,取料1_R轴3_Axis_Vel_40,26980,取料1_R轴3_Axis_Vel_40,Pickup 1_R Axis 3_Axis_Vel_40,L?y v?t li?u 1_Tr?c R 3_Tr?c_V?n t?c_40
PLC/取料1_R轴3_Axis_Vel,取料1_R轴3_Axis_Vel_41,26982,取料1_R轴3_Axis_Vel_41,Pickup 1_R Axis 3_Axis_Vel_41,L?y v?t li?u 1_Tr?c R 3_Tr?c_V?n t?c_41
PLC/取料1_R轴3_Axis_Vel,取料1_R轴3_Axis_Vel_42,26984,取料1_R轴3_Axis_Vel_42,Pickup 1_R Axis 3_Axis_Vel_42,L?y v?t li?u 1_Tr?c R 3_Tr?c_V?n t?c_42
PLC/取料1_R轴3_Axis_Vel,取料1_R轴3_Axis_Vel_43,26986,取料1_R轴3_Axis_Vel_43,Pickup 1_R Axis 3_Axis_Vel_43,L?y v?t li?u 1_Tr?c R 3_Tr?c_V?n t?c_43
PLC/取料1_R轴3_Axis_Vel,取料1_R轴3_Axis_Vel_44,26988,取料1_R轴3_Axis_Vel_44,Pickup 1_R Axis 3_Axis_Vel_44,L?y v?t li?u 1_Tr?c R 3_Tr?c_V?n t?c_44
PLC/取料1_R轴3_Axis_Vel,取料1_R轴3_Axis_Vel_45,26990,取料1_R轴3_Axis_Vel_45,Pickup 1_R Axis 3_Axis_Vel_45,L?y v?t li?u 1_Tr?c R 3_Tr?c_V?n t?c_45
PLC/取料1_R轴3_Axis_Vel,取料1_R轴3_Axis_Vel_46,26992,取料1_R轴3_Axis_Vel_46,Pickup 1_R Axis 3_Axis_Vel_46,L?y v?t li?u 1_Tr?c R 3_Tr?c_V?n t?c_46
PLC/取料1_R轴3_Axis_Vel,取料1_R轴3_Axis_Vel_47,26994,取料1_R轴3_Axis_Vel_47,Pickup 1_R Axis 3_Axis_Vel_47,L?y v?t li?u 1_Tr?c R 3_Tr?c_V?n t?c_47

PLC/取料1_Z轴4_Axis_Pos,取料1_Z轴4_Axis_Pos_0,27000,取料1_Z轴4_Axis_Pos_0,Pickup 1_Z Axis 4_Axis_Pos_0,L?y v?t li?u 1_Tr?c Z 4_Tr?c_V? trí_0
PLC/取料1_Z轴4_Axis_Pos,取料1_Z轴4_Axis_Pos_1,27002,取料1_Z轴4_Axis_Pos_1,Pickup 1_Z Axis 4_Axis_Pos_1,L?y v?t li?u 1_Tr?c Z 4_Tr?c_V? trí_1
PLC/取料1_Z轴4_Axis_Pos,取料1_Z轴4_Axis_Pos_2,27004,取料1_Z轴4_Axis_Pos_2,Pickup 1_Z Axis 4_Axis_Pos_2,L?y v?t li?u 1_Tr?c Z 4_Tr?c_V? trí_2
PLC/取料1_Z轴4_Axis_Pos,取料1_Z轴4_Axis_Pos_3,27006,取料1_Z轴4_Axis_Pos_3,Pickup 1_Z Axis 4_Axis_Pos_3,L?y v?t li?u 1_Tr?c Z 4_Tr?c_V? trí_3
PLC/取料1_Z轴4_Axis_Pos,取料1_Z轴4_Axis_Pos_4,27008,取料1_Z轴4_Axis_Pos_4,Pickup 1_Z Axis 4_Axis_Pos_4,L?y v?t li?u 1_Tr?c Z 4_Tr?c_V? trí_4
PLC/取料1_Z轴4_Axis_Pos,取料1_Z轴4_Axis_Pos_5,27010,取料1_Z轴4_Axis_Pos_5,Pickup 1_Z Axis 4_Axis_Pos_5,L?y v?t li?u 1_Tr?c Z 4_Tr?c_V? trí_5
PLC/取料1_Z轴4_Axis_Pos,取料1_Z轴4_Axis_Pos_6,27012,取料1_Z轴4_Axis_Pos_6,Pickup 1_Z Axis 4_Axis_Pos_6,L?y v?t li?u 1_Tr?c Z 4_Tr?c_V? trí_6
PLC/取料1_Z轴4_Axis_Pos,取料1_Z轴4_Axis_Pos_7,27014,取料1_Z轴4_Axis_Pos_7,Pickup 1_Z Axis 4_Axis_Pos_7,L?y v?t li?u 1_Tr?c Z 4_Tr?c_V? trí_7
PLC/取料1_Z轴4_Axis_Pos,取料1_Z轴4_Axis_Pos_8,27016,取料1_Z轴4_Axis_Pos_8,Pickup 1_Z Axis 4_Axis_Pos_8,L?y v?t li?u 1_Tr?c Z 4_Tr?c_V? trí_8
PLC/取料1_Z轴4_Axis_Pos,取料1_Z轴4_Axis_Pos_9,27018,取料1_Z轴4_Axis_Pos_9,Pickup 1_Z Axis 4_Axis_Pos_9,L?y v?t li?u 1_Tr?c Z 4_Tr?c_V? trí_9
PLC/取料1_Z轴4_Axis_Pos,取料1_Z轴4_Axis_Pos_10,27020,取料1_Z轴4_Axis_Pos_10,Pickup 1_Z Axis 4_Axis_Pos_10,L?y v?t li?u 1_Tr?c Z 4_Tr?c_V? trí_10
PLC/取料1_Z轴4_Axis_Pos,取料1_Z轴4_Axis_Pos_11,27022,取料1_Z轴4_Axis_Pos_11,Pickup 1_Z Axis 4_Axis_Pos_11,L?y v?t li?u 1_Tr?c Z 4_Tr?c_V? trí_11
PLC/取料1_Z轴4_Axis_Pos,取料1_Z轴4_Axis_Pos_12,27024,取料1_Z轴4_Axis_Pos_12,Pickup 1_Z Axis 4_Axis_Pos_12,L?y v?t li?u 1_Tr?c Z 4_Tr?c_V? trí_12
PLC/取料1_Z轴4_Axis_Pos,取料1_Z轴4_Axis_Pos_13,27026,取料1_Z轴4_Axis_Pos_13,Pickup 1_Z Axis 4_Axis_Pos_13,L?y v?t li?u 1_Tr?c Z 4_Tr?c_V? trí_13
PLC/取料1_Z轴4_Axis_Pos,取料1_Z轴4_Axis_Pos_14,27028,取料1_Z轴4_Axis_Pos_14,Pickup 1_Z Axis 4_Axis_Pos_14,L?y v?t li?u 1_Tr?c Z 4_Tr?c_V? trí_14
PLC/取料1_Z轴4_Axis_Pos,取料1_Z轴4_Axis_Pos_15,27030,取料1_Z轴4_Axis_Pos_15,Pickup 1_Z Axis 4_Axis_Pos_15,L?y v?t li?u 1_Tr?c Z 4_Tr?c_V? trí_15
PLC/取料1_Z轴4_Axis_Pos,取料1_Z轴4_Axis_Pos_16,27032,取料1_Z轴4_Axis_Pos_16,Pickup 1_Z Axis 4_Axis_Pos_16,L?y v?t li?u 1_Tr?c Z 4_Tr?c_V? trí_16
PLC/取料1_Z轴4_Axis_Pos,取料1_Z轴4_Axis_Pos_17,27034,取料1_Z轴4_Axis_Pos_17,Pickup 1_Z Axis 4_Axis_Pos_17,L?y v?t li?u 1_Tr?c Z 4_Tr?c_V? trí_17
PLC/取料1_Z轴4_Axis_Pos,取料1_Z轴4_Axis_Pos_18,27036,取料1_Z轴4_Axis_Pos_18,Pickup 1_Z Axis 4_Axis_Pos_18,L?y v?t li?u 1_Tr?c Z 4_Tr?c_V? trí_18
PLC/取料1_Z轴4_Axis_Pos,取料1_Z轴4_Axis_Pos_19,27038,取料1_Z轴4_Axis_Pos_19,Pickup 1_Z Axis 4_Axis_Pos_19,L?y v?t li?u 1_Tr?c Z 4_Tr?c_V? trí_19
PLC/取料1_Z轴4_Axis_Pos,取料1_Z轴4_Axis_Pos_20,27040,取料1_Z轴4_Axis_Pos_20,Pickup 1_Z Axis 4_Axis_Pos_20,L?y v?t li?u 1_Tr?c Z 4_Tr?c_V? trí_20
PLC/取料1_Z轴4_Axis_Pos,取料1_Z轴4_Axis_Pos_21,27042,取料1_Z轴4_Axis_Pos_21,Pickup 1_Z Axis 4_Axis_Pos_21,L?y v?t li?u 1_Tr?c Z 4_Tr?c_V? trí_21
PLC/取料1_Z轴4_Axis_Pos,取料1_Z轴4_Axis_Pos_22,27044,取料1_Z轴4_Axis_Pos_22,Pickup 1_Z Axis 4_Axis_Pos_22,L?y v?t li?u 1_Tr?c Z 4_Tr?c_V? trí_22
PLC/取料1_Z轴4_Axis_Pos,取料1_Z轴4_Axis_Pos_23,27046,取料1_Z轴4_Axis_Pos_23,Pickup 1_Z Axis 4_Axis_Pos_23,L?y v?t li?u 1_Tr?c Z 4_Tr?c_V? trí_23
PLC/取料1_Z轴4_Axis_Pos,取料1_Z轴4_Axis_Pos_24,27048,取料1_Z轴4_Axis_Pos_24,Pickup 1_Z Axis 4_Axis_Pos_24,L?y v?t li?u 1_Tr?c Z 4_Tr?c_V? trí_24
PLC/取料1_Z轴4_Axis_Pos,取料1_Z轴4_Axis_Pos_25,27050,取料1_Z轴4_Axis_Pos_25,Pickup 1_Z Axis 4_Axis_Pos_25,L?y v?t li?u 1_Tr?c Z 4_Tr?c_V? trí_25
PLC/取料1_Z轴4_Axis_Pos,取料1_Z轴4_Axis_Pos_26,27052,取料1_Z轴4_Axis_Pos_26,Pickup 1_Z Axis 4_Axis_Pos_26,L?y v?t li?u 1_Tr?c Z 4_Tr?c_V? trí_26
PLC/取料1_Z轴4_Axis_Pos,取料1_Z轴4_Axis_Pos_27,27054,取料1_Z轴4_Axis_Pos_27,Pickup 1_Z Axis 4_Axis_Pos_27,L?y v?t li?u 1_Tr?c Z 4_Tr?c_V? trí_27
PLC/取料1_Z轴4_Axis_Pos,取料1_Z轴4_Axis_Pos_28,27056,取料1_Z轴4_Axis_Pos_28,Pickup 1_Z Axis 4_Axis_Pos_28,L?y v?t li?u 1_Tr?c Z 4_Tr?c_V? trí_28
PLC/取料1_Z轴4_Axis_Pos,取料1_Z轴4_Axis_Pos_29,27058,取料1_Z轴4_Axis_Pos_29,Pickup 1_Z Axis 4_Axis_Pos_29,L?y v?t li?u 1_Tr?c Z 4_Tr?c_V? trí_29
PLC/取料1_Z轴4_Axis_Pos,取料1_Z轴4_Axis_Pos_30,27060,取料1_Z轴4_Axis_Pos_30,Pickup 1_Z Axis 4_Axis_Pos_30,L?y v?t li?u 1_Tr?c Z 4_Tr?c_V? trí_30
PLC/取料1_Z轴4_Axis_Pos,取料1_Z轴4_Axis_Pos_31,27062,取料1_Z轴4_Axis_Pos_31,Pickup 1_Z Axis 4_Axis_Pos_31,L?y v?t li?u 1_Tr?c Z 4_Tr?c_V? trí_31
PLC/取料1_Z轴4_Axis_Pos,取料1_Z轴4_Axis_Pos_32,27064,取料1_Z轴4_Axis_Pos_32,Pickup 1_Z Axis 4_Axis_Pos_32,L?y v?t li?u 1_Tr?c Z 4_Tr?c_V? trí_32
PLC/取料1_Z轴4_Axis_Pos,取料1_Z轴4_Axis_Pos_33,27066,取料1_Z轴4_Axis_Pos_33,Pickup 1_Z Axis 4_Axis_Pos_33,L?y v?t li?u 1_Tr?c Z 4_Tr?c_V? trí_33
PLC/取料1_Z轴4_Axis_Pos,取料1_Z轴4_Axis_Pos_34,27068,取料1_Z轴4_Axis_Pos_34,Pickup 1_Z Axis 4_Axis_Pos_34,L?y v?t li?u 1_Tr?c Z 4_Tr?c_V? trí_34
PLC/取料1_Z轴4_Axis_Pos,取料1_Z轴4_Axis_Pos_35,27070,取料1_Z轴4_Axis_Pos_35,Pickup 1_Z Axis 4_Axis_Pos_35,L?y v?t li?u 1_Tr?c Z 4_Tr?c_V? trí_35
PLC/取料1_Z轴4_Axis_Pos,取料1_Z轴4_Axis_Pos_36,27072,取料1_Z轴4_Axis_Pos_36,Pickup 1_Z Axis 4_Axis_Pos_36,L?y v?t li?u 1_Tr?c Z 4_Tr?c_V? trí_36
PLC/取料1_Z轴4_Axis_Pos,取料1_Z轴4_Axis_Pos_37,27074,取料1_Z轴4_Axis_Pos_37,Pickup 1_Z Axis 4_Axis_Pos_37,L?y v?t li?u 1_Tr?c Z 4_Tr?c_V? trí_37
PLC/取料1_Z轴4_Axis_Pos,取料1_Z轴4_Axis_Pos_38,27076,取料1_Z轴4_Axis_Pos_38,Pickup 1_Z Axis 4_Axis_Pos_38,L?y v?t li?u 1_Tr?c Z 4_Tr?c_V? trí_38
PLC/取料1_Z轴4_Axis_Pos,取料1_Z轴4_Axis_Pos_39,27078,取料1_Z轴4_Axis_Pos_39,Pickup 1_Z Axis 4_Axis_Pos_39,L?y v?t li?u 1_Tr?c Z 4_Tr?c_V? trí_39
PLC/取料1_Z轴4_Axis_Pos,取料1_Z轴4_Axis_Pos_40,27080,取料1_Z轴4_Axis_Pos_40,Pickup 1_Z Axis 4_Axis_Pos_40,L?y v?t li?u 1_Tr?c Z 4_Tr?c_V? trí_40
PLC/取料1_Z轴4_Axis_Pos,取料1_Z轴4_Axis_Pos_41,27082,取料1_Z轴4_Axis_Pos_41,Pickup 1_Z Axis 4_Axis_Pos_41,L?y v?t li?u 1_Tr?c Z 4_Tr?c_V? trí_41
PLC/取料1_Z轴4_Axis_Pos,取料1_Z轴4_Axis_Pos_42,27084,取料1_Z轴4_Axis_Pos_42,Pickup 1_Z Axis 4_Axis_Pos_42,L?y v?t li?u 1_Tr?c Z 4_Tr?c_V? trí_42
PLC/取料1_Z轴4_Axis_Pos,取料1_Z轴4_Axis_Pos_43,27086,取料1_Z轴4_Axis_Pos_43,Pickup 1_Z Axis 4_Axis_Pos_43,L?y v?t li?u 1_Tr?c Z 4_Tr?c_V? trí_43
PLC/取料1_Z轴4_Axis_Pos,取料1_Z轴4_Axis_Pos_44,27088,取料1_Z轴4_Axis_Pos_44,Pickup 1_Z Axis 4_Axis_Pos_44,L?y v?t li?u 1_Tr?c Z 4_Tr?c_V? trí_44
PLC/取料1_Z轴4_Axis_Pos,取料1_Z轴4_Axis_Pos_45,27090,取料1_Z轴4_Axis_Pos_45,Pickup 1_Z Axis 4_Axis_Pos_45,L?y v?t li?u 1_Tr?c Z 4_Tr?c_V? trí_45
PLC/取料1_Z轴4_Axis_Pos,取料1_Z轴4_Axis_Pos_46,27092,取料1_Z轴4_Axis_Pos_46,Pickup 1_Z Axis 4_Axis_Pos_46,L?y v?t li?u 1_Tr?c Z 4_Tr?c_V? trí_46
PLC/取料1_Z轴4_Axis_Pos,取料1_Z轴4_Axis_Pos_47,27094,取料1_Z轴4_Axis_Pos_47,Pickup 1_Z Axis 4_Axis_Pos_47,L?y v?t li?u 1_Tr?c Z 4_Tr?c_V? trí_47

PLC/取料1_Z轴4_Axis_Vel,取料1_Z轴4_Axis_Vel_0,27100,取料1_Z轴4_Axis_Vel_0,Pickup 1_Z Axis 4_Axis_Vel_0,L?y v?t li?u 1_Tr?c Z 4_Tr?c_V?n t?c_0
PLC/取料1_Z轴4_Axis_Vel,取料1_Z轴4_Axis_Vel_1,27102,取料1_Z轴4_Axis_Vel_1,Pickup 1_Z Axis 4_Axis_Vel_1,L?y v?t li?u 1_Tr?c Z 4_Tr?c_V?n t?c_1
PLC/取料1_Z轴4_Axis_Vel,取料1_Z轴4_Axis_Vel_2,27104,取料1_Z轴4_Axis_Vel_2,Pickup 1_Z Axis 4_Axis_Vel_2,L?y v?t li?u 1_Tr?c Z 4_Tr?c_V?n t?c_2
PLC/取料1_Z轴4_Axis_Vel,取料1_Z轴4_Axis_Vel_3,27106,取料1_Z轴4_Axis_Vel_3,Pickup 1_Z Axis 4_Axis_Vel_3,L?y v?t li?u 1_Tr?c Z 4_Tr?c_V?n t?c_3
PLC/取料1_Z轴4_Axis_Vel,取料1_Z轴4_Axis_Vel_4,27108,取料1_Z轴4_Axis_Vel_4,Pickup 1_Z Axis 4_Axis_Vel_4,L?y v?t li?u 1_Tr?c Z 4_Tr?c_V?n t?c_4
PLC/取料1_Z轴4_Axis_Vel,取料1_Z轴4_Axis_Vel_5,27110,取料1_Z轴4_Axis_Vel_5,Pickup 1_Z Axis 4_Axis_Vel_5,L?y v?t li?u 1_Tr?c Z 4_Tr?c_V?n t?c_5
PLC/取料1_Z轴4_Axis_Vel,取料1_Z轴4_Axis_Vel_6,27112,取料1_Z轴4_Axis_Vel_6,Pickup 1_Z Axis 4_Axis_Vel_6,L?y v?t li?u 1_Tr?c Z 4_Tr?c_V?n t?c_6
PLC/取料1_Z轴4_Axis_Vel,取料1_Z轴4_Axis_Vel_7,27114,取料1_Z轴4_Axis_Vel_7,Pickup 1_Z Axis 4_Axis_Vel_7,L?y v?t li?u 1_Tr?c Z 4_Tr?c_V?n t?c_7
PLC/取料1_Z轴4_Axis_Vel,取料1_Z轴4_Axis_Vel_8,27116,取料1_Z轴4_Axis_Vel_8,Pickup 1_Z Axis 4_Axis_Vel_8,L?y v?t li?u 1_Tr?c Z 4_Tr?c_V?n t?c_8
PLC/取料1_Z轴4_Axis_Vel,取料1_Z轴4_Axis_Vel_9,27118,取料1_Z轴4_Axis_Vel_9,Pickup 1_Z Axis 4_Axis_Vel_9,L?y v?t li?u 1_Tr?c Z 4_Tr?c_V?n t?c_9
PLC/取料1_Z轴4_Axis_Vel,取料1_Z轴4_Axis_Vel_10,27120,取料1_Z轴4_Axis_Vel_10,Pickup 1_Z Axis 4_Axis_Vel_10,L?y v?t li?u 1_Tr?c Z 4_Tr?c_V?n t?c_10
PLC/取料1_Z轴4_Axis_Vel,取料1_Z轴4_Axis_Vel_11,27122,取料1_Z轴4_Axis_Vel_11,Pickup 1_Z Axis 4_Axis_Vel_11,L?y v?t li?u 1_Tr?c Z 4_Tr?c_V?n t?c_11
PLC/取料1_Z轴4_Axis_Vel,取料1_Z轴4_Axis_Vel_12,27124,取料1_Z轴4_Axis_Vel_12,Pickup 1_Z Axis 4_Axis_Vel_12,L?y v?t li?u 1_Tr?c Z 4_Tr?c_V?n t?c_12
PLC/取料1_Z轴4_Axis_Vel,取料1_Z轴4_Axis_Vel_13,27126,取料1_Z轴4_Axis_Vel_13,Pickup 1_Z Axis 4_Axis_Vel_13,L?y v?t li?u 1_Tr?c Z 4_Tr?c_V?n t?c_13
PLC/取料1_Z轴4_Axis_Vel,取料1_Z轴4_Axis_Vel_14,27128,取料1_Z轴4_Axis_Vel_14,Pickup 1_Z Axis 4_Axis_Vel_14,L?y v?t li?u 1_Tr?c Z 4_Tr?c_V?n t?c_14
PLC/取料1_Z轴4_Axis_Vel,取料1_Z轴4_Axis_Vel_15,27130,取料1_Z轴4_Axis_Vel_15,Pickup 1_Z Axis 4_Axis_Vel_15,L?y v?t li?u 1_Tr?c Z 4_Tr?c_V?n t?c_15
PLC/取料1_Z轴4_Axis_Vel,取料1_Z轴4_Axis_Vel_16,27132,取料1_Z轴4_Axis_Vel_16,Pickup 1_Z Axis 4_Axis_Vel_16,L?y v?t li?u 1_Tr?c Z 4_Tr?c_V?n t?c_16
PLC/取料1_Z轴4_Axis_Vel,取料1_Z轴4_Axis_Vel_17,27134,取料1_Z轴4_Axis_Vel_17,Pickup 1_Z Axis 4_Axis_Vel_17,L?y v?t li?u 1_Tr?c Z 4_Tr?c_V?n t?c_17
PLC/取料1_Z轴4_Axis_Vel,取料1_Z轴4_Axis_Vel_18,27136,取料1_Z轴4_Axis_Vel_18,Pickup 1_Z Axis 4_Axis_Vel_18,L?y v?t li?u 1_Tr?c Z 4_Tr?c_V?n t?c_18
PLC/取料1_Z轴4_Axis_Vel,取料1_Z轴4_Axis_Vel_19,27138,取料1_Z轴4_Axis_Vel_19,Pickup 1_Z Axis 4_Axis_Vel_19,L?y v?t li?u 1_Tr?c Z 4_Tr?c_V?n t?c_19
PLC/取料1_Z轴4_Axis_Vel,取料1_Z轴4_Axis_Vel_20,27140,取料1_Z轴4_Axis_Vel_20,Pickup 1_Z Axis 4_Axis_Vel_20,L?y v?t li?u 1_Tr?c Z 4_Tr?c_V?n t?c_20
PLC/取料1_Z轴4_Axis_Vel,取料1_Z轴4_Axis_Vel_21,27142,取料1_Z轴4_Axis_Vel_21,Pickup 1_Z Axis 4_Axis_Vel_21,L?y v?t li?u 1_Tr?c Z 4_Tr?c_V?n t?c_21
PLC/取料1_Z轴4_Axis_Vel,取料1_Z轴4_Axis_Vel_22,27144,取料1_Z轴4_Axis_Vel_22,Pickup 1_Z Axis 4_Axis_Vel_22,L?y v?t li?u 1_Tr?c Z 4_Tr?c_V?n t?c_22
PLC/取料1_Z轴4_Axis_Vel,取料1_Z轴4_Axis_Vel_23,27146,取料1_Z轴4_Axis_Vel_23,Pickup 1_Z Axis 4_Axis_Vel_23,L?y v?t li?u 1_Tr?c Z 4_Tr?c_V?n t?c_23
PLC/取料1_Z轴4_Axis_Vel,取料1_Z轴4_Axis_Vel_24,27148,取料1_Z轴4_Axis_Vel_24,Pickup 1_Z Axis 4_Axis_Vel_24,L?y v?t li?u 1_Tr?c Z 4_Tr?c_V?n t?c_24
PLC/取料1_Z轴4_Axis_Vel,取料1_Z轴4_Axis_Vel_25,27150,取料1_Z轴4_Axis_Vel_25,Pickup 1_Z Axis 4_Axis_Vel_25,L?y v?t li?u 1_Tr?c Z 4_Tr?c_V?n t?c_25
PLC/取料1_Z轴4_Axis_Vel,取料1_Z轴4_Axis_Vel_26,27152,取料1_Z轴4_Axis_Vel_26,Pickup 1_Z Axis 4_Axis_Vel_26,L?y v?t li?u 1_Tr?c Z 4_Tr?c_V?n t?c_26
PLC/取料1_Z轴4_Axis_Vel,取料1_Z轴4_Axis_Vel_27,27154,取料1_Z轴4_Axis_Vel_27,Pickup 1_Z Axis 4_Axis_Vel_27,L?y v?t li?u 1_Tr?c Z 4_Tr?c_V?n t?c_27
PLC/取料1_Z轴4_Axis_Vel,取料1_Z轴4_Axis_Vel_28,27156,取料1_Z轴4_Axis_Vel_28,Pickup 1_Z Axis 4_Axis_Vel_28,L?y v?t li?u 1_Tr?c Z 4_Tr?c_V?n t?c_28
PLC/取料1_Z轴4_Axis_Vel,取料1_Z轴4_Axis_Vel_29,27158,取料1_Z轴4_Axis_Vel_29,Pickup 1_Z Axis 4_Axis_Vel_29,L?y v?t li?u 1_Tr?c Z 4_Tr?c_V?n t?c_29
PLC/取料1_Z轴4_Axis_Vel,取料1_Z轴4_Axis_Vel_30,27160,取料1_Z轴4_Axis_Vel_30,Pickup 1_Z Axis 4_Axis_Vel_30,L?y v?t li?u 1_Tr?c Z 4_Tr?c_V?n t?c_30
PLC/取料1_Z轴4_Axis_Vel,取料1_Z轴4_Axis_Vel_31,27162,取料1_Z轴4_Axis_Vel_31,Pickup 1_Z Axis 4_Axis_Vel_31,L?y v?t li?u 1_Tr?c Z 4_Tr?c_V?n t?c_31
PLC/取料1_Z轴4_Axis_Vel,取料1_Z轴4_Axis_Vel_32,27164,取料1_Z轴4_Axis_Vel_32,Pickup 1_Z Axis 4_Axis_Vel_32,L?y v?t li?u 1_Tr?c Z 4_Tr?c_V?n t?c_32
PLC/取料1_Z轴4_Axis_Vel,取料1_Z轴4_Axis_Vel_33,27166,取料1_Z轴4_Axis_Vel_33,Pickup 1_Z Axis 4_Axis_Vel_33,L?y v?t li?u 1_Tr?c Z 4_Tr?c_V?n t?c_33
PLC/取料1_Z轴4_Axis_Vel,取料1_Z轴4_Axis_Vel_34,27168,取料1_Z轴4_Axis_Vel_34,Pickup 1_Z Axis 4_Axis_Vel_34,L?y v?t li?u 1_Tr?c Z 4_Tr?c_V?n t?c_34
PLC/取料1_Z轴4_Axis_Vel,取料1_Z轴4_Axis_Vel_35,27170,取料1_Z轴4_Axis_Vel_35,Pickup 1_Z Axis 4_Axis_Vel_35,L?y v?t li?u 1_Tr?c Z 4_Tr?c_V?n t?c_35
PLC/取料1_Z轴4_Axis_Vel,取料1_Z轴4_Axis_Vel_36,27172,取料1_Z轴4_Axis_Vel_36,Pickup 1_Z Axis 4_Axis_Vel_36,L?y v?t li?u 1_Tr?c Z 4_Tr?c_V?n t?c_36
PLC/取料1_Z轴4_Axis_Vel,取料1_Z轴4_Axis_Vel_37,27174,取料1_Z轴4_Axis_Vel_37,Pickup 1_Z Axis 4_Axis_Vel_37,L?y v?t li?u 1_Tr?c Z 4_Tr?c_V?n t?c_37
PLC/取料1_Z轴4_Axis_Vel,取料1_Z轴4_Axis_Vel_38,27176,取料1_Z轴4_Axis_Vel_38,Pickup 1_Z Axis 4_Axis_Vel_38,L?y v?t li?u 1_Tr?c Z 4_Tr?c_V?n t?c_38
PLC/取料1_Z轴4_Axis_Vel,取料1_Z轴4_Axis_Vel_39,27178,取料1_Z轴4_Axis_Vel_39,Pickup 1_Z Axis 4_Axis_Vel_39,L?y v?t li?u 1_Tr?c Z 4_Tr?c_V?n t?c_39
PLC/取料1_Z轴4_Axis_Vel,取料1_Z轴4_Axis_Vel_40,27180,取料1_Z轴4_Axis_Vel_40,Pickup 1_Z Axis 4_Axis_Vel_40,L?y v?t li?u 1_Tr?c Z 4_Tr?c_V?n t?c_40
PLC/取料1_Z轴4_Axis_Vel,取料1_Z轴4_Axis_Vel_41,27182,取料1_Z轴4_Axis_Vel_41,Pickup 1_Z Axis 4_Axis_Vel_41,L?y v?t li?u 1_Tr?c Z 4_Tr?c_V?n t?c_41
PLC/取料1_Z轴4_Axis_Vel,取料1_Z轴4_Axis_Vel_42,27184,取料1_Z轴4_Axis_Vel_42,Pickup 1_Z Axis 4_Axis_Vel_42,L?y v?t li?u 1_Tr?c Z 4_Tr?c_V?n t?c_42
PLC/取料1_Z轴4_Axis_Vel,取料1_Z轴4_Axis_Vel_43,27186,取料1_Z轴4_Axis_Vel_43,Pickup 1_Z Axis 4_Axis_Vel_43,L?y v?t li?u 1_Tr?c Z 4_Tr?c_V?n t?c_43
PLC/取料1_Z轴4_Axis_Vel,取料1_Z轴4_Axis_Vel_44,27188,取料1_Z轴4_Axis_Vel_44,Pickup 1_Z Axis 4_Axis_Vel_44,L?y v?t li?u 1_Tr?c Z 4_Tr?c_V?n t?c_44
PLC/取料1_Z轴4_Axis_Vel,取料1_Z轴4_Axis_Vel_45,27190,取料1_Z轴4_Axis_Vel_45,Pickup 1_Z Axis 4_Axis_Vel_45,L?y v?t li?u 1_Tr?c Z 4_Tr?c_V?n t?c_45
PLC/取料1_Z轴4_Axis_Vel,取料1_Z轴4_Axis_Vel_46,27192,取料1_Z轴4_Axis_Vel_46,Pickup 1_Z Axis 4_Axis_Vel_46,L?y v?t li?u 1_Tr?c Z 4_Tr?c_V?n t?c_46
PLC/取料1_Z轴4_Axis_Vel,取料1_Z轴4_Axis_Vel_47,27194,取料1_Z轴4_Axis_Vel_47,Pickup 1_Z Axis 4_Axis_Vel_47,L?y v?t li?u 1_Tr?c Z 4_Tr?c_V?n t?c_47

PLC/取料1_R轴4_Axis_Pos,取料1_R轴4_Axis_Pos_0,27200,取料1_R轴4_Axis_Pos_0,Pickup 1_R Axis 4_Axis_Pos_0,L?y v?t li?u 1_Tr?c R 4_Tr?c_V? trí_0
PLC/取料1_R轴4_Axis_Pos,取料1_R轴4_Axis_Pos_1,27202,取料1_R轴4_Axis_Pos_1,Pickup 1_R Axis 4_Axis_Pos_1,L?y v?t li?u 1_Tr?c R 4_Tr?c_V? trí_1
PLC/取料1_R轴4_Axis_Pos,取料1_R轴4_Axis_Pos_2,27204,取料1_R轴4_Axis_Pos_2,Pickup 1_R Axis 4_Axis_Pos_2,L?y v?t li?u 1_Tr?c R 4_Tr?c_V? trí_2
PLC/取料1_R轴4_Axis_Pos,取料1_R轴4_Axis_Pos_3,27206,取料1_R轴4_Axis_Pos_3,Pickup 1_R Axis 4_Axis_Pos_3,L?y v?t li?u 1_Tr?c R 4_Tr?c_V? trí_3
PLC/取料1_R轴4_Axis_Pos,取料1_R轴4_Axis_Pos_4,27208,取料1_R轴4_Axis_Pos_4,Pickup 1_R Axis 4_Axis_Pos_4,L?y v?t li?u 1_Tr?c R 4_Tr?c_V? trí_4
PLC/取料1_R轴4_Axis_Pos,取料1_R轴4_Axis_Pos_5,27210,取料1_R轴4_Axis_Pos_5,Pickup 1_R Axis 4_Axis_Pos_5,L?y v?t li?u 1_Tr?c R 4_Tr?c_V? trí_5
PLC/取料1_R轴4_Axis_Pos,取料1_R轴4_Axis_Pos_6,27212,取料1_R轴4_Axis_Pos_6,Pickup 1_R Axis 4_Axis_Pos_6,L?y v?t li?u 1_Tr?c R 4_Tr?c_V? trí_6
PLC/取料1_R轴4_Axis_Pos,取料1_R轴4_Axis_Pos_7,27214,取料1_R轴4_Axis_Pos_7,Pickup 1_R Axis 4_Axis_Pos_7,L?y v?t li?u 1_Tr?c R 4_Tr?c_V? trí_7
PLC/取料1_R轴4_Axis_Pos,取料1_R轴4_Axis_Pos_8,27216,取料1_R轴4_Axis_Pos_8,Pickup 1_R Axis 4_Axis_Pos_8,L?y v?t li?u 1_Tr?c R 4_Tr?c_V? trí_8
PLC/取料1_R轴4_Axis_Pos,取料1_R轴4_Axis_Pos_9,27218,取料1_R轴4_Axis_Pos_9,Pickup 1_R Axis 4_Axis_Pos_9,L?y v?t li?u 1_Tr?c R 4_Tr?c_V? trí_9
PLC/取料1_R轴4_Axis_Pos,取料1_R轴4_Axis_Pos_10,27220,取料1_R轴4_Axis_Pos_10,Pickup 1_R Axis 4_Axis_Pos_10,L?y v?t li?u 1_Tr?c R 4_Tr?c_V? trí_10
PLC/取料1_R轴4_Axis_Pos,取料1_R轴4_Axis_Pos_11,27222,取料1_R轴4_Axis_Pos_11,Pickup 1_R Axis 4_Axis_Pos_11,L?y v?t li?u 1_Tr?c R 4_Tr?c_V? trí_11
PLC/取料1_R轴4_Axis_Pos,取料1_R轴4_Axis_Pos_12,27224,取料1_R轴4_Axis_Pos_12,Pickup 1_R Axis 4_Axis_Pos_12,L?y v?t li?u 1_Tr?c R 4_Tr?c_V? trí_12
PLC/取料1_R轴4_Axis_Pos,取料1_R轴4_Axis_Pos_13,27226,取料1_R轴4_Axis_Pos_13,Pickup 1_R Axis 4_Axis_Pos_13,L?y v?t li?u 1_Tr?c R 4_Tr?c_V? trí_13
PLC/取料1_R轴4_Axis_Pos,取料1_R轴4_Axis_Pos_14,27228,取料1_R轴4_Axis_Pos_14,Pickup 1_R Axis 4_Axis_Pos_14,L?y v?t li?u 1_Tr?c R 4_Tr?c_V? trí_14
PLC/取料1_R轴4_Axis_Pos,取料1_R轴4_Axis_Pos_15,27230,取料1_R轴4_Axis_Pos_15,Pickup 1_R Axis 4_Axis_Pos_15,L?y v?t li?u 1_Tr?c R 4_Tr?c_V? trí_15
PLC/取料1_R轴4_Axis_Pos,取料1_R轴4_Axis_Pos_16,27232,取料1_R轴4_Axis_Pos_16,Pickup 1_R Axis 4_Axis_Pos_16,L?y v?t li?u 1_Tr?c R 4_Tr?c_V? trí_16
PLC/取料1_R轴4_Axis_Pos,取料1_R轴4_Axis_Pos_17,27234,取料1_R轴4_Axis_Pos_17,Pickup 1_R Axis 4_Axis_Pos_17,L?y v?t li?u 1_Tr?c R 4_Tr?c_V? trí_17
PLC/取料1_R轴4_Axis_Pos,取料1_R轴4_Axis_Pos_18,27236,取料1_R轴4_Axis_Pos_18,Pickup 1_R Axis 4_Axis_Pos_18,L?y v?t li?u 1_Tr?c R 4_Tr?c_V? trí_18
PLC/取料1_R轴4_Axis_Pos,取料1_R轴4_Axis_Pos_19,27238,取料1_R轴4_Axis_Pos_19,Pickup 1_R Axis 4_Axis_Pos_19,L?y v?t li?u 1_Tr?c R 4_Tr?c_V? trí_19
PLC/取料1_R轴4_Axis_Pos,取料1_R轴4_Axis_Pos_20,27240,取料1_R轴4_Axis_Pos_20,Pickup 1_R Axis 4_Axis_Pos_20,L?y v?t li?u 1_Tr?c R 4_Tr?c_V? trí_20
PLC/取料1_R轴4_Axis_Pos,取料1_R轴4_Axis_Pos_21,27242,取料1_R轴4_Axis_Pos_21,Pickup 1_R Axis 4_Axis_Pos_21,L?y v?t li?u 1_Tr?c R 4_Tr?c_V? trí_21
PLC/取料1_R轴4_Axis_Pos,取料1_R轴4_Axis_Pos_22,27244,取料1_R轴4_Axis_Pos_22,Pickup 1_R Axis 4_Axis_Pos_22,L?y v?t li?u 1_Tr?c R 4_Tr?c_V? trí_22
PLC/取料1_R轴4_Axis_Pos,取料1_R轴4_Axis_Pos_23,27246,取料1_R轴4_Axis_Pos_23,Pickup 1_R Axis 4_Axis_Pos_23,L?y v?t li?u 1_Tr?c R 4_Tr?c_V? trí_23
PLC/取料1_R轴4_Axis_Pos,取料1_R轴4_Axis_Pos_24,27248,取料1_R轴4_Axis_Pos_24,Pickup 1_R Axis 4_Axis_Pos_24,L?y v?t li?u 1_Tr?c R 4_Tr?c_V? trí_24
PLC/取料1_R轴4_Axis_Pos,取料1_R轴4_Axis_Pos_25,27250,取料1_R轴4_Axis_Pos_25,Pickup 1_R Axis 4_Axis_Pos_25,L?y v?t li?u 1_Tr?c R 4_Tr?c_V? trí_25
PLC/取料1_R轴4_Axis_Pos,取料1_R轴4_Axis_Pos_26,27252,取料1_R轴4_Axis_Pos_26,Pickup 1_R Axis 4_Axis_Pos_26,L?y v?t li?u 1_Tr?c R 4_Tr?c_V? trí_26
PLC/取料1_R轴4_Axis_Pos,取料1_R轴4_Axis_Pos_27,27254,取料1_R轴4_Axis_Pos_27,Pickup 1_R Axis 4_Axis_Pos_27,L?y v?t li?u 1_Tr?c R 4_Tr?c_V? trí_27
PLC/取料1_R轴4_Axis_Pos,取料1_R轴4_Axis_Pos_28,27256,取料1_R轴4_Axis_Pos_28,Pickup 1_R Axis 4_Axis_Pos_28,L?y v?t li?u 1_Tr?c R 4_Tr?c_V? trí_28
PLC/取料1_R轴4_Axis_Pos,取料1_R轴4_Axis_Pos_29,27258,取料1_R轴4_Axis_Pos_29,Pickup 1_R Axis 4_Axis_Pos_29,L?y v?t li?u 1_Tr?c R 4_Tr?c_V? trí_29
PLC/取料1_R轴4_Axis_Pos,取料1_R轴4_Axis_Pos_30,27260,取料1_R轴4_Axis_Pos_30,Pickup 1_R Axis 4_Axis_Pos_30,L?y v?t li?u 1_Tr?c R 4_Tr?c_V? trí_30
PLC/取料1_R轴4_Axis_Pos,取料1_R轴4_Axis_Pos_31,27262,取料1_R轴4_Axis_Pos_31,Pickup 1_R Axis 4_Axis_Pos_31,L?y v?t li?u 1_Tr?c R 4_Tr?c_V? trí_31
PLC/取料1_R轴4_Axis_Pos,取料1_R轴4_Axis_Pos_32,27264,取料1_R轴4_Axis_Pos_32,Pickup 1_R Axis 4_Axis_Pos_32,L?y v?t li?u 1_Tr?c R 4_Tr?c_V? trí_32
PLC/取料1_R轴4_Axis_Pos,取料1_R轴4_Axis_Pos_33,27266,取料1_R轴4_Axis_Pos_33,Pickup 1_R Axis 4_Axis_Pos_33,L?y v?t li?u 1_Tr?c R 4_Tr?c_V? trí_33
PLC/取料1_R轴4_Axis_Pos,取料1_R轴4_Axis_Pos_34,27268,取料1_R轴4_Axis_Pos_34,Pickup 1_R Axis 4_Axis_Pos_34,L?y v?t li?u 1_Tr?c R 4_Tr?c_V? trí_34
PLC/取料1_R轴4_Axis_Pos,取料1_R轴4_Axis_Pos_35,27270,取料1_R轴4_Axis_Pos_35,Pickup 1_R Axis 4_Axis_Pos_35,L?y v?t li?u 1_Tr?c R 4_Tr?c_V? trí_35
PLC/取料1_R轴4_Axis_Pos,取料1_R轴4_Axis_Pos_36,27272,取料1_R轴4_Axis_Pos_36,Pickup 1_R Axis 4_Axis_Pos_36,L?y v?t li?u 1_Tr?c R 4_Tr?c_V? trí_36
PLC/取料1_R轴4_Axis_Pos,取料1_R轴4_Axis_Pos_37,27274,取料1_R轴4_Axis_Pos_37,Pickup 1_R Axis 4_Axis_Pos_37,L?y v?t li?u 1_Tr?c R 4_Tr?c_V? trí_37
PLC/取料1_R轴4_Axis_Pos,取料1_R轴4_Axis_Pos_38,27276,取料1_R轴4_Axis_Pos_38,Pickup 1_R Axis 4_Axis_Pos_38,L?y v?t li?u 1_Tr?c R 4_Tr?c_V? trí_38
PLC/取料1_R轴4_Axis_Pos,取料1_R轴4_Axis_Pos_39,27278,取料1_R轴4_Axis_Pos_39,Pickup 1_R Axis 4_Axis_Pos_39,L?y v?t li?u 1_Tr?c R 4_Tr?c_V? trí_39
PLC/取料1_R轴4_Axis_Pos,取料1_R轴4_Axis_Pos_40,27280,取料1_R轴4_Axis_Pos_40,Pickup 1_R Axis 4_Axis_Pos_40,L?y v?t li?u 1_Tr?c R 4_Tr?c_V? trí_40
PLC/取料1_R轴4_Axis_Pos,取料1_R轴4_Axis_Pos_41,27282,取料1_R轴4_Axis_Pos_41,Pickup 1_R Axis 4_Axis_Pos_41,L?y v?t li?u 1_Tr?c R 4_Tr?c_V? trí_41
PLC/取料1_R轴4_Axis_Pos,取料1_R轴4_Axis_Pos_42,27284,取料1_R轴4_Axis_Pos_42,Pickup 1_R Axis 4_Axis_Pos_42,L?y v?t li?u 1_Tr?c R 4_Tr?c_V? trí_42
PLC/取料1_R轴4_Axis_Pos,取料1_R轴4_Axis_Pos_43,27286,取料1_R轴4_Axis_Pos_43,Pickup 1_R Axis 4_Axis_Pos_43,L?y v?t li?u 1_Tr?c R 4_Tr?c_V? trí_43
PLC/取料1_R轴4_Axis_Pos,取料1_R轴4_Axis_Pos_44,27288,取料1_R轴4_Axis_Pos_44,Pickup 1_R Axis 4_Axis_Pos_44,L?y v?t li?u 1_Tr?c R 4_Tr?c_V? trí_44
PLC/取料1_R轴4_Axis_Pos,取料1_R轴4_Axis_Pos_45,27290,取料1_R轴4_Axis_Pos_45,Pickup 1_R Axis 4_Axis_Pos_45,L?y v?t li?u 1_Tr?c R 4_Tr?c_V? trí_45
PLC/取料1_R轴4_Axis_Pos,取料1_R轴4_Axis_Pos_46,27292,取料1_R轴4_Axis_Pos_46,Pickup 1_R Axis 4_Axis_Pos_46,L?y v?t li?u 1_Tr?c R 4_Tr?c_V? trí_46
PLC/取料1_R轴4_Axis_Pos,取料1_R轴4_Axis_Pos_47,27294,取料1_R轴4_Axis_Pos_47,Pickup 1_R Axis 4_Axis_Pos_47,L?y v?t li?u 1_Tr?c R 4_Tr?c_V? trí_47


PLC/取料1_R轴4_Axis_Vel,取料1_R轴4_Axis_Vel_0,27300,取料1_R轴4_Axis_Vel_0,Pickup 1_R Axis 4_Axis_Vel_0,L?y v?t li?u 1_Tr?c R 4_Tr?c_V?n t?c_0
PLC/取料1_R轴4_Axis_Vel,取料1_R轴4_Axis_Vel_1,27302,取料1_R轴4_Axis_Vel_1,Pickup 1_R Axis 4_Axis_Vel_1,L?y v?t li?u 1_Tr?c R 4_Tr?c_V?n t?c_1
PLC/取料1_R轴4_Axis_Vel,取料1_R轴4_Axis_Vel_2,27304,取料1_R轴4_Axis_Vel_2,Pickup 1_R Axis 4_Axis_Vel_2,L?y v?t li?u 1_Tr?c R 4_Tr?c_V?n t?c_2
PLC/取料1_R轴4_Axis_Vel,取料1_R轴4_Axis_Vel_3,27306,取料1_R轴4_Axis_Vel_3,Pickup 1_R Axis 4_Axis_Vel_3,L?y v?t li?u 1_Tr?c R 4_Tr?c_V?n t?c_3
PLC/取料1_R轴4_Axis_Vel,取料1_R轴4_Axis_Vel_4,27308,取料1_R轴4_Axis_Vel_4,Pickup 1_R Axis 4_Axis_Vel_4,L?y v?t li?u 1_Tr?c R 4_Tr?c_V?n t?c_4
PLC/取料1_R轴4_Axis_Vel,取料1_R轴4_Axis_Vel_5,27310,取料1_R轴4_Axis_Vel_5,Pickup 1_R Axis 4_Axis_Vel_5,L?y v?t li?u 1_Tr?c R 4_Tr?c_V?n t?c_5
PLC/取料1_R轴4_Axis_Vel,取料1_R轴4_Axis_Vel_6,27312,取料1_R轴4_Axis_Vel_6,Pickup 1_R Axis 4_Axis_Vel_6,L?y v?t li?u 1_Tr?c R 4_Tr?c_V?n t?c_6
PLC/取料1_R轴4_Axis_Vel,取料1_R轴4_Axis_Vel_7,27314,取料1_R轴4_Axis_Vel_7,Pickup 1_R Axis 4_Axis_Vel_7,L?y v?t li?u 1_Tr?c R 4_Tr?c_V?n t?c_7
PLC/取料1_R轴4_Axis_Vel,取料1_R轴4_Axis_Vel_8,27316,取料1_R轴4_Axis_Vel_8,Pickup 1_R Axis 4_Axis_Vel_8,L?y v?t li?u 1_Tr?c R 4_Tr?c_V?n t?c_8
PLC/取料1_R轴4_Axis_Vel,取料1_R轴4_Axis_Vel_9,27318,取料1_R轴4_Axis_Vel_9,Pickup 1_R Axis 4_Axis_Vel_9,L?y v?t li?u 1_Tr?c R 4_Tr?c_V?n t?c_9
PLC/取料1_R轴4_Axis_Vel,取料1_R轴4_Axis_Vel_10,27320,取料1_R轴4_Axis_Vel_10,Pickup 1_R Axis 4_Axis_Vel_10,L?y v?t li?u 1_Tr?c R 4_Tr?c_V?n t?c_10
PLC/取料1_R轴4_Axis_Vel,取料1_R轴4_Axis_Vel_11,27322,取料1_R轴4_Axis_Vel_11,Pickup 1_R Axis 4_Axis_Vel_11,L?y v?t li?u 1_Tr?c R 4_Tr?c_V?n t?c_11
PLC/取料1_R轴4_Axis_Vel,取料1_R轴4_Axis_Vel_12,27324,取料1_R轴4_Axis_Vel_12,Pickup 1_R Axis 4_Axis_Vel_12,L?y v?t li?u 1_Tr?c R 4_Tr?c_V?n t?c_12
PLC/取料1_R轴4_Axis_Vel,取料1_R轴4_Axis_Vel_13,27326,取料1_R轴4_Axis_Vel_13,Pickup 1_R Axis 4_Axis_Vel_13,L?y v?t li?u 1_Tr?c R 4_Tr?c_V?n t?c_13
PLC/取料1_R轴4_Axis_Vel,取料1_R轴4_Axis_Vel_14,27328,取料1_R轴4_Axis_Vel_14,Pickup 1_R Axis 4_Axis_Vel_14,L?y v?t li?u 1_Tr?c R 4_Tr?c_V?n t?c_14
PLC/取料1_R轴4_Axis_Vel,取料1_R轴4_Axis_Vel_15,27330,取料1_R轴4_Axis_Vel_15,Pickup 1_R Axis 4_Axis_Vel_15,L?y v?t li?u 1_Tr?c R 4_Tr?c_V?n t?c_15
PLC/取料1_R轴4_Axis_Vel,取料1_R轴4_Axis_Vel_16,27332,取料1_R轴4_Axis_Vel_16,Pickup 1_R Axis 4_Axis_Vel_16,L?y v?t li?u 1_Tr?c R 4_Tr?c_V?n t?c_16
PLC/取料1_R轴4_Axis_Vel,取料1_R轴4_Axis_Vel_17,27334,取料1_R轴4_Axis_Vel_17,Pickup 1_R Axis 4_Axis_Vel_17,L?y v?t li?u 1_Tr?c R 4_Tr?c_V?n t?c_17
PLC/取料1_R轴4_Axis_Vel,取料1_R轴4_Axis_Vel_18,27336,取料1_R轴4_Axis_Vel_18,Pickup 1_R Axis 4_Axis_Vel_18,L?y v?t li?u 1_Tr?c R 4_Tr?c_V?n t?c_18
PLC/取料1_R轴4_Axis_Vel,取料1_R轴4_Axis_Vel_19,27338,取料1_R轴4_Axis_Vel_19,Pickup 1_R Axis 4_Axis_Vel_19,L?y v?t li?u 1_Tr?c R 4_Tr?c_V?n t?c_19
PLC/取料1_R轴4_Axis_Vel,取料1_R轴4_Axis_Vel_20,27340,取料1_R轴4_Axis_Vel_20,Pickup 1_R Axis 4_Axis_Vel_20,L?y v?t li?u 1_Tr?c R 4_Tr?c_V?n t?c_20
PLC/取料1_R轴4_Axis_Vel,取料1_R轴4_Axis_Vel_21,27342,取料1_R轴4_Axis_Vel_21,Pickup 1_R Axis 4_Axis_Vel_21,L?y v?t li?u 1_Tr?c R 4_Tr?c_V?n t?c_21
PLC/取料1_R轴4_Axis_Vel,取料1_R轴4_Axis_Vel_22,27344,取料1_R轴4_Axis_Vel_22,Pickup 1_R Axis 4_Axis_Vel_22,L?y v?t li?u 1_Tr?c R 4_Tr?c_V?n t?c_22
PLC/取料1_R轴4_Axis_Vel,取料1_R轴4_Axis_Vel_23,27346,取料1_R轴4_Axis_Vel_23,Pickup 1_R Axis 4_Axis_Vel_23,L?y v?t li?u 1_Tr?c R 4_Tr?c_V?n t?c_23
PLC/取料1_R轴4_Axis_Vel,取料1_R轴4_Axis_Vel_24,27348,取料1_R轴4_Axis_Vel_24,Pickup 1_R Axis 4_Axis_Vel_24,L?y v?t li?u 1_Tr?c R 4_Tr?c_V?n t?c_24
PLC/取料1_R轴4_Axis_Vel,取料1_R轴4_Axis_Vel_25,27350,取料1_R轴4_Axis_Vel_25,Pickup 1_R Axis 4_Axis_Vel_25,L?y v?t li?u 1_Tr?c R 4_Tr?c_V?n t?c_25
PLC/取料1_R轴4_Axis_Vel,取料1_R轴4_Axis_Vel_26,27352,取料1_R轴4_Axis_Vel_26,Pickup 1_R Axis 4_Axis_Vel_26,L?y v?t li?u 1_Tr?c R 4_Tr?c_V?n t?c_26
PLC/取料1_R轴4_Axis_Vel,取料1_R轴4_Axis_Vel_27,27354,取料1_R轴4_Axis_Vel_27,Pickup 1_R Axis 4_Axis_Vel_27,L?y v?t li?u 1_Tr?c R 4_Tr?c_V?n t?c_27
PLC/取料1_R轴4_Axis_Vel,取料1_R轴4_Axis_Vel_28,27356,取料1_R轴4_Axis_Vel_28,Pickup 1_R Axis 4_Axis_Vel_28,L?y v?t li?u 1_Tr?c R 4_Tr?c_V?n t?c_28
PLC/取料1_R轴4_Axis_Vel,取料1_R轴4_Axis_Vel_29,27358,取料1_R轴4_Axis_Vel_29,Pickup 1_R Axis 4_Axis_Vel_29,L?y v?t li?u 1_Tr?c R 4_Tr?c_V?n t?c_29
PLC/取料1_R轴4_Axis_Vel,取料1_R轴4_Axis_Vel_30,27360,取料1_R轴4_Axis_Vel_30,Pickup 1_R Axis 4_Axis_Vel_30,L?y v?t li?u 1_Tr?c R 4_Tr?c_V?n t?c_30
PLC/取料1_R轴4_Axis_Vel,取料1_R轴4_Axis_Vel_31,27362,取料1_R轴4_Axis_Vel_31,Pickup 1_R Axis 4_Axis_Vel_31,L?y v?t li?u 1_Tr?c R 4_Tr?c_V?n t?c_31
PLC/取料1_R轴4_Axis_Vel,取料1_R轴4_Axis_Vel_32,27364,取料1_R轴4_Axis_Vel_32,Pickup 1_R Axis 4_Axis_Vel_32,L?y v?t li?u 1_Tr?c R 4_Tr?c_V?n t?c_32
PLC/取料1_R轴4_Axis_Vel,取料1_R轴4_Axis_Vel_33,27366,取料1_R轴4_Axis_Vel_33,Pickup 1_R Axis 4_Axis_Vel_33,L?y v?t li?u 1_Tr?c R 4_Tr?c_V?n t?c_33
PLC/取料1_R轴4_Axis_Vel,取料1_R轴4_Axis_Vel_34,27368,取料1_R轴4_Axis_Vel_34,Pickup 1_R Axis 4_Axis_Vel_34,L?y v?t li?u 1_Tr?c R 4_Tr?c_V?n t?c_34
PLC/取料1_R轴4_Axis_Vel,取料1_R轴4_Axis_Vel_35,27370,取料1_R轴4_Axis_Vel_35,Pickup 1_R Axis 4_Axis_Vel_35,L?y v?t li?u 1_Tr?c R 4_Tr?c_V?n t?c_35
PLC/取料1_R轴4_Axis_Vel,取料1_R轴4_Axis_Vel_36,27372,取料1_R轴4_Axis_Vel_36,Pickup 1_R Axis 4_Axis_Vel_36,L?y v?t li?u 1_Tr?c R 4_Tr?c_V?n t?c_36
PLC/取料1_R轴4_Axis_Vel,取料1_R轴4_Axis_Vel_37,27374,取料1_R轴4_Axis_Vel_37,Pickup 1_R Axis 4_Axis_Vel_37,L?y v?t li?u 1_Tr?c R 4_Tr?c_V?n t?c_37
PLC/取料1_R轴4_Axis_Vel,取料1_R轴4_Axis_Vel_38,27376,取料1_R轴4_Axis_Vel_38,Pickup 1_R Axis 4_Axis_Vel_38,L?y v?t li?u 1_Tr?c R 4_Tr?c_V?n t?c_38
PLC/取料1_R轴4_Axis_Vel,取料1_R轴4_Axis_Vel_39,27378,取料1_R轴4_Axis_Vel_39,Pickup 1_R Axis 4_Axis_Vel_39,L?y v?t li?u 1_Tr?c R 4_Tr?c_V?n t?c_39
PLC/取料1_R轴4_Axis_Vel,取料1_R轴4_Axis_Vel_40,27380,取料1_R轴4_Axis_Vel_40,Pickup 1_R Axis 4_Axis_Vel_40,L?y v?t li?u 1_Tr?c R 4_Tr?c_V?n t?c_40
PLC/取料1_R轴4_Axis_Vel,取料1_R轴4_Axis_Vel_41,27382,取料1_R轴4_Axis_Vel_41,Pickup 1_R Axis 4_Axis_Vel_41,L?y v?t li?u 1_Tr?c R 4_Tr?c_V?n t?c_41
PLC/取料1_R轴4_Axis_Vel,取料1_R轴4_Axis_Vel_42,27384,取料1_R轴4_Axis_Vel_42,Pickup 1_R Axis 4_Axis_Vel_42,L?y v?t li?u 1_Tr?c R 4_Tr?c_V?n t?c_42
PLC/取料1_R轴4_Axis_Vel,取料1_R轴4_Axis_Vel_43,27386,取料1_R轴4_Axis_Vel_43,Pickup 1_R Axis 4_Axis_Vel_43,L?y v?t li?u 1_Tr?c R 4_Tr?c_V?n t?c_43
PLC/取料1_R轴4_Axis_Vel,取料1_R轴4_Axis_Vel_44,27388,取料1_R轴4_Axis_Vel_44,Pickup 1_R Axis 4_Axis_Vel_44,L?y v?t li?u 1_Tr?c R 4_Tr?c_V?n t?c_44
PLC/取料1_R轴4_Axis_Vel,取料1_R轴4_Axis_Vel_45,27390,取料1_R轴4_Axis_Vel_45,Pickup 1_R Axis 4_Axis_Vel_45,L?y v?t li?u 1_Tr?c R 4_Tr?c_V?n t?c_45
PLC/取料1_R轴4_Axis_Vel,取料1_R轴4_Axis_Vel_46,27392,取料1_R轴4_Axis_Vel_46,Pickup 1_R Axis 4_Axis_Vel_46,L?y v?t li?u 1_Tr?c R 4_Tr?c_V?n t?c_46
PLC/取料1_R轴4_Axis_Vel,取料1_R轴4_Axis_Vel_47,27394,取料1_R轴4_Axis_Vel_47,Pickup 1_R Axis 4_Axis_Vel_47,L?y v?t li?u 1_Tr?c R 4_Tr?c_V?n t?c_47

PLC/取料1_Z轴5_Axis_Pos,取料1_Z轴5_Axis_Pos_0,27400,取料1_Z轴5_Axis_Pos_0,Pickup 1_Z Axis 5_Axis_Pos_0,L?y v?t li?u 1_Tr?c Z 5_Tr?c_V? trí_0
PLC/取料1_Z轴5_Axis_Pos,取料1_Z轴5_Axis_Pos_1,27402,取料1_Z轴5_Axis_Pos_1,Pickup 1_Z Axis 5_Axis_Pos_1,L?y v?t li?u 1_Tr?c Z 5_Tr?c_V? trí_1
PLC/取料1_Z轴5_Axis_Pos,取料1_Z轴5_Axis_Pos_2,27404,取料1_Z轴5_Axis_Pos_2,Pickup 1_Z Axis 5_Axis_Pos_2,L?y v?t li?u 1_Tr?c Z 5_Tr?c_V? trí_2
PLC/取料1_Z轴5_Axis_Pos,取料1_Z轴5_Axis_Pos_3,27406,取料1_Z轴5_Axis_Pos_3,Pickup 1_Z Axis 5_Axis_Pos_3,L?y v?t li?u 1_Tr?c Z 5_Tr?c_V? trí_3
PLC/取料1_Z轴5_Axis_Pos,取料1_Z轴5_Axis_Pos_4,27408,取料1_Z轴5_Axis_Pos_4,Pickup 1_Z Axis 5_Axis_Pos_4,L?y v?t li?u 1_Tr?c Z 5_Tr?c_V? trí_4
PLC/取料1_Z轴5_Axis_Pos,取料1_Z轴5_Axis_Pos_5,27410,取料1_Z轴5_Axis_Pos_5,Pickup 1_Z Axis 5_Axis_Pos_5,L?y v?t li?u 1_Tr?c Z 5_Tr?c_V? trí_5
PLC/取料1_Z轴5_Axis_Pos,取料1_Z轴5_Axis_Pos_6,27412,取料1_Z轴5_Axis_Pos_6,Pickup 1_Z Axis 5_Axis_Pos_6,L?y v?t li?u 1_Tr?c Z 5_Tr?c_V? trí_6
PLC/取料1_Z轴5_Axis_Pos,取料1_Z轴5_Axis_Pos_7,27414,取料1_Z轴5_Axis_Pos_7,Pickup 1_Z Axis 5_Axis_Pos_7,L?y v?t li?u 1_Tr?c Z 5_Tr?c_V? trí_7
PLC/取料1_Z轴5_Axis_Pos,取料1_Z轴5_Axis_Pos_8,27416,取料1_Z轴5_Axis_Pos_8,Pickup 1_Z Axis 5_Axis_Pos_8,L?y v?t li?u 1_Tr?c Z 5_Tr?c_V? trí_8
PLC/取料1_Z轴5_Axis_Pos,取料1_Z轴5_Axis_Pos_9,27418,取料1_Z轴5_Axis_Pos_9,Pickup 1_Z Axis 5_Axis_Pos_9,L?y v?t li?u 1_Tr?c Z 5_Tr?c_V? trí_9
PLC/取料1_Z轴5_Axis_Pos,取料1_Z轴5_Axis_Pos_10,27420,取料1_Z轴5_Axis_Pos_10,Pickup 1_Z Axis 5_Axis_Pos_10,L?y v?t li?u 1_Tr?c Z 5_Tr?c_V? trí_10
PLC/取料1_Z轴5_Axis_Pos,取料1_Z轴5_Axis_Pos_11,27422,取料1_Z轴5_Axis_Pos_11,Pickup 1_Z Axis 5_Axis_Pos_11,L?y v?t li?u 1_Tr?c Z 5_Tr?c_V? trí_11
PLC/取料1_Z轴5_Axis_Pos,取料1_Z轴5_Axis_Pos_12,27424,取料1_Z轴5_Axis_Pos_12,Pickup 1_Z Axis 5_Axis_Pos_12,L?y v?t li?u 1_Tr?c Z 5_Tr?c_V? trí_12
PLC/取料1_Z轴5_Axis_Pos,取料1_Z轴5_Axis_Pos_13,27426,取料1_Z轴5_Axis_Pos_13,Pickup 1_Z Axis 5_Axis_Pos_13,L?y v?t li?u 1_Tr?c Z 5_Tr?c_V? trí_13
PLC/取料1_Z轴5_Axis_Pos,取料1_Z轴5_Axis_Pos_14,27428,取料1_Z轴5_Axis_Pos_14,Pickup 1_Z Axis 5_Axis_Pos_14,L?y v?t li?u 1_Tr?c Z 5_Tr?c_V? trí_14
PLC/取料1_Z轴5_Axis_Pos,取料1_Z轴5_Axis_Pos_15,27430,取料1_Z轴5_Axis_Pos_15,Pickup 1_Z Axis 5_Axis_Pos_15,L?y v?t li?u 1_Tr?c Z 5_Tr?c_V? trí_15
PLC/取料1_Z轴5_Axis_Pos,取料1_Z轴5_Axis_Pos_16,27432,取料1_Z轴5_Axis_Pos_16,Pickup 1_Z Axis 5_Axis_Pos_16,L?y v?t li?u 1_Tr?c Z 5_Tr?c_V? trí_16
PLC/取料1_Z轴5_Axis_Pos,取料1_Z轴5_Axis_Pos_17,27434,取料1_Z轴5_Axis_Pos_17,Pickup 1_Z Axis 5_Axis_Pos_17,L?y v?t li?u 1_Tr?c Z 5_Tr?c_V? trí_17
PLC/取料1_Z轴5_Axis_Pos,取料1_Z轴5_Axis_Pos_18,27436,取料1_Z轴5_Axis_Pos_18,Pickup 1_Z Axis 5_Axis_Pos_18,L?y v?t li?u 1_Tr?c Z 5_Tr?c_V? trí_18
PLC/取料1_Z轴5_Axis_Pos,取料1_Z轴5_Axis_Pos_19,27438,取料1_Z轴5_Axis_Pos_19,Pickup 1_Z Axis 5_Axis_Pos_19,L?y v?t li?u 1_Tr?c Z 5_Tr?c_V? trí_19
PLC/取料1_Z轴5_Axis_Pos,取料1_Z轴5_Axis_Pos_20,27440,取料1_Z轴5_Axis_Pos_20,Pickup 1_Z Axis 5_Axis_Pos_20,L?y v?t li?u 1_Tr?c Z 5_Tr?c_V? trí_20
PLC/取料1_Z轴5_Axis_Pos,取料1_Z轴5_Axis_Pos_21,27442,取料1_Z轴5_Axis_Pos_21,Pickup 1_Z Axis 5_Axis_Pos_21,L?y v?t li?u 1_Tr?c Z 5_Tr?c_V? trí_21
PLC/取料1_Z轴5_Axis_Pos,取料1_Z轴5_Axis_Pos_22,27444,取料1_Z轴5_Axis_Pos_22,Pickup 1_Z Axis 5_Axis_Pos_22,L?y v?t li?u 1_Tr?c Z 5_Tr?c_V? trí_22
PLC/取料1_Z轴5_Axis_Pos,取料1_Z轴5_Axis_Pos_23,27446,取料1_Z轴5_Axis_Pos_23,Pickup 1_Z Axis 5_Axis_Pos_23,L?y v?t li?u 1_Tr?c Z 5_Tr?c_V? trí_23
PLC/取料1_Z轴5_Axis_Pos,取料1_Z轴5_Axis_Pos_24,27448,取料1_Z轴5_Axis_Pos_24,Pickup 1_Z Axis 5_Axis_Pos_24,L?y v?t li?u 1_Tr?c Z 5_Tr?c_V? trí_24
PLC/取料1_Z轴5_Axis_Pos,取料1_Z轴5_Axis_Pos_25,27450,取料1_Z轴5_Axis_Pos_25,Pickup 1_Z Axis 5_Axis_Pos_25,L?y v?t li?u 1_Tr?c Z 5_Tr?c_V? trí_25
PLC/取料1_Z轴5_Axis_Pos,取料1_Z轴5_Axis_Pos_26,27452,取料1_Z轴5_Axis_Pos_26,Pickup 1_Z Axis 5_Axis_Pos_26,L?y v?t li?u 1_Tr?c Z 5_Tr?c_V? trí_26
PLC/取料1_Z轴5_Axis_Pos,取料1_Z轴5_Axis_Pos_27,27454,取料1_Z轴5_Axis_Pos_27,Pickup 1_Z Axis 5_Axis_Pos_27,L?y v?t li?u 1_Tr?c Z 5_Tr?c_V? trí_27
PLC/取料1_Z轴5_Axis_Pos,取料1_Z轴5_Axis_Pos_28,27456,取料1_Z轴5_Axis_Pos_28,Pickup 1_Z Axis 5_Axis_Pos_28,L?y v?t li?u 1_Tr?c Z 5_Tr?c_V? trí_28
PLC/取料1_Z轴5_Axis_Pos,取料1_Z轴5_Axis_Pos_29,27458,取料1_Z轴5_Axis_Pos_29,Pickup 1_Z Axis 5_Axis_Pos_29,L?y v?t li?u 1_Tr?c Z 5_Tr?c_V? trí_29
PLC/取料1_Z轴5_Axis_Pos,取料1_Z轴5_Axis_Pos_30,27460,取料1_Z轴5_Axis_Pos_30,Pickup 1_Z Axis 5_Axis_Pos_30,L?y v?t li?u 1_Tr?c Z 5_Tr?c_V? trí_30
PLC/取料1_Z轴5_Axis_Pos,取料1_Z轴5_Axis_Pos_31,27462,取料1_Z轴5_Axis_Pos_31,Pickup 1_Z Axis 5_Axis_Pos_31,L?y v?t li?u 1_Tr?c Z 5_Tr?c_V? trí_31
PLC/取料1_Z轴5_Axis_Pos,取料1_Z轴5_Axis_Pos_32,27464,取料1_Z轴5_Axis_Pos_32,Pickup 1_Z Axis 5_Axis_Pos_32,L?y v?t li?u 1_Tr?c Z 5_Tr?c_V? trí_32
PLC/取料1_Z轴5_Axis_Pos,取料1_Z轴5_Axis_Pos_33,27466,取料1_Z轴5_Axis_Pos_33,Pickup 1_Z Axis 5_Axis_Pos_33,L?y v?t li?u 1_Tr?c Z 5_Tr?c_V? trí_33
PLC/取料1_Z轴5_Axis_Pos,取料1_Z轴5_Axis_Pos_34,27468,取料1_Z轴5_Axis_Pos_34,Pickup 1_Z Axis 5_Axis_Pos_34,L?y v?t li?u 1_Tr?c Z 5_Tr?c_V? trí_34
PLC/取料1_Z轴5_Axis_Pos,取料1_Z轴5_Axis_Pos_35,27470,取料1_Z轴5_Axis_Pos_35,Pickup 1_Z Axis 5_Axis_Pos_35,L?y v?t li?u 1_Tr?c Z 5_Tr?c_V? trí_35
PLC/取料1_Z轴5_Axis_Pos,取料1_Z轴5_Axis_Pos_36,27472,取料1_Z轴5_Axis_Pos_36,Pickup 1_Z Axis 5_Axis_Pos_36,L?y v?t li?u 1_Tr?c Z 5_Tr?c_V? trí_36
PLC/取料1_Z轴5_Axis_Pos,取料1_Z轴5_Axis_Pos_37,27474,取料1_Z轴5_Axis_Pos_37,Pickup 1_Z Axis 5_Axis_Pos_37,L?y v?t li?u 1_Tr?c Z 5_Tr?c_V? trí_37
PLC/取料1_Z轴5_Axis_Pos,取料1_Z轴5_Axis_Pos_38,27476,取料1_Z轴5_Axis_Pos_38,Pickup 1_Z Axis 5_Axis_Pos_38,L?y v?t li?u 1_Tr?c Z 5_Tr?c_V? trí_38
PLC/取料1_Z轴5_Axis_Pos,取料1_Z轴5_Axis_Pos_39,27478,取料1_Z轴5_Axis_Pos_39,Pickup 1_Z Axis 5_Axis_Pos_39,L?y v?t li?u 1_Tr?c Z 5_Tr?c_V? trí_39
PLC/取料1_Z轴5_Axis_Pos,取料1_Z轴5_Axis_Pos_40,27480,取料1_Z轴5_Axis_Pos_40,Pickup 1_Z Axis 5_Axis_Pos_40,L?y v?t li?u 1_Tr?c Z 5_Tr?c_V? trí_40
PLC/取料1_Z轴5_Axis_Pos,取料1_Z轴5_Axis_Pos_41,27482,取料1_Z轴5_Axis_Pos_41,Pickup 1_Z Axis 5_Axis_Pos_41,L?y v?t li?u 1_Tr?c Z 5_Tr?c_V? trí_41
PLC/取料1_Z轴5_Axis_Pos,取料1_Z轴5_Axis_Pos_42,27484,取料1_Z轴5_Axis_Pos_42,Pickup 1_Z Axis 5_Axis_Pos_42,L?y v?t li?u 1_Tr?c Z 5_Tr?c_V? trí_42
PLC/取料1_Z轴5_Axis_Pos,取料1_Z轴5_Axis_Pos_43,27486,取料1_Z轴5_Axis_Pos_43,Pickup 1_Z Axis 5_Axis_Pos_43,L?y v?t li?u 1_Tr?c Z 5_Tr?c_V? trí_43
PLC/取料1_Z轴5_Axis_Pos,取料1_Z轴5_Axis_Pos_44,27488,取料1_Z轴5_Axis_Pos_44,Pickup 1_Z Axis 5_Axis_Pos_44,L?y v?t li?u 1_Tr?c Z 5_Tr?c_V? trí_44
PLC/取料1_Z轴5_Axis_Pos,取料1_Z轴5_Axis_Pos_45,27490,取料1_Z轴5_Axis_Pos_45,Pickup 1_Z Axis 5_Axis_Pos_45,L?y v?t li?u 1_Tr?c Z 5_Tr?c_V? trí_45
PLC/取料1_Z轴5_Axis_Pos,取料1_Z轴5_Axis_Pos_46,27492,取料1_Z轴5_Axis_Pos_46,Pickup 1_Z Axis 5_Axis_Pos_46,L?y v?t li?u 1_Tr?c Z 5_Tr?c_V? trí_46
PLC/取料1_Z轴5_Axis_Pos,取料1_Z轴5_Axis_Pos_47,27494,取料1_Z轴5_Axis_Pos_47,Pickup 1_Z Axis 5_Axis_Pos_47,L?y v?t li?u 1_Tr?c Z 5_Tr?c_V? trí_47

PLC/取料1_Z轴5_Axis_Vel,取料1_Z轴5_Axis_Vel_0,27500,取料1_Z轴5_Axis_Vel_0,Pickup 1_Z Axis 5_Axis_Vel_0,L?y v?t li?u 1_Tr?c Z 5_Tr?c_V?n t?c_0
PLC/取料1_Z轴5_Axis_Vel,取料1_Z轴5_Axis_Vel_1,27502,取料1_Z轴5_Axis_Vel_1,Pickup 1_Z Axis 5_Axis_Vel_1,L?y v?t li?u 1_Tr?c Z 5_Tr?c_V?n t?c_1
PLC/取料1_Z轴5_Axis_Vel,取料1_Z轴5_Axis_Vel_2,27504,取料1_Z轴5_Axis_Vel_2,Pickup 1_Z Axis 5_Axis_Vel_2,L?y v?t li?u 1_Tr?c Z 5_Tr?c_V?n t?c_2
PLC/取料1_Z轴5_Axis_Vel,取料1_Z轴5_Axis_Vel_3,27506,取料1_Z轴5_Axis_Vel_3,Pickup 1_Z Axis 5_Axis_Vel_3,L?y v?t li?u 1_Tr?c Z 5_Tr?c_V?n t?c_3
PLC/取料1_Z轴5_Axis_Vel,取料1_Z轴5_Axis_Vel_4,27508,取料1_Z轴5_Axis_Vel_4,Pickup 1_Z Axis 5_Axis_Vel_4,L?y v?t li?u 1_Tr?c Z 5_Tr?c_V?n t?c_4
PLC/取料1_Z轴5_Axis_Vel,取料1_Z轴5_Axis_Vel_5,27510,取料1_Z轴5_Axis_Vel_5,Pickup 1_Z Axis 5_Axis_Vel_5,L?y v?t li?u 1_Tr?c Z 5_Tr?c_V?n t?c_5
PLC/取料1_Z轴5_Axis_Vel,取料1_Z轴5_Axis_Vel_6,27512,取料1_Z轴5_Axis_Vel_6,Pickup 1_Z Axis 5_Axis_Vel_6,L?y v?t li?u 1_Tr?c Z 5_Tr?c_V?n t?c_6
PLC/取料1_Z轴5_Axis_Vel,取料1_Z轴5_Axis_Vel_7,27514,取料1_Z轴5_Axis_Vel_7,Pickup 1_Z Axis 5_Axis_Vel_7,L?y v?t li?u 1_Tr?c Z 5_Tr?c_V?n t?c_7
PLC/取料1_Z轴5_Axis_Vel,取料1_Z轴5_Axis_Vel_8,27516,取料1_Z轴5_Axis_Vel_8,Pickup 1_Z Axis 5_Axis_Vel_8,L?y v?t li?u 1_Tr?c Z 5_Tr?c_V?n t?c_8
PLC/取料1_Z轴5_Axis_Vel,取料1_Z轴5_Axis_Vel_9,27518,取料1_Z轴5_Axis_Vel_9,Pickup 1_Z Axis 5_Axis_Vel_9,L?y v?t li?u 1_Tr?c Z 5_Tr?c_V?n t?c_9
PLC/取料1_Z轴5_Axis_Vel,取料1_Z轴5_Axis_Vel_10,27520,取料1_Z轴5_Axis_Vel_10,Pickup 1_Z Axis 5_Axis_Vel_10,L?y v?t li?u 1_Tr?c Z 5_Tr?c_V?n t?c_10
PLC/取料1_Z轴5_Axis_Vel,取料1_Z轴5_Axis_Vel_11,27522,取料1_Z轴5_Axis_Vel_11,Pickup 1_Z Axis 5_Axis_Vel_11,L?y v?t li?u 1_Tr?c Z 5_Tr?c_V?n t?c_11
PLC/取料1_Z轴5_Axis_Vel,取料1_Z轴5_Axis_Vel_12,27524,取料1_Z轴5_Axis_Vel_12,Pickup 1_Z Axis 5_Axis_Vel_12,L?y v?t li?u 1_Tr?c Z 5_Tr?c_V?n t?c_12
PLC/取料1_Z轴5_Axis_Vel,取料1_Z轴5_Axis_Vel_13,27526,取料1_Z轴5_Axis_Vel_13,Pickup 1_Z Axis 5_Axis_Vel_13,L?y v?t li?u 1_Tr?c Z 5_Tr?c_V?n t?c_13
PLC/取料1_Z轴5_Axis_Vel,取料1_Z轴5_Axis_Vel_14,27528,取料1_Z轴5_Axis_Vel_14,Pickup 1_Z Axis 5_Axis_Vel_14,L?y v?t li?u 1_Tr?c Z 5_Tr?c_V?n t?c_14
PLC/取料1_Z轴5_Axis_Vel,取料1_Z轴5_Axis_Vel_15,27530,取料1_Z轴5_Axis_Vel_15,Pickup 1_Z Axis 5_Axis_Vel_15,L?y v?t li?u 1_Tr?c Z 5_Tr?c_V?n t?c_15
PLC/取料1_Z轴5_Axis_Vel,取料1_Z轴5_Axis_Vel_16,27532,取料1_Z轴5_Axis_Vel_16,Pickup 1_Z Axis 5_Axis_Vel_16,L?y v?t li?u 1_Tr?c Z 5_Tr?c_V?n t?c_16
PLC/取料1_Z轴5_Axis_Vel,取料1_Z轴5_Axis_Vel_17,27534,取料1_Z轴5_Axis_Vel_17,Pickup 1_Z Axis 5_Axis_Vel_17,L?y v?t li?u 1_Tr?c Z 5_Tr?c_V?n t?c_17
PLC/取料1_Z轴5_Axis_Vel,取料1_Z轴5_Axis_Vel_18,27536,取料1_Z轴5_Axis_Vel_18,Pickup 1_Z Axis 5_Axis_Vel_18,L?y v?t li?u 1_Tr?c Z 5_Tr?c_V?n t?c_18
PLC/取料1_Z轴5_Axis_Vel,取料1_Z轴5_Axis_Vel_19,27538,取料1_Z轴5_Axis_Vel_19,Pickup 1_Z Axis 5_Axis_Vel_19,L?y v?t li?u 1_Tr?c Z 5_Tr?c_V?n t?c_19
PLC/取料1_Z轴5_Axis_Vel,取料1_Z轴5_Axis_Vel_20,27540,取料1_Z轴5_Axis_Vel_20,Pickup 1_Z Axis 5_Axis_Vel_20,L?y v?t li?u 1_Tr?c Z 5_Tr?c_V?n t?c_20
PLC/取料1_Z轴5_Axis_Vel,取料1_Z轴5_Axis_Vel_21,27542,取料1_Z轴5_Axis_Vel_21,Pickup 1_Z Axis 5_Axis_Vel_21,L?y v?t li?u 1_Tr?c Z 5_Tr?c_V?n t?c_21
PLC/取料1_Z轴5_Axis_Vel,取料1_Z轴5_Axis_Vel_22,27544,取料1_Z轴5_Axis_Vel_22,Pickup 1_Z Axis 5_Axis_Vel_22,L?y v?t li?u 1_Tr?c Z 5_Tr?c_V?n t?c_22
PLC/取料1_Z轴5_Axis_Vel,取料1_Z轴5_Axis_Vel_23,27546,取料1_Z轴5_Axis_Vel_23,Pickup 1_Z Axis 5_Axis_Vel_23,L?y v?t li?u 1_Tr?c Z 5_Tr?c_V?n t?c_23
PLC/取料1_Z轴5_Axis_Vel,取料1_Z轴5_Axis_Vel_24,27548,取料1_Z轴5_Axis_Vel_24,Pickup 1_Z Axis 5_Axis_Vel_24,L?y v?t li?u 1_Tr?c Z 5_Tr?c_V?n t?c_24
PLC/取料1_Z轴5_Axis_Vel,取料1_Z轴5_Axis_Vel_25,27550,取料1_Z轴5_Axis_Vel_25,Pickup 1_Z Axis 5_Axis_Vel_25,L?y v?t li?u 1_Tr?c Z 5_Tr?c_V?n t?c_25
PLC/取料1_Z轴5_Axis_Vel,取料1_Z轴5_Axis_Vel_26,27552,取料1_Z轴5_Axis_Vel_26,Pickup 1_Z Axis 5_Axis_Vel_26,L?y v?t li?u 1_Tr?c Z 5_Tr?c_V?n t?c_26
PLC/取料1_Z轴5_Axis_Vel,取料1_Z轴5_Axis_Vel_27,27554,取料1_Z轴5_Axis_Vel_27,Pickup 1_Z Axis 5_Axis_Vel_27,L?y v?t li?u 1_Tr?c Z 5_Tr?c_V?n t?c_27
PLC/取料1_Z轴5_Axis_Vel,取料1_Z轴5_Axis_Vel_28,27556,取料1_Z轴5_Axis_Vel_28,Pickup 1_Z Axis 5_Axis_Vel_28,L?y v?t li?u 1_Tr?c Z 5_Tr?c_V?n t?c_28
PLC/取料1_Z轴5_Axis_Vel,取料1_Z轴5_Axis_Vel_29,27558,取料1_Z轴5_Axis_Vel_29,Pickup 1_Z Axis 5_Axis_Vel_29,L?y v?t li?u 1_Tr?c Z 5_Tr?c_V?n t?c_29
PLC/取料1_Z轴5_Axis_Vel,取料1_Z轴5_Axis_Vel_30,27560,取料1_Z轴5_Axis_Vel_30,Pickup 1_Z Axis 5_Axis_Vel_30,L?y v?t li?u 1_Tr?c Z 5_Tr?c_V?n t?c_30
PLC/取料1_Z轴5_Axis_Vel,取料1_Z轴5_Axis_Vel_31,27562,取料1_Z轴5_Axis_Vel_31,Pickup 1_Z Axis 5_Axis_Vel_31,L?y v?t li?u 1_Tr?c Z 5_Tr?c_V?n t?c_31
PLC/取料1_Z轴5_Axis_Vel,取料1_Z轴5_Axis_Vel_32,27564,取料1_Z轴5_Axis_Vel_32,Pickup 1_Z Axis 5_Axis_Vel_32,L?y v?t li?u 1_Tr?c Z 5_Tr?c_V?n t?c_32
PLC/取料1_Z轴5_Axis_Vel,取料1_Z轴5_Axis_Vel_33,27566,取料1_Z轴5_Axis_Vel_33,Pickup 1_Z Axis 5_Axis_Vel_33,L?y v?t li?u 1_Tr?c Z 5_Tr?c_V?n t?c_33
PLC/取料1_Z轴5_Axis_Vel,取料1_Z轴5_Axis_Vel_34,27568,取料1_Z轴5_Axis_Vel_34,Pickup 1_Z Axis 5_Axis_Vel_34,L?y v?t li?u 1_Tr?c Z 5_Tr?c_V?n t?c_34
PLC/取料1_Z轴5_Axis_Vel,取料1_Z轴5_Axis_Vel_35,27570,取料1_Z轴5_Axis_Vel_35,Pickup 1_Z Axis 5_Axis_Vel_35,L?y v?t li?u 1_Tr?c Z 5_Tr?c_V?n t?c_35
PLC/取料1_Z轴5_Axis_Vel,取料1_Z轴5_Axis_Vel_36,27572,取料1_Z轴5_Axis_Vel_36,Pickup 1_Z Axis 5_Axis_Vel_36,L?y v?t li?u 1_Tr?c Z 5_Tr?c_V?n t?c_36
PLC/取料1_Z轴5_Axis_Vel,取料1_Z轴5_Axis_Vel_37,27574,取料1_Z轴5_Axis_Vel_37,Pickup 1_Z Axis 5_Axis_Vel_37,L?y v?t li?u 1_Tr?c Z 5_Tr?c_V?n t?c_37
PLC/取料1_Z轴5_Axis_Vel,取料1_Z轴5_Axis_Vel_38,27576,取料1_Z轴5_Axis_Vel_38,Pickup 1_Z Axis 5_Axis_Vel_38,L?y v?t li?u 1_Tr?c Z 5_Tr?c_V?n t?c_38
PLC/取料1_Z轴5_Axis_Vel,取料1_Z轴5_Axis_Vel_39,27578,取料1_Z轴5_Axis_Vel_39,Pickup 1_Z Axis 5_Axis_Vel_39,L?y v?t li?u 1_Tr?c Z 5_Tr?c_V?n t?c_39
PLC/取料1_Z轴5_Axis_Vel,取料1_Z轴5_Axis_Vel_40,27580,取料1_Z轴5_Axis_Vel_40,Pickup 1_Z Axis 5_Axis_Vel_40,L?y v?t li?u 1_Tr?c Z 5_Tr?c_V?n t?c_40
PLC/取料1_Z轴5_Axis_Vel,取料1_Z轴5_Axis_Vel_41,27582,取料1_Z轴5_Axis_Vel_41,Pickup 1_Z Axis 5_Axis_Vel_41,L?y v?t li?u 1_Tr?c Z 5_Tr?c_V?n t?c_41
PLC/取料1_Z轴5_Axis_Vel,取料1_Z轴5_Axis_Vel_42,27584,取料1_Z轴5_Axis_Vel_42,Pickup 1_Z Axis 5_Axis_Vel_42,L?y v?t li?u 1_Tr?c Z 5_Tr?c_V?n t?c_42
PLC/取料1_Z轴5_Axis_Vel,取料1_Z轴5_Axis_Vel_43,27586,取料1_Z轴5_Axis_Vel_43,Pickup 1_Z Axis 5_Axis_Vel_43,L?y v?t li?u 1_Tr?c Z 5_Tr?c_V?n t?c_43
PLC/取料1_Z轴5_Axis_Vel,取料1_Z轴5_Axis_Vel_44,27588,取料1_Z轴5_Axis_Vel_44,Pickup 1_Z Axis 5_Axis_Vel_44,L?y v?t li?u 1_Tr?c Z 5_Tr?c_V?n t?c_44
PLC/取料1_Z轴5_Axis_Vel,取料1_Z轴5_Axis_Vel_45,27590,取料1_Z轴5_Axis_Vel_45,Pickup 1_Z Axis 5_Axis_Vel_45,L?y v?t li?u 1_Tr?c Z 5_Tr?c_V?n t?c_45
PLC/取料1_Z轴5_Axis_Vel,取料1_Z轴5_Axis_Vel_46,27592,取料1_Z轴5_Axis_Vel_46,Pickup 1_Z Axis 5_Axis_Vel_46,L?y v?t li?u 1_Tr?c Z 5_Tr?c_V?n t?c_46
PLC/取料1_Z轴5_Axis_Vel,取料1_Z轴5_Axis_Vel_47,27594,取料1_Z轴5_Axis_Vel_47,Pickup 1_Z Axis 5_Axis_Vel_47,L?y v?t li?u 1_Tr?c Z 5_Tr?c_V?n t?c_47



PLC/取料1_R轴5_Axis_Pos,取料1_R轴5_Axis_Pos_0,27600,取料1_R轴5_Axis_Pos_0,Pickup 1_R Axis 5_Axis_Pos_0,L?y v?t li?u 1_Tr?c R 5_Tr?c_V? trí_0
PLC/取料1_R轴5_Axis_Pos,取料1_R轴5_Axis_Pos_1,27602,取料1_R轴5_Axis_Pos_1,Pickup 1_R Axis 5_Axis_Pos_1,L?y v?t li?u 1_Tr?c R 5_Tr?c_V? trí_1
PLC/取料1_R轴5_Axis_Pos,取料1_R轴5_Axis_Pos_2,27604,取料1_R轴5_Axis_Pos_2,Pickup 1_R Axis 5_Axis_Pos_2,L?y v?t li?u 1_Tr?c R 5_Tr?c_V? trí_2
PLC/取料1_R轴5_Axis_Pos,取料1_R轴5_Axis_Pos_3,27606,取料1_R轴5_Axis_Pos_3,Pickup 1_R Axis 5_Axis_Pos_3,L?y v?t li?u 1_Tr?c R 5_Tr?c_V? trí_3
PLC/取料1_R轴5_Axis_Pos,取料1_R轴5_Axis_Pos_4,27608,取料1_R轴5_Axis_Pos_4,Pickup 1_R Axis 5_Axis_Pos_4,L?y v?t li?u 1_Tr?c R 5_Tr?c_V? trí_4
PLC/取料1_R轴5_Axis_Pos,取料1_R轴5_Axis_Pos_5,27610,取料1_R轴5_Axis_Pos_5,Pickup 1_R Axis 5_Axis_Pos_5,L?y v?t li?u 1_Tr?c R 5_Tr?c_V? trí_5
PLC/取料1_R轴5_Axis_Pos,取料1_R轴5_Axis_Pos_6,27612,取料1_R轴5_Axis_Pos_6,Pickup 1_R Axis 5_Axis_Pos_6,L?y v?t li?u 1_Tr?c R 5_Tr?c_V? trí_6
PLC/取料1_R轴5_Axis_Pos,取料1_R轴5_Axis_Pos_7,27614,取料1_R轴5_Axis_Pos_7,Pickup 1_R Axis 5_Axis_Pos_7,L?y v?t li?u 1_Tr?c R 5_Tr?c_V? trí_7
PLC/取料1_R轴5_Axis_Pos,取料1_R轴5_Axis_Pos_8,27616,取料1_R轴5_Axis_Pos_8,Pickup 1_R Axis 5_Axis_Pos_8,L?y v?t li?u 1_Tr?c R 5_Tr?c_V? trí_8
PLC/取料1_R轴5_Axis_Pos,取料1_R轴5_Axis_Pos_9,27618,取料1_R轴5_Axis_Pos_9,Pickup 1_R Axis 5_Axis_Pos_9,L?y v?t li?u 1_Tr?c R 5_Tr?c_V? trí_9
PLC/取料1_R轴5_Axis_Pos,取料1_R轴5_Axis_Pos_10,27620,取料1_R轴5_Axis_Pos_10,Pickup 1_R Axis 5_Axis_Pos_10,L?y v?t li?u 1_Tr?c R 5_Tr?c_V? trí_10
PLC/取料1_R轴5_Axis_Pos,取料1_R轴5_Axis_Pos_11,27622,取料1_R轴5_Axis_Pos_11,Pickup 1_R Axis 5_Axis_Pos_11,L?y v?t li?u 1_Tr?c R 5_Tr?c_V? trí_11
PLC/取料1_R轴5_Axis_Pos,取料1_R轴5_Axis_Pos_12,27624,取料1_R轴5_Axis_Pos_12,Pickup 1_R Axis 5_Axis_Pos_12,L?y v?t li?u 1_Tr?c R 5_Tr?c_V? trí_12
PLC/取料1_R轴5_Axis_Pos,取料1_R轴5_Axis_Pos_13,27626,取料1_R轴5_Axis_Pos_13,Pickup 1_R Axis 5_Axis_Pos_13,L?y v?t li?u 1_Tr?c R 5_Tr?c_V? trí_13
PLC/取料1_R轴5_Axis_Pos,取料1_R轴5_Axis_Pos_14,27628,取料1_R轴5_Axis_Pos_14,Pickup 1_R Axis 5_Axis_Pos_14,L?y v?t li?u 1_Tr?c R 5_Tr?c_V? trí_14
PLC/取料1_R轴5_Axis_Pos,取料1_R轴5_Axis_Pos_15,27630,取料1_R轴5_Axis_Pos_15,Pickup 1_R Axis 5_Axis_Pos_15,L?y v?t li?u 1_Tr?c R 5_Tr?c_V? trí_15
PLC/取料1_R轴5_Axis_Pos,取料1_R轴5_Axis_Pos_16,27632,取料1_R轴5_Axis_Pos_16,Pickup 1_R Axis 5_Axis_Pos_16,L?y v?t li?u 1_Tr?c R 5_Tr?c_V? trí_16
PLC/取料1_R轴5_Axis_Pos,取料1_R轴5_Axis_Pos_17,27634,取料1_R轴5_Axis_Pos_17,Pickup 1_R Axis 5_Axis_Pos_17,L?y v?t li?u 1_Tr?c R 5_Tr?c_V? trí_17
PLC/取料1_R轴5_Axis_Pos,取料1_R轴5_Axis_Pos_18,27636,取料1_R轴5_Axis_Pos_18,Pickup 1_R Axis 5_Axis_Pos_18,L?y v?t li?u 1_Tr?c R 5_Tr?c_V? trí_18
PLC/取料1_R轴5_Axis_Pos,取料1_R轴5_Axis_Pos_19,27638,取料1_R轴5_Axis_Pos_19,Pickup 1_R Axis 5_Axis_Pos_19,L?y v?t li?u 1_Tr?c R 5_Tr?c_V? trí_19
PLC/取料1_R轴5_Axis_Pos,取料1_R轴5_Axis_Pos_20,27640,取料1_R轴5_Axis_Pos_20,Pickup 1_R Axis 5_Axis_Pos_20,L?y v?t li?u 1_Tr?c R 5_Tr?c_V? trí_20
PLC/取料1_R轴5_Axis_Pos,取料1_R轴5_Axis_Pos_21,27642,取料1_R轴5_Axis_Pos_21,Pickup 1_R Axis 5_Axis_Pos_21,L?y v?t li?u 1_Tr?c R 5_Tr?c_V? trí_21
PLC/取料1_R轴5_Axis_Pos,取料1_R轴5_Axis_Pos_22,27644,取料1_R轴5_Axis_Pos_22,Pickup 1_R Axis 5_Axis_Pos_22,L?y v?t li?u 1_Tr?c R 5_Tr?c_V? trí_22
PLC/取料1_R轴5_Axis_Pos,取料1_R轴5_Axis_Pos_23,27646,取料1_R轴5_Axis_Pos_23,Pickup 1_R Axis 5_Axis_Pos_23,L?y v?t li?u 1_Tr?c R 5_Tr?c_V? trí_23
PLC/取料1_R轴5_Axis_Pos,取料1_R轴5_Axis_Pos_24,27648,取料1_R轴5_Axis_Pos_24,Pickup 1_R Axis 5_Axis_Pos_24,L?y v?t li?u 1_Tr?c R 5_Tr?c_V? trí_24
PLC/取料1_R轴5_Axis_Pos,取料1_R轴5_Axis_Pos_25,27650,取料1_R轴5_Axis_Pos_25,Pickup 1_R Axis 5_Axis_Pos_25,L?y v?t li?u 1_Tr?c R 5_Tr?c_V? trí_25
PLC/取料1_R轴5_Axis_Pos,取料1_R轴5_Axis_Pos_26,27652,取料1_R轴5_Axis_Pos_26,Pickup 1_R Axis 5_Axis_Pos_26,L?y v?t li?u 1_Tr?c R 5_Tr?c_V? trí_26
PLC/取料1_R轴5_Axis_Pos,取料1_R轴5_Axis_Pos_27,27654,取料1_R轴5_Axis_Pos_27,Pickup 1_R Axis 5_Axis_Pos_27,L?y v?t li?u 1_Tr?c R 5_Tr?c_V? trí_27
PLC/取料1_R轴5_Axis_Pos,取料1_R轴5_Axis_Pos_28,27656,取料1_R轴5_Axis_Pos_28,Pickup 1_R Axis 5_Axis_Pos_28,L?y v?t li?u 1_Tr?c R 5_Tr?c_V? trí_28
PLC/取料1_R轴5_Axis_Pos,取料1_R轴5_Axis_Pos_29,27658,取料1_R轴5_Axis_Pos_29,Pickup 1_R Axis 5_Axis_Pos_29,L?y v?t li?u 1_Tr?c R 5_Tr?c_V? trí_29
PLC/取料1_R轴5_Axis_Pos,取料1_R轴5_Axis_Pos_30,27660,取料1_R轴5_Axis_Pos_30,Pickup 1_R Axis 5_Axis_Pos_30,L?y v?t li?u 1_Tr?c R 5_Tr?c_V? trí_30
PLC/取料1_R轴5_Axis_Pos,取料1_R轴5_Axis_Pos_31,27662,取料1_R轴5_Axis_Pos_31,Pickup 1_R Axis 5_Axis_Pos_31,L?y v?t li?u 1_Tr?c R 5_Tr?c_V? trí_31
PLC/取料1_R轴5_Axis_Pos,取料1_R轴5_Axis_Pos_32,27664,取料1_R轴5_Axis_Pos_32,Pickup 1_R Axis 5_Axis_Pos_32,L?y v?t li?u 1_Tr?c R 5_Tr?c_V? trí_32
PLC/取料1_R轴5_Axis_Pos,取料1_R轴5_Axis_Pos_33,27666,取料1_R轴5_Axis_Pos_33,Pickup 1_R Axis 5_Axis_Pos_33,L?y v?t li?u 1_Tr?c R 5_Tr?c_V? trí_33
PLC/取料1_R轴5_Axis_Pos,取料1_R轴5_Axis_Pos_34,27668,取料1_R轴5_Axis_Pos_34,Pickup 1_R Axis 5_Axis_Pos_34,L?y v?t li?u 1_Tr?c R 5_Tr?c_V? trí_34
PLC/取料1_R轴5_Axis_Pos,取料1_R轴5_Axis_Pos_35,27670,取料1_R轴5_Axis_Pos_35,Pickup 1_R Axis 5_Axis_Pos_35,L?y v?t li?u 1_Tr?c R 5_Tr?c_V? trí_35
PLC/取料1_R轴5_Axis_Pos,取料1_R轴5_Axis_Pos_36,27672,取料1_R轴5_Axis_Pos_36,Pickup 1_R Axis 5_Axis_Pos_36,L?y v?t li?u 1_Tr?c R 5_Tr?c_V? trí_36
PLC/取料1_R轴5_Axis_Pos,取料1_R轴5_Axis_Pos_37,27674,取料1_R轴5_Axis_Pos_37,Pickup 1_R Axis 5_Axis_Pos_37,L?y v?t li?u 1_Tr?c R 5_Tr?c_V? trí_37
PLC/取料1_R轴5_Axis_Pos,取料1_R轴5_Axis_Pos_38,27676,取料1_R轴5_Axis_Pos_38,Pickup 1_R Axis 5_Axis_Pos_38,L?y v?t li?u 1_Tr?c R 5_Tr?c_V? trí_38
PLC/取料1_R轴5_Axis_Pos,取料1_R轴5_Axis_Pos_39,27678,取料1_R轴5_Axis_Pos_39,Pickup 1_R Axis 5_Axis_Pos_39,L?y v?t li?u 1_Tr?c R 5_Tr?c_V? trí_39
PLC/取料1_R轴5_Axis_Pos,取料1_R轴5_Axis_Pos_40,27680,取料1_R轴5_Axis_Pos_40,Pickup 1_R Axis 5_Axis_Pos_40,L?y v?t li?u 1_Tr?c R 5_Tr?c_V? trí_40
PLC/取料1_R轴5_Axis_Pos,取料1_R轴5_Axis_Pos_41,27682,取料1_R轴5_Axis_Pos_41,Pickup 1_R Axis 5_Axis_Pos_41,L?y v?t li?u 1_Tr?c R 5_Tr?c_V? trí_41
PLC/取料1_R轴5_Axis_Pos,取料1_R轴5_Axis_Pos_42,27684,取料1_R轴5_Axis_Pos_42,Pickup 1_R Axis 5_Axis_Pos_42,L?y v?t li?u 1_Tr?c R 5_Tr?c_V? trí_42
PLC/取料1_R轴5_Axis_Pos,取料1_R轴5_Axis_Pos_43,27686,取料1_R轴5_Axis_Pos_43,Pickup 1_R Axis 5_Axis_Pos_43,L?y v?t li?u 1_Tr?c R 5_Tr?c_V? trí_43
PLC/取料1_R轴5_Axis_Pos,取料1_R轴5_Axis_Pos_44,27688,取料1_R轴5_Axis_Pos_44,Pickup 1_R Axis 5_Axis_Pos_44,L?y v?t li?u 1_Tr?c R 5_Tr?c_V? trí_44
PLC/取料1_R轴5_Axis_Pos,取料1_R轴5_Axis_Pos_45,27690,取料1_R轴5_Axis_Pos_45,Pickup 1_R Axis 5_Axis_Pos_45,L?y v?t li?u 1_Tr?c R 5_Tr?c_V? trí_45
PLC/取料1_R轴5_Axis_Pos,取料1_R轴5_Axis_Pos_46,27692,取料1_R轴5_Axis_Pos_46,Pickup 1_R Axis 5_Axis_Pos_46,L?y v?t li?u 1_Tr?c R 5_Tr?c_V? trí_46
PLC/取料1_R轴5_Axis_Pos,取料1_R轴5_Axis_Pos_47,27694,取料1_R轴5_Axis_Pos_47,Pickup 1_R Axis 5_Axis_Pos_47,L?y v?t li?u 1_Tr?c R 5_Tr?c_V? trí_47

PLC/取料1_R轴5_Axis_Vel,取料1_R轴5_Axis_Vel_0,27700,取料1_R轴5_Axis_Vel_0,Pickup 1_R Axis 5_Axis_Vel_0,L?y v?t li?u 1_Tr?c R 5_Tr?c_V?n t?c_0
PLC/取料1_R轴5_Axis_Vel,取料1_R轴5_Axis_Vel_1,27702,取料1_R轴5_Axis_Vel_1,Pickup 1_R Axis 5_Axis_Vel_1,L?y v?t li?u 1_Tr?c R 5_Tr?c_V?n t?c_1
PLC/取料1_R轴5_Axis_Vel,取料1_R轴5_Axis_Vel_2,27704,取料1_R轴5_Axis_Vel_2,Pickup 1_R Axis 5_Axis_Vel_2,L?y v?t li?u 1_Tr?c R 5_Tr?c_V?n t?c_2
PLC/取料1_R轴5_Axis_Vel,取料1_R轴5_Axis_Vel_3,27706,取料1_R轴5_Axis_Vel_3,Pickup 1_R Axis 5_Axis_Vel_3,L?y v?t li?u 1_Tr?c R 5_Tr?c_V?n t?c_3
PLC/取料1_R轴5_Axis_Vel,取料1_R轴5_Axis_Vel_4,27708,取料1_R轴5_Axis_Vel_4,Pickup 1_R Axis 5_Axis_Vel_4,L?y v?t li?u 1_Tr?c R 5_Tr?c_V?n t?c_4
PLC/取料1_R轴5_Axis_Vel,取料1_R轴5_Axis_Vel_5,27710,取料1_R轴5_Axis_Vel_5,Pickup 1_R Axis 5_Axis_Vel_5,L?y v?t li?u 1_Tr?c R 5_Tr?c_V?n t?c_5
PLC/取料1_R轴5_Axis_Vel,取料1_R轴5_Axis_Vel_6,27712,取料1_R轴5_Axis_Vel_6,Pickup 1_R Axis 5_Axis_Vel_6,L?y v?t li?u 1_Tr?c R 5_Tr?c_V?n t?c_6
PLC/取料1_R轴5_Axis_Vel,取料1_R轴5_Axis_Vel_7,27714,取料1_R轴5_Axis_Vel_7,Pickup 1_R Axis 5_Axis_Vel_7,L?y v?t li?u 1_Tr?c R 5_Tr?c_V?n t?c_7
PLC/取料1_R轴5_Axis_Vel,取料1_R轴5_Axis_Vel_8,27716,取料1_R轴5_Axis_Vel_8,Pickup 1_R Axis 5_Axis_Vel_8,L?y v?t li?u 1_Tr?c R 5_Tr?c_V?n t?c_8
PLC/取料1_R轴5_Axis_Vel,取料1_R轴5_Axis_Vel_9,27718,取料1_R轴5_Axis_Vel_9,Pickup 1_R Axis 5_Axis_Vel_9,L?y v?t li?u 1_Tr?c R 5_Tr?c_V?n t?c_9
PLC/取料1_R轴5_Axis_Vel,取料1_R轴5_Axis_Vel_10,27720,取料1_R轴5_Axis_Vel_10,Pickup 1_R Axis 5_Axis_Vel_10,L?y v?t li?u 1_Tr?c R 5_Tr?c_V?n t?c_10
PLC/取料1_R轴5_Axis_Vel,取料1_R轴5_Axis_Vel_11,27722,取料1_R轴5_Axis_Vel_11,Pickup 1_R Axis 5_Axis_Vel_11,L?y v?t li?u 1_Tr?c R 5_Tr?c_V?n t?c_11
PLC/取料1_R轴5_Axis_Vel,取料1_R轴5_Axis_Vel_12,27724,取料1_R轴5_Axis_Vel_12,Pickup 1_R Axis 5_Axis_Vel_12,L?y v?t li?u 1_Tr?c R 5_Tr?c_V?n t?c_12
PLC/取料1_R轴5_Axis_Vel,取料1_R轴5_Axis_Vel_13,27726,取料1_R轴5_Axis_Vel_13,Pickup 1_R Axis 5_Axis_Vel_13,L?y v?t li?u 1_Tr?c R 5_Tr?c_V?n t?c_13
PLC/取料1_R轴5_Axis_Vel,取料1_R轴5_Axis_Vel_14,27728,取料1_R轴5_Axis_Vel_14,Pickup 1_R Axis 5_Axis_Vel_14,L?y v?t li?u 1_Tr?c R 5_Tr?c_V?n t?c_14
PLC/取料1_R轴5_Axis_Vel,取料1_R轴5_Axis_Vel_15,27730,取料1_R轴5_Axis_Vel_15,Pickup 1_R Axis 5_Axis_Vel_15,L?y v?t li?u 1_Tr?c R 5_Tr?c_V?n t?c_15
PLC/取料1_R轴5_Axis_Vel,取料1_R轴5_Axis_Vel_16,27732,取料1_R轴5_Axis_Vel_16,Pickup 1_R Axis 5_Axis_Vel_16,L?y v?t li?u 1_Tr?c R 5_Tr?c_V?n t?c_16
PLC/取料1_R轴5_Axis_Vel,取料1_R轴5_Axis_Vel_17,27734,取料1_R轴5_Axis_Vel_17,Pickup 1_R Axis 5_Axis_Vel_17,L?y v?t li?u 1_Tr?c R 5_Tr?c_V?n t?c_17
PLC/取料1_R轴5_Axis_Vel,取料1_R轴5_Axis_Vel_18,27736,取料1_R轴5_Axis_Vel_18,Pickup 1_R Axis 5_Axis_Vel_18,L?y v?t li?u 1_Tr?c R 5_Tr?c_V?n t?c_18
PLC/取料1_R轴5_Axis_Vel,取料1_R轴5_Axis_Vel_19,27738,取料1_R轴5_Axis_Vel_19,Pickup 1_R Axis 5_Axis_Vel_19,L?y v?t li?u 1_Tr?c R 5_Tr?c_V?n t?c_19
PLC/取料1_R轴5_Axis_Vel,取料1_R轴5_Axis_Vel_20,27740,取料1_R轴5_Axis_Vel_20,Pickup 1_R Axis 5_Axis_Vel_20,L?y v?t li?u 1_Tr?c R 5_Tr?c_V?n t?c_20
PLC/取料1_R轴5_Axis_Vel,取料1_R轴5_Axis_Vel_21,27742,取料1_R轴5_Axis_Vel_21,Pickup 1_R Axis 5_Axis_Vel_21,L?y v?t li?u 1_Tr?c R 5_Tr?c_V?n t?c_21
PLC/取料1_R轴5_Axis_Vel,取料1_R轴5_Axis_Vel_22,27744,取料1_R轴5_Axis_Vel_22,Pickup 1_R Axis 5_Axis_Vel_22,L?y v?t li?u 1_Tr?c R 5_Tr?c_V?n t?c_22
PLC/取料1_R轴5_Axis_Vel,取料1_R轴5_Axis_Vel_23,27746,取料1_R轴5_Axis_Vel_23,Pickup 1_R Axis 5_Axis_Vel_23,L?y v?t li?u 1_Tr?c R 5_Tr?c_V?n t?c_23
PLC/取料1_R轴5_Axis_Vel,取料1_R轴5_Axis_Vel_24,27748,取料1_R轴5_Axis_Vel_24,Pickup 1_R Axis 5_Axis_Vel_24,L?y v?t li?u 1_Tr?c R 5_Tr?c_V?n t?c_24
PLC/取料1_R轴5_Axis_Vel,取料1_R轴5_Axis_Vel_25,27750,取料1_R轴5_Axis_Vel_25,Pickup 1_R Axis 5_Axis_Vel_25,L?y v?t li?u 1_Tr?c R 5_Tr?c_V?n t?c_25
PLC/取料1_R轴5_Axis_Vel,取料1_R轴5_Axis_Vel_26,27752,取料1_R轴5_Axis_Vel_26,Pickup 1_R Axis 5_Axis_Vel_26,L?y v?t li?u 1_Tr?c R 5_Tr?c_V?n t?c_26
PLC/取料1_R轴5_Axis_Vel,取料1_R轴5_Axis_Vel_27,27754,取料1_R轴5_Axis_Vel_27,Pickup 1_R Axis 5_Axis_Vel_27,L?y v?t li?u 1_Tr?c R 5_Tr?c_V?n t?c_27
PLC/取料1_R轴5_Axis_Vel,取料1_R轴5_Axis_Vel_28,27756,取料1_R轴5_Axis_Vel_28,Pickup 1_R Axis 5_Axis_Vel_28,L?y v?t li?u 1_Tr?c R 5_Tr?c_V?n t?c_28
PLC/取料1_R轴5_Axis_Vel,取料1_R轴5_Axis_Vel_29,27758,取料1_R轴5_Axis_Vel_29,Pickup 1_R Axis 5_Axis_Vel_29,L?y v?t li?u 1_Tr?c R 5_Tr?c_V?n t?c_29
PLC/取料1_R轴5_Axis_Vel,取料1_R轴5_Axis_Vel_30,27760,取料1_R轴5_Axis_Vel_30,Pickup 1_R Axis 5_Axis_Vel_30,L?y v?t li?u 1_Tr?c R 5_Tr?c_V?n t?c_30
PLC/取料1_R轴5_Axis_Vel,取料1_R轴5_Axis_Vel_31,27762,取料1_R轴5_Axis_Vel_31,Pickup 1_R Axis 5_Axis_Vel_31,L?y v?t li?u 1_Tr?c R 5_Tr?c_V?n t?c_31
PLC/取料1_R轴5_Axis_Vel,取料1_R轴5_Axis_Vel_32,27764,取料1_R轴5_Axis_Vel_32,Pickup 1_R Axis 5_Axis_Vel_32,L?y v?t li?u 1_Tr?c R 5_Tr?c_V?n t?c_32
PLC/取料1_R轴5_Axis_Vel,取料1_R轴5_Axis_Vel_33,27766,取料1_R轴5_Axis_Vel_33,Pickup 1_R Axis 5_Axis_Vel_33,L?y v?t li?u 1_Tr?c R 5_Tr?c_V?n t?c_33
PLC/取料1_R轴5_Axis_Vel,取料1_R轴5_Axis_Vel_34,27768,取料1_R轴5_Axis_Vel_34,Pickup 1_R Axis 5_Axis_Vel_34,L?y v?t li?u 1_Tr?c R 5_Tr?c_V?n t?c_34
PLC/取料1_R轴5_Axis_Vel,取料1_R轴5_Axis_Vel_35,27770,取料1_R轴5_Axis_Vel_35,Pickup 1_R Axis 5_Axis_Vel_35,L?y v?t li?u 1_Tr?c R 5_Tr?c_V?n t?c_35
PLC/取料1_R轴5_Axis_Vel,取料1_R轴5_Axis_Vel_36,27772,取料1_R轴5_Axis_Vel_36,Pickup 1_R Axis 5_Axis_Vel_36,L?y v?t li?u 1_Tr?c R 5_Tr?c_V?n t?c_36
PLC/取料1_R轴5_Axis_Vel,取料1_R轴5_Axis_Vel_37,27774,取料1_R轴5_Axis_Vel_37,Pickup 1_R Axis 5_Axis_Vel_37,L?y v?t li?u 1_Tr?c R 5_Tr?c_V?n t?c_37
PLC/取料1_R轴5_Axis_Vel,取料1_R轴5_Axis_Vel_38,27776,取料1_R轴5_Axis_Vel_38,Pickup 1_R Axis 5_Axis_Vel_38,L?y v?t li?u 1_Tr?c R 5_Tr?c_V?n t?c_38
PLC/取料1_R轴5_Axis_Vel,取料1_R轴5_Axis_Vel_39,27778,取料1_R轴5_Axis_Vel_39,Pickup 1_R Axis 5_Axis_Vel_39,L?y v?t li?u 1_Tr?c R 5_Tr?c_V?n t?c_39
PLC/取料1_R轴5_Axis_Vel,取料1_R轴5_Axis_Vel_40,27780,取料1_R轴5_Axis_Vel_40,Pickup 1_R Axis 5_Axis_Vel_40,L?y v?t li?u 1_Tr?c R 5_Tr?c_V?n t?c_40
PLC/取料1_R轴5_Axis_Vel,取料1_R轴5_Axis_Vel_41,27782,取料1_R轴5_Axis_Vel_41,Pickup 1_R Axis 5_Axis_Vel_41,L?y v?t li?u 1_Tr?c R 5_Tr?c_V?n t?c_41
PLC/取料1_R轴5_Axis_Vel,取料1_R轴5_Axis_Vel_42,27784,取料1_R轴5_Axis_Vel_42,Pickup 1_R Axis 5_Axis_Vel_42,L?y v?t li?u 1_Tr?c R 5_Tr?c_V?n t?c_42
PLC/取料1_R轴5_Axis_Vel,取料1_R轴5_Axis_Vel_43,27786,取料1_R轴5_Axis_Vel_43,Pickup 1_R Axis 5_Axis_Vel_43,L?y v?t li?u 1_Tr?c R 5_Tr?c_V?n t?c_43
PLC/取料1_R轴5_Axis_Vel,取料1_R轴5_Axis_Vel_44,27788,取料1_R轴5_Axis_Vel_44,Pickup 1_R Axis 5_Axis_Vel_44,L?y v?t li?u 1_Tr?c R 5_Tr?c_V?n t?c_44
PLC/取料1_R轴5_Axis_Vel,取料1_R轴5_Axis_Vel_45,27790,取料1_R轴5_Axis_Vel_45,Pickup 1_R Axis 5_Axis_Vel_45,L?y v?t li?u 1_Tr?c R 5_Tr?c_V?n t?c_45
PLC/取料1_R轴5_Axis_Vel,取料1_R轴5_Axis_Vel_46,27792,取料1_R轴5_Axis_Vel_46,Pickup 1_R Axis 5_Axis_Vel_46,L?y v?t li?u 1_Tr?c R 5_Tr?c_V?n t?c_46
PLC/取料1_R轴5_Axis_Vel,取料1_R轴5_Axis_Vel_47,27794,取料1_R轴5_Axis_Vel_47,Pickup 1_R Axis 5_Axis_Vel_47,L?y v?t li?u 1_Tr?c R 5_Tr?c_V?n t?c_47

PLC/取料1_Z轴6_Axis_Pos,取料1_Z轴6_Axis_Pos_0,27800,取料1_Z轴6_Axis_Pos_0,Pickup 1_Z Axis 6_Axis_Pos_0,L?y v?t li?u 1_Tr?c Z 6_Tr?c_V? trí_0
PLC/取料1_Z轴6_Axis_Pos,取料1_Z轴6_Axis_Pos_1,27802,取料1_Z轴6_Axis_Pos_1,Pickup 1_Z Axis 6_Axis_Pos_1,L?y v?t li?u 1_Tr?c Z 6_Tr?c_V? trí_1
PLC/取料1_Z轴6_Axis_Pos,取料1_Z轴6_Axis_Pos_2,27804,取料1_Z轴6_Axis_Pos_2,Pickup 1_Z Axis 6_Axis_Pos_2,L?y v?t li?u 1_Tr?c Z 6_Tr?c_V? trí_2
PLC/取料1_Z轴6_Axis_Pos,取料1_Z轴6_Axis_Pos_3,27806,取料1_Z轴6_Axis_Pos_3,Pickup 1_Z Axis 6_Axis_Pos_3,L?y v?t li?u 1_Tr?c Z 6_Tr?c_V? trí_3
PLC/取料1_Z轴6_Axis_Pos,取料1_Z轴6_Axis_Pos_4,27808,取料1_Z轴6_Axis_Pos_4,Pickup 1_Z Axis 6_Axis_Pos_4,L?y v?t li?u 1_Tr?c Z 6_Tr?c_V? trí_4
PLC/取料1_Z轴6_Axis_Pos,取料1_Z轴6_Axis_Pos_5,27810,取料1_Z轴6_Axis_Pos_5,Pickup 1_Z Axis 6_Axis_Pos_5,L?y v?t li?u 1_Tr?c Z 6_Tr?c_V? trí_5
PLC/取料1_Z轴6_Axis_Pos,取料1_Z轴6_Axis_Pos_6,27812,取料1_Z轴6_Axis_Pos_6,Pickup 1_Z Axis 6_Axis_Pos_6,L?y v?t li?u 1_Tr?c Z 6_Tr?c_V? trí_6
PLC/取料1_Z轴6_Axis_Pos,取料1_Z轴6_Axis_Pos_7,27814,取料1_Z轴6_Axis_Pos_7,Pickup 1_Z Axis 6_Axis_Pos_7,L?y v?t li?u 1_Tr?c Z 6_Tr?c_V? trí_7
PLC/取料1_Z轴6_Axis_Pos,取料1_Z轴6_Axis_Pos_8,27816,取料1_Z轴6_Axis_Pos_8,Pickup 1_Z Axis 6_Axis_Pos_8,L?y v?t li?u 1_Tr?c Z 6_Tr?c_V? trí_8
PLC/取料1_Z轴6_Axis_Pos,取料1_Z轴6_Axis_Pos_9,27818,取料1_Z轴6_Axis_Pos_9,Pickup 1_Z Axis 6_Axis_Pos_9,L?y v?t li?u 1_Tr?c Z 6_Tr?c_V? trí_9
PLC/取料1_Z轴6_Axis_Pos,取料1_Z轴6_Axis_Pos_10,27820,取料1_Z轴6_Axis_Pos_10,Pickup 1_Z Axis 6_Axis_Pos_10,L?y v?t li?u 1_Tr?c Z 6_Tr?c_V? trí_10
PLC/取料1_Z轴6_Axis_Pos,取料1_Z轴6_Axis_Pos_11,27822,取料1_Z轴6_Axis_Pos_11,Pickup 1_Z Axis 6_Axis_Pos_11,L?y v?t li?u 1_Tr?c Z 6_Tr?c_V? trí_11
PLC/取料1_Z轴6_Axis_Pos,取料1_Z轴6_Axis_Pos_12,27824,取料1_Z轴6_Axis_Pos_12,Pickup 1_Z Axis 6_Axis_Pos_12,L?y v?t li?u 1_Tr?c Z 6_Tr?c_V? trí_12
PLC/取料1_Z轴6_Axis_Pos,取料1_Z轴6_Axis_Pos_13,27826,取料1_Z轴6_Axis_Pos_13,Pickup 1_Z Axis 6_Axis_Pos_13,L?y v?t li?u 1_Tr?c Z 6_Tr?c_V? trí_13
PLC/取料1_Z轴6_Axis_Pos,取料1_Z轴6_Axis_Pos_14,27828,取料1_Z轴6_Axis_Pos_14,Pickup 1_Z Axis 6_Axis_Pos_14,L?y v?t li?u 1_Tr?c Z 6_Tr?c_V? trí_14
PLC/取料1_Z轴6_Axis_Pos,取料1_Z轴6_Axis_Pos_15,27830,取料1_Z轴6_Axis_Pos_15,Pickup 1_Z Axis 6_Axis_Pos_15,L?y v?t li?u 1_Tr?c Z 6_Tr?c_V? trí_15
PLC/取料1_Z轴6_Axis_Pos,取料1_Z轴6_Axis_Pos_16,27832,取料1_Z轴6_Axis_Pos_16,Pickup 1_Z Axis 6_Axis_Pos_16,L?y v?t li?u 1_Tr?c Z 6_Tr?c_V? trí_16
PLC/取料1_Z轴6_Axis_Pos,取料1_Z轴6_Axis_Pos_17,27834,取料1_Z轴6_Axis_Pos_17,Pickup 1_Z Axis 6_Axis_Pos_17,L?y v?t li?u 1_Tr?c Z 6_Tr?c_V? trí_17
PLC/取料1_Z轴6_Axis_Pos,取料1_Z轴6_Axis_Pos_18,27836,取料1_Z轴6_Axis_Pos_18,Pickup 1_Z Axis 6_Axis_Pos_18,L?y v?t li?u 1_Tr?c Z 6_Tr?c_V? trí_18
PLC/取料1_Z轴6_Axis_Pos,取料1_Z轴6_Axis_Pos_19,27838,取料1_Z轴6_Axis_Pos_19,Pickup 1_Z Axis 6_Axis_Pos_19,L?y v?t li?u 1_Tr?c Z 6_Tr?c_V? trí_19
PLC/取料1_Z轴6_Axis_Pos,取料1_Z轴6_Axis_Pos_20,27840,取料1_Z轴6_Axis_Pos_20,Pickup 1_Z Axis 6_Axis_Pos_20,L?y v?t li?u 1_Tr?c Z 6_Tr?c_V? trí_20
PLC/取料1_Z轴6_Axis_Pos,取料1_Z轴6_Axis_Pos_21,27842,取料1_Z轴6_Axis_Pos_21,Pickup 1_Z Axis 6_Axis_Pos_21,L?y v?t li?u 1_Tr?c Z 6_Tr?c_V? trí_21
PLC/取料1_Z轴6_Axis_Pos,取料1_Z轴6_Axis_Pos_22,27844,取料1_Z轴6_Axis_Pos_22,Pickup 1_Z Axis 6_Axis_Pos_22,L?y v?t li?u 1_Tr?c Z 6_Tr?c_V? trí_22
PLC/取料1_Z轴6_Axis_Pos,取料1_Z轴6_Axis_Pos_23,27846,取料1_Z轴6_Axis_Pos_23,Pickup 1_Z Axis 6_Axis_Pos_23,L?y v?t li?u 1_Tr?c Z 6_Tr?c_V? trí_23
PLC/取料1_Z轴6_Axis_Pos,取料1_Z轴6_Axis_Pos_24,27848,取料1_Z轴6_Axis_Pos_24,Pickup 1_Z Axis 6_Axis_Pos_24,L?y v?t li?u 1_Tr?c Z 6_Tr?c_V? trí_24
PLC/取料1_Z轴6_Axis_Pos,取料1_Z轴6_Axis_Pos_25,27850,取料1_Z轴6_Axis_Pos_25,Pickup 1_Z Axis 6_Axis_Pos_25,L?y v?t li?u 1_Tr?c Z 6_Tr?c_V? trí_25
PLC/取料1_Z轴6_Axis_Pos,取料1_Z轴6_Axis_Pos_26,27852,取料1_Z轴6_Axis_Pos_26,Pickup 1_Z Axis 6_Axis_Pos_26,L?y v?t li?u 1_Tr?c Z 6_Tr?c_V? trí_26
PLC/取料1_Z轴6_Axis_Pos,取料1_Z轴6_Axis_Pos_27,27854,取料1_Z轴6_Axis_Pos_27,Pickup 1_Z Axis 6_Axis_Pos_27,L?y v?t li?u 1_Tr?c Z 6_Tr?c_V? trí_27
PLC/取料1_Z轴6_Axis_Pos,取料1_Z轴6_Axis_Pos_28,27856,取料1_Z轴6_Axis_Pos_28,Pickup 1_Z Axis 6_Axis_Pos_28,L?y v?t li?u 1_Tr?c Z 6_Tr?c_V? trí_28
PLC/取料1_Z轴6_Axis_Pos,取料1_Z轴6_Axis_Pos_29,27858,取料1_Z轴6_Axis_Pos_29,Pickup 1_Z Axis 6_Axis_Pos_29,L?y v?t li?u 1_Tr?c Z 6_Tr?c_V? trí_29
PLC/取料1_Z轴6_Axis_Pos,取料1_Z轴6_Axis_Pos_30,27860,取料1_Z轴6_Axis_Pos_30,Pickup 1_Z Axis 6_Axis_Pos_30,L?y v?t li?u 1_Tr?c Z 6_Tr?c_V? trí_30
PLC/取料1_Z轴6_Axis_Pos,取料1_Z轴6_Axis_Pos_31,27862,取料1_Z轴6_Axis_Pos_31,Pickup 1_Z Axis 6_Axis_Pos_31,L?y v?t li?u 1_Tr?c Z 6_Tr?c_V? trí_31
PLC/取料1_Z轴6_Axis_Pos,取料1_Z轴6_Axis_Pos_32,27864,取料1_Z轴6_Axis_Pos_32,Pickup 1_Z Axis 6_Axis_Pos_32,L?y v?t li?u 1_Tr?c Z 6_Tr?c_V? trí_32
PLC/取料1_Z轴6_Axis_Pos,取料1_Z轴6_Axis_Pos_33,27866,取料1_Z轴6_Axis_Pos_33,Pickup 1_Z Axis 6_Axis_Pos_33,L?y v?t li?u 1_Tr?c Z 6_Tr?c_V? trí_33
PLC/取料1_Z轴6_Axis_Pos,取料1_Z轴6_Axis_Pos_34,27868,取料1_Z轴6_Axis_Pos_34,Pickup 1_Z Axis 6_Axis_Pos_34,L?y v?t li?u 1_Tr?c Z 6_Tr?c_V? trí_34
PLC/取料1_Z轴6_Axis_Pos,取料1_Z轴6_Axis_Pos_35,27870,取料1_Z轴6_Axis_Pos_35,Pickup 1_Z Axis 6_Axis_Pos_35,L?y v?t li?u 1_Tr?c Z 6_Tr?c_V? trí_35
PLC/取料1_Z轴6_Axis_Pos,取料1_Z轴6_Axis_Pos_36,27872,取料1_Z轴6_Axis_Pos_36,Pickup 1_Z Axis 6_Axis_Pos_36,L?y v?t li?u 1_Tr?c Z 6_Tr?c_V? trí_36
PLC/取料1_Z轴6_Axis_Pos,取料1_Z轴6_Axis_Pos_37,27874,取料1_Z轴6_Axis_Pos_37,Pickup 1_Z Axis 6_Axis_Pos_37,L?y v?t li?u 1_Tr?c Z 6_Tr?c_V? trí_37
PLC/取料1_Z轴6_Axis_Pos,取料1_Z轴6_Axis_Pos_38,27876,取料1_Z轴6_Axis_Pos_38,Pickup 1_Z Axis 6_Axis_Pos_38,L?y v?t li?u 1_Tr?c Z 6_Tr?c_V? trí_38
PLC/取料1_Z轴6_Axis_Pos,取料1_Z轴6_Axis_Pos_39,27878,取料1_Z轴6_Axis_Pos_39,Pickup 1_Z Axis 6_Axis_Pos_39,L?y v?t li?u 1_Tr?c Z 6_Tr?c_V? trí_39
PLC/取料1_Z轴6_Axis_Pos,取料1_Z轴6_Axis_Pos_40,27880,取料1_Z轴6_Axis_Pos_40,Pickup 1_Z Axis 6_Axis_Pos_40,L?y v?t li?u 1_Tr?c Z 6_Tr?c_V? trí_40
PLC/取料1_Z轴6_Axis_Pos,取料1_Z轴6_Axis_Pos_41,27882,取料1_Z轴6_Axis_Pos_41,Pickup 1_Z Axis 6_Axis_Pos_41,L?y v?t li?u 1_Tr?c Z 6_Tr?c_V? trí_41
PLC/取料1_Z轴6_Axis_Pos,取料1_Z轴6_Axis_Pos_42,27884,取料1_Z轴6_Axis_Pos_42,Pickup 1_Z Axis 6_Axis_Pos_42,L?y v?t li?u 1_Tr?c Z 6_Tr?c_V? trí_42
PLC/取料1_Z轴6_Axis_Pos,取料1_Z轴6_Axis_Pos_43,27886,取料1_Z轴6_Axis_Pos_43,Pickup 1_Z Axis 6_Axis_Pos_43,L?y v?t li?u 1_Tr?c Z 6_Tr?c_V? trí_43
PLC/取料1_Z轴6_Axis_Pos,取料1_Z轴6_Axis_Pos_44,27888,取料1_Z轴6_Axis_Pos_44,Pickup 1_Z Axis 6_Axis_Pos_44,L?y v?t li?u 1_Tr?c Z 6_Tr?c_V? trí_44
PLC/取料1_Z轴6_Axis_Pos,取料1_Z轴6_Axis_Pos_45,27890,取料1_Z轴6_Axis_Pos_45,Pickup 1_Z Axis 6_Axis_Pos_45,L?y v?t li?u 1_Tr?c Z 6_Tr?c_V? trí_45
PLC/取料1_Z轴6_Axis_Pos,取料1_Z轴6_Axis_Pos_46,27892,取料1_Z轴6_Axis_Pos_46,Pickup 1_Z Axis 6_Axis_Pos_46,L?y v?t li?u 1_Tr?c Z 6_Tr?c_V? trí_46
PLC/取料1_Z轴6_Axis_Pos,取料1_Z轴6_Axis_Pos_47,27894,取料1_Z轴6_Axis_Pos_47,Pickup 1_Z Axis 6_Axis_Pos_47,L?y v?t li?u 1_Tr?c Z 6_Tr?c_V? trí_47



PLC/取料1_Z轴6_Axis_Vel,取料1_Z轴6_Axis_Vel_0,27900,取料1_Z轴6_Axis_Vel_0,Pickup 1_Z Axis 6_Axis_Vel_0,L?y v?t li?u 1_Tr?c Z 6_Tr?c_V?n t?c_0
PLC/取料1_Z轴6_Axis_Vel,取料1_Z轴6_Axis_Vel_1,27902,取料1_Z轴6_Axis_Vel_1,Pickup 1_Z Axis 6_Axis_Vel_1,L?y v?t li?u 1_Tr?c Z 6_Tr?c_V?n t?c_1
PLC/取料1_Z轴6_Axis_Vel,取料1_Z轴6_Axis_Vel_2,27904,取料1_Z轴6_Axis_Vel_2,Pickup 1_Z Axis 6_Axis_Vel_2,L?y v?t li?u 1_Tr?c Z 6_Tr?c_V?n t?c_2
PLC/取料1_Z轴6_Axis_Vel,取料1_Z轴6_Axis_Vel_3,27906,取料1_Z轴6_Axis_Vel_3,Pickup 1_Z Axis 6_Axis_Vel_3,L?y v?t li?u 1_Tr?c Z 6_Tr?c_V?n t?c_3
PLC/取料1_Z轴6_Axis_Vel,取料1_Z轴6_Axis_Vel_4,27908,取料1_Z轴6_Axis_Vel_4,Pickup 1_Z Axis 6_Axis_Vel_4,L?y v?t li?u 1_Tr?c Z 6_Tr?c_V?n t?c_4
PLC/取料1_Z轴6_Axis_Vel,取料1_Z轴6_Axis_Vel_5,27910,取料1_Z轴6_Axis_Vel_5,Pickup 1_Z Axis 6_Axis_Vel_5,L?y v?t li?u 1_Tr?c Z 6_Tr?c_V?n t?c_5
PLC/取料1_Z轴6_Axis_Vel,取料1_Z轴6_Axis_Vel_6,27912,取料1_Z轴6_Axis_Vel_6,Pickup 1_Z Axis 6_Axis_Vel_6,L?y v?t li?u 1_Tr?c Z 6_Tr?c_V?n t?c_6
PLC/取料1_Z轴6_Axis_Vel,取料1_Z轴6_Axis_Vel_7,27914,取料1_Z轴6_Axis_Vel_7,Pickup 1_Z Axis 6_Axis_Vel_7,L?y v?t li?u 1_Tr?c Z 6_Tr?c_V?n t?c_7
PLC/取料1_Z轴6_Axis_Vel,取料1_Z轴6_Axis_Vel_8,27916,取料1_Z轴6_Axis_Vel_8,Pickup 1_Z Axis 6_Axis_Vel_8,L?y v?t li?u 1_Tr?c Z 6_Tr?c_V?n t?c_8
PLC/取料1_Z轴6_Axis_Vel,取料1_Z轴6_Axis_Vel_9,27918,取料1_Z轴6_Axis_Vel_9,Pickup 1_Z Axis 6_Axis_Vel_9,L?y v?t li?u 1_Tr?c Z 6_Tr?c_V?n t?c_9
PLC/取料1_Z轴6_Axis_Vel,取料1_Z轴6_Axis_Vel_10,27920,取料1_Z轴6_Axis_Vel_10,Pickup 1_Z Axis 6_Axis_Vel_10,L?y v?t li?u 1_Tr?c Z 6_Tr?c_V?n t?c_10
PLC/取料1_Z轴6_Axis_Vel,取料1_Z轴6_Axis_Vel_11,27922,取料1_Z轴6_Axis_Vel_11,Pickup 1_Z Axis 6_Axis_Vel_11,L?y v?t li?u 1_Tr?c Z 6_Tr?c_V?n t?c_11
PLC/取料1_Z轴6_Axis_Vel,取料1_Z轴6_Axis_Vel_12,27924,取料1_Z轴6_Axis_Vel_12,Pickup 1_Z Axis 6_Axis_Vel_12,L?y v?t li?u 1_Tr?c Z 6_Tr?c_V?n t?c_12
PLC/取料1_Z轴6_Axis_Vel,取料1_Z轴6_Axis_Vel_13,27926,取料1_Z轴6_Axis_Vel_13,Pickup 1_Z Axis 6_Axis_Vel_13,L?y v?t li?u 1_Tr?c Z 6_Tr?c_V?n t?c_13
PLC/取料1_Z轴6_Axis_Vel,取料1_Z轴6_Axis_Vel_14,27928,取料1_Z轴6_Axis_Vel_14,Pickup 1_Z Axis 6_Axis_Vel_14,L?y v?t li?u 1_Tr?c Z 6_Tr?c_V?n t?c_14
PLC/取料1_Z轴6_Axis_Vel,取料1_Z轴6_Axis_Vel_15,27930,取料1_Z轴6_Axis_Vel_15,Pickup 1_Z Axis 6_Axis_Vel_15,L?y v?t li?u 1_Tr?c Z 6_Tr?c_V?n t?c_15
PLC/取料1_Z轴6_Axis_Vel,取料1_Z轴6_Axis_Vel_16,27932,取料1_Z轴6_Axis_Vel_16,Pickup 1_Z Axis 6_Axis_Vel_16,L?y v?t li?u 1_Tr?c Z 6_Tr?c_V?n t?c_16
PLC/取料1_Z轴6_Axis_Vel,取料1_Z轴6_Axis_Vel_17,27934,取料1_Z轴6_Axis_Vel_17,Pickup 1_Z Axis 6_Axis_Vel_17,L?y v?t li?u 1_Tr?c Z 6_Tr?c_V?n t?c_17
PLC/取料1_Z轴6_Axis_Vel,取料1_Z轴6_Axis_Vel_18,27936,取料1_Z轴6_Axis_Vel_18,Pickup 1_Z Axis 6_Axis_Vel_18,L?y v?t li?u 1_Tr?c Z 6_Tr?c_V?n t?c_18
PLC/取料1_Z轴6_Axis_Vel,取料1_Z轴6_Axis_Vel_19,27938,取料1_Z轴6_Axis_Vel_19,Pickup 1_Z Axis 6_Axis_Vel_19,L?y v?t li?u 1_Tr?c Z 6_Tr?c_V?n t?c_19
PLC/取料1_Z轴6_Axis_Vel,取料1_Z轴6_Axis_Vel_20,27940,取料1_Z轴6_Axis_Vel_20,Pickup 1_Z Axis 6_Axis_Vel_20,L?y v?t li?u 1_Tr?c Z 6_Tr?c_V?n t?c_20
PLC/取料1_Z轴6_Axis_Vel,取料1_Z轴6_Axis_Vel_21,27942,取料1_Z轴6_Axis_Vel_21,Pickup 1_Z Axis 6_Axis_Vel_21,L?y v?t li?u 1_Tr?c Z 6_Tr?c_V?n t?c_21
PLC/取料1_Z轴6_Axis_Vel,取料1_Z轴6_Axis_Vel_22,27944,取料1_Z轴6_Axis_Vel_22,Pickup 1_Z Axis 6_Axis_Vel_22,L?y v?t li?u 1_Tr?c Z 6_Tr?c_V?n t?c_22
PLC/取料1_Z轴6_Axis_Vel,取料1_Z轴6_Axis_Vel_23,27946,取料1_Z轴6_Axis_Vel_23,Pickup 1_Z Axis 6_Axis_Vel_23,L?y v?t li?u 1_Tr?c Z 6_Tr?c_V?n t?c_23
PLC/取料1_Z轴6_Axis_Vel,取料1_Z轴6_Axis_Vel_24,27948,取料1_Z轴6_Axis_Vel_24,Pickup 1_Z Axis 6_Axis_Vel_24,L?y v?t li?u 1_Tr?c Z 6_Tr?c_V?n t?c_24
PLC/取料1_Z轴6_Axis_Vel,取料1_Z轴6_Axis_Vel_25,27950,取料1_Z轴6_Axis_Vel_25,Pickup 1_Z Axis 6_Axis_Vel_25,L?y v?t li?u 1_Tr?c Z 6_Tr?c_V?n t?c_25
PLC/取料1_Z轴6_Axis_Vel,取料1_Z轴6_Axis_Vel_26,27952,取料1_Z轴6_Axis_Vel_26,Pickup 1_Z Axis 6_Axis_Vel_26,L?y v?t li?u 1_Tr?c Z 6_Tr?c_V?n t?c_26
PLC/取料1_Z轴6_Axis_Vel,取料1_Z轴6_Axis_Vel_27,27954,取料1_Z轴6_Axis_Vel_27,Pickup 1_Z Axis 6_Axis_Vel_27,L?y v?t li?u 1_Tr?c Z 6_Tr?c_V?n t?c_27
PLC/取料1_Z轴6_Axis_Vel,取料1_Z轴6_Axis_Vel_28,27956,取料1_Z轴6_Axis_Vel_28,Pickup 1_Z Axis 6_Axis_Vel_28,L?y v?t li?u 1_Tr?c Z 6_Tr?c_V?n t?c_28
PLC/取料1_Z轴6_Axis_Vel,取料1_Z轴6_Axis_Vel_29,27958,取料1_Z轴6_Axis_Vel_29,Pickup 1_Z Axis 6_Axis_Vel_29,L?y v?t li?u 1_Tr?c Z 6_Tr?c_V?n t?c_29
PLC/取料1_Z轴6_Axis_Vel,取料1_Z轴6_Axis_Vel_30,27960,取料1_Z轴6_Axis_Vel_30,Pickup 1_Z Axis 6_Axis_Vel_30,L?y v?t li?u 1_Tr?c Z 6_Tr?c_V?n t?c_30
PLC/取料1_Z轴6_Axis_Vel,取料1_Z轴6_Axis_Vel_31,27962,取料1_Z轴6_Axis_Vel_31,Pickup 1_Z Axis 6_Axis_Vel_31,L?y v?t li?u 1_Tr?c Z 6_Tr?c_V?n t?c_31
PLC/取料1_Z轴6_Axis_Vel,取料1_Z轴6_Axis_Vel_32,27964,取料1_Z轴6_Axis_Vel_32,Pickup 1_Z Axis 6_Axis_Vel_32,L?y v?t li?u 1_Tr?c Z 6_Tr?c_V?n t?c_32
PLC/取料1_Z轴6_Axis_Vel,取料1_Z轴6_Axis_Vel_33,27966,取料1_Z轴6_Axis_Vel_33,Pickup 1_Z Axis 6_Axis_Vel_33,L?y v?t li?u 1_Tr?c Z 6_Tr?c_V?n t?c_33
PLC/取料1_Z轴6_Axis_Vel,取料1_Z轴6_Axis_Vel_34,27968,取料1_Z轴6_Axis_Vel_34,Pickup 1_Z Axis 6_Axis_Vel_34,L?y v?t li?u 1_Tr?c Z 6_Tr?c_V?n t?c_34
PLC/取料1_Z轴6_Axis_Vel,取料1_Z轴6_Axis_Vel_35,27970,取料1_Z轴6_Axis_Vel_35,Pickup 1_Z Axis 6_Axis_Vel_35,L?y v?t li?u 1_Tr?c Z 6_Tr?c_V?n t?c_35
PLC/取料1_Z轴6_Axis_Vel,取料1_Z轴6_Axis_Vel_36,27972,取料1_Z轴6_Axis_Vel_36,Pickup 1_Z Axis 6_Axis_Vel_36,L?y v?t li?u 1_Tr?c Z 6_Tr?c_V?n t?c_36
PLC/取料1_Z轴6_Axis_Vel,取料1_Z轴6_Axis_Vel_37,27974,取料1_Z轴6_Axis_Vel_37,Pickup 1_Z Axis 6_Axis_Vel_37,L?y v?t li?u 1_Tr?c Z 6_Tr?c_V?n t?c_37
PLC/取料1_Z轴6_Axis_Vel,取料1_Z轴6_Axis_Vel_38,27976,取料1_Z轴6_Axis_Vel_38,Pickup 1_Z Axis 6_Axis_Vel_38,L?y v?t li?u 1_Tr?c Z 6_Tr?c_V?n t?c_38
PLC/取料1_Z轴6_Axis_Vel,取料1_Z轴6_Axis_Vel_39,27978,取料1_Z轴6_Axis_Vel_39,Pickup 1_Z Axis 6_Axis_Vel_39,L?y v?t li?u 1_Tr?c Z 6_Tr?c_V?n t?c_39
PLC/取料1_Z轴6_Axis_Vel,取料1_Z轴6_Axis_Vel_40,27980,取料1_Z轴6_Axis_Vel_40,Pickup 1_Z Axis 6_Axis_Vel_40,L?y v?t li?u 1_Tr?c Z 6_Tr?c_V?n t?c_40
PLC/取料1_Z轴6_Axis_Vel,取料1_Z轴6_Axis_Vel_41,27982,取料1_Z轴6_Axis_Vel_41,Pickup 1_Z Axis 6_Axis_Vel_41,L?y v?t li?u 1_Tr?c Z 6_Tr?c_V?n t?c_41
PLC/取料1_Z轴6_Axis_Vel,取料1_Z轴6_Axis_Vel_42,27984,取料1_Z轴6_Axis_Vel_42,Pickup 1_Z Axis 6_Axis_Vel_42,L?y v?t li?u 1_Tr?c Z 6_Tr?c_V?n t?c_42
PLC/取料1_Z轴6_Axis_Vel,取料1_Z轴6_Axis_Vel_43,27986,取料1_Z轴6_Axis_Vel_43,Pickup 1_Z Axis 6_Axis_Vel_43,L?y v?t li?u 1_Tr?c Z 6_Tr?c_V?n t?c_43
PLC/取料1_Z轴6_Axis_Vel,取料1_Z轴6_Axis_Vel_44,27988,取料1_Z轴6_Axis_Vel_44,Pickup 1_Z Axis 6_Axis_Vel_44,L?y v?t li?u 1_Tr?c Z 6_Tr?c_V?n t?c_44
PLC/取料1_Z轴6_Axis_Vel,取料1_Z轴6_Axis_Vel_45,27990,取料1_Z轴6_Axis_Vel_45,Pickup 1_Z Axis 6_Axis_Vel_45,L?y v?t li?u 1_Tr?c Z 6_Tr?c_V?n t?c_45
PLC/取料1_Z轴6_Axis_Vel,取料1_Z轴6_Axis_Vel_46,27992,取料1_Z轴6_Axis_Vel_46,Pickup 1_Z Axis 6_Axis_Vel_46,L?y v?t li?u 1_Tr?c Z 6_Tr?c_V?n t?c_46
PLC/取料1_Z轴6_Axis_Vel,取料1_Z轴6_Axis_Vel_47,27994,取料1_Z轴6_Axis_Vel_47,Pickup 1_Z Axis 6_Axis_Vel_47,L?y v?t li?u 1_Tr?c Z 6_Tr?c_V?n t?c_47

PLC/取料1_R轴6_Axis_Pos,取料1_R轴6_Axis_Pos_0,28000,取料1_R轴6_Axis_Pos_0,Pickup 1_R Axis 6_Axis_Pos_0,L?y v?t li?u 1_Tr?c R 6_Tr?c_V? trí_0
PLC/取料1_R轴6_Axis_Pos,取料1_R轴6_Axis_Pos_1,28002,取料1_R轴6_Axis_Pos_1,Pickup 1_R Axis 6_Axis_Pos_1,L?y v?t li?u 1_Tr?c R 6_Tr?c_V? trí_1
PLC/取料1_R轴6_Axis_Pos,取料1_R轴6_Axis_Pos_2,28004,取料1_R轴6_Axis_Pos_2,Pickup 1_R Axis 6_Axis_Pos_2,L?y v?t li?u 1_Tr?c R 6_Tr?c_V? trí_2
PLC/取料1_R轴6_Axis_Pos,取料1_R轴6_Axis_Pos_3,28006,取料1_R轴6_Axis_Pos_3,Pickup 1_R Axis 6_Axis_Pos_3,L?y v?t li?u 1_Tr?c R 6_Tr?c_V? trí_3
PLC/取料1_R轴6_Axis_Pos,取料1_R轴6_Axis_Pos_4,28008,取料1_R轴6_Axis_Pos_4,Pickup 1_R Axis 6_Axis_Pos_4,L?y v?t li?u 1_Tr?c R 6_Tr?c_V? trí_4
PLC/取料1_R轴6_Axis_Pos,取料1_R轴6_Axis_Pos_5,28010,取料1_R轴6_Axis_Pos_5,Pickup 1_R Axis 6_Axis_Pos_5,L?y v?t li?u 1_Tr?c R 6_Tr?c_V? trí_5
PLC/取料1_R轴6_Axis_Pos,取料1_R轴6_Axis_Pos_6,28012,取料1_R轴6_Axis_Pos_6,Pickup 1_R Axis 6_Axis_Pos_6,L?y v?t li?u 1_Tr?c R 6_Tr?c_V? trí_6
PLC/取料1_R轴6_Axis_Pos,取料1_R轴6_Axis_Pos_7,28014,取料1_R轴6_Axis_Pos_7,Pickup 1_R Axis 6_Axis_Pos_7,L?y v?t li?u 1_Tr?c R 6_Tr?c_V? trí_7
PLC/取料1_R轴6_Axis_Pos,取料1_R轴6_Axis_Pos_8,28016,取料1_R轴6_Axis_Pos_8,Pickup 1_R Axis 6_Axis_Pos_8,L?y v?t li?u 1_Tr?c R 6_Tr?c_V? trí_8
PLC/取料1_R轴6_Axis_Pos,取料1_R轴6_Axis_Pos_9,28018,取料1_R轴6_Axis_Pos_9,Pickup 1_R Axis 6_Axis_Pos_9,L?y v?t li?u 1_Tr?c R 6_Tr?c_V? trí_9
PLC/取料1_R轴6_Axis_Pos,取料1_R轴6_Axis_Pos_10,28020,取料1_R轴6_Axis_Pos_10,Pickup 1_R Axis 6_Axis_Pos_10,L?y v?t li?u 1_Tr?c R 6_Tr?c_V? trí_10
PLC/取料1_R轴6_Axis_Pos,取料1_R轴6_Axis_Pos_11,28022,取料1_R轴6_Axis_Pos_11,Pickup 1_R Axis 6_Axis_Pos_11,L?y v?t li?u 1_Tr?c R 6_Tr?c_V? trí_11
PLC/取料1_R轴6_Axis_Pos,取料1_R轴6_Axis_Pos_12,28024,取料1_R轴6_Axis_Pos_12,Pickup 1_R Axis 6_Axis_Pos_12,L?y v?t li?u 1_Tr?c R 6_Tr?c_V? trí_12
PLC/取料1_R轴6_Axis_Pos,取料1_R轴6_Axis_Pos_13,28026,取料1_R轴6_Axis_Pos_13,Pickup 1_R Axis 6_Axis_Pos_13,L?y v?t li?u 1_Tr?c R 6_Tr?c_V? trí_13
PLC/取料1_R轴6_Axis_Pos,取料1_R轴6_Axis_Pos_14,28028,取料1_R轴6_Axis_Pos_14,Pickup 1_R Axis 6_Axis_Pos_14,L?y v?t li?u 1_Tr?c R 6_Tr?c_V? trí_14
PLC/取料1_R轴6_Axis_Pos,取料1_R轴6_Axis_Pos_15,28030,取料1_R轴6_Axis_Pos_15,Pickup 1_R Axis 6_Axis_Pos_15,L?y v?t li?u 1_Tr?c R 6_Tr?c_V? trí_15
PLC/取料1_R轴6_Axis_Pos,取料1_R轴6_Axis_Pos_16,28032,取料1_R轴6_Axis_Pos_16,Pickup 1_R Axis 6_Axis_Pos_16,L?y v?t li?u 1_Tr?c R 6_Tr?c_V? trí_16
PLC/取料1_R轴6_Axis_Pos,取料1_R轴6_Axis_Pos_17,28034,取料1_R轴6_Axis_Pos_17,Pickup 1_R Axis 6_Axis_Pos_17,L?y v?t li?u 1_Tr?c R 6_Tr?c_V? trí_17
PLC/取料1_R轴6_Axis_Pos,取料1_R轴6_Axis_Pos_18,28036,取料1_R轴6_Axis_Pos_18,Pickup 1_R Axis 6_Axis_Pos_18,L?y v?t li?u 1_Tr?c R 6_Tr?c_V? trí_18
PLC/取料1_R轴6_Axis_Pos,取料1_R轴6_Axis_Pos_19,28038,取料1_R轴6_Axis_Pos_19,Pickup 1_R Axis 6_Axis_Pos_19,L?y v?t li?u 1_Tr?c R 6_Tr?c_V? trí_19
PLC/取料1_R轴6_Axis_Pos,取料1_R轴6_Axis_Pos_20,28040,取料1_R轴6_Axis_Pos_20,Pickup 1_R Axis 6_Axis_Pos_20,L?y v?t li?u 1_Tr?c R 6_Tr?c_V? trí_20
PLC/取料1_R轴6_Axis_Pos,取料1_R轴6_Axis_Pos_21,28042,取料1_R轴6_Axis_Pos_21,Pickup 1_R Axis 6_Axis_Pos_21,L?y v?t li?u 1_Tr?c R 6_Tr?c_V? trí_21
PLC/取料1_R轴6_Axis_Pos,取料1_R轴6_Axis_Pos_22,28044,取料1_R轴6_Axis_Pos_22,Pickup 1_R Axis 6_Axis_Pos_22,L?y v?t li?u 1_Tr?c R 6_Tr?c_V? trí_22
PLC/取料1_R轴6_Axis_Pos,取料1_R轴6_Axis_Pos_23,28046,取料1_R轴6_Axis_Pos_23,Pickup 1_R Axis 6_Axis_Pos_23,L?y v?t li?u 1_Tr?c R 6_Tr?c_V? trí_23
PLC/取料1_R轴6_Axis_Pos,取料1_R轴6_Axis_Pos_24,28048,取料1_R轴6_Axis_Pos_24,Pickup 1_R Axis 6_Axis_Pos_24,L?y v?t li?u 1_Tr?c R 6_Tr?c_V? trí_24
PLC/取料1_R轴6_Axis_Pos,取料1_R轴6_Axis_Pos_25,28050,取料1_R轴6_Axis_Pos_25,Pickup 1_R Axis 6_Axis_Pos_25,L?y v?t li?u 1_Tr?c R 6_Tr?c_V? trí_25
PLC/取料1_R轴6_Axis_Pos,取料1_R轴6_Axis_Pos_26,28052,取料1_R轴6_Axis_Pos_26,Pickup 1_R Axis 6_Axis_Pos_26,L?y v?t li?u 1_Tr?c R 6_Tr?c_V? trí_26
PLC/取料1_R轴6_Axis_Pos,取料1_R轴6_Axis_Pos_27,28054,取料1_R轴6_Axis_Pos_27,Pickup 1_R Axis 6_Axis_Pos_27,L?y v?t li?u 1_Tr?c R 6_Tr?c_V? trí_27
PLC/取料1_R轴6_Axis_Pos,取料1_R轴6_Axis_Pos_28,28056,取料1_R轴6_Axis_Pos_28,Pickup 1_R Axis 6_Axis_Pos_28,L?y v?t li?u 1_Tr?c R 6_Tr?c_V? trí_28
PLC/取料1_R轴6_Axis_Pos,取料1_R轴6_Axis_Pos_29,28058,取料1_R轴6_Axis_Pos_29,Pickup 1_R Axis 6_Axis_Pos_29,L?y v?t li?u 1_Tr?c R 6_Tr?c_V? trí_29
PLC/取料1_R轴6_Axis_Pos,取料1_R轴6_Axis_Pos_30,28060,取料1_R轴6_Axis_Pos_30,Pickup 1_R Axis 6_Axis_Pos_30,L?y v?t li?u 1_Tr?c R 6_Tr?c_V? trí_30
PLC/取料1_R轴6_Axis_Pos,取料1_R轴6_Axis_Pos_31,28062,取料1_R轴6_Axis_Pos_31,Pickup 1_R Axis 6_Axis_Pos_31,L?y v?t li?u 1_Tr?c R 6_Tr?c_V? trí_31
PLC/取料1_R轴6_Axis_Pos,取料1_R轴6_Axis_Pos_32,28064,取料1_R轴6_Axis_Pos_32,Pickup 1_R Axis 6_Axis_Pos_32,L?y v?t li?u 1_Tr?c R 6_Tr?c_V? trí_32
PLC/取料1_R轴6_Axis_Pos,取料1_R轴6_Axis_Pos_33,28066,取料1_R轴6_Axis_Pos_33,Pickup 1_R Axis 6_Axis_Pos_33,L?y v?t li?u 1_Tr?c R 6_Tr?c_V? trí_33
PLC/取料1_R轴6_Axis_Pos,取料1_R轴6_Axis_Pos_34,28068,取料1_R轴6_Axis_Pos_34,Pickup 1_R Axis 6_Axis_Pos_34,L?y v?t li?u 1_Tr?c R 6_Tr?c_V? trí_34
PLC/取料1_R轴6_Axis_Pos,取料1_R轴6_Axis_Pos_35,28070,取料1_R轴6_Axis_Pos_35,Pickup 1_R Axis 6_Axis_Pos_35,L?y v?t li?u 1_Tr?c R 6_Tr?c_V? trí_35
PLC/取料1_R轴6_Axis_Pos,取料1_R轴6_Axis_Pos_36,28072,取料1_R轴6_Axis_Pos_36,Pickup 1_R Axis 6_Axis_Pos_36,L?y v?t li?u 1_Tr?c R 6_Tr?c_V? trí_36
PLC/取料1_R轴6_Axis_Pos,取料1_R轴6_Axis_Pos_37,28074,取料1_R轴6_Axis_Pos_37,Pickup 1_R Axis 6_Axis_Pos_37,L?y v?t li?u 1_Tr?c R 6_Tr?c_V? trí_37
PLC/取料1_R轴6_Axis_Pos,取料1_R轴6_Axis_Pos_38,28076,取料1_R轴6_Axis_Pos_38,Pickup 1_R Axis 6_Axis_Pos_38,L?y v?t li?u 1_Tr?c R 6_Tr?c_V? trí_38
PLC/取料1_R轴6_Axis_Pos,取料1_R轴6_Axis_Pos_39,28078,取料1_R轴6_Axis_Pos_39,Pickup 1_R Axis 6_Axis_Pos_39,L?y v?t li?u 1_Tr?c R 6_Tr?c_V? trí_39
PLC/取料1_R轴6_Axis_Pos,取料1_R轴6_Axis_Pos_40,28080,取料1_R轴6_Axis_Pos_40,Pickup 1_R Axis 6_Axis_Pos_40,L?y v?t li?u 1_Tr?c R 6_Tr?c_V? trí_40
PLC/取料1_R轴6_Axis_Pos,取料1_R轴6_Axis_Pos_41,28082,取料1_R轴6_Axis_Pos_41,Pickup 1_R Axis 6_Axis_Pos_41,L?y v?t li?u 1_Tr?c R 6_Tr?c_V? trí_41
PLC/取料1_R轴6_Axis_Pos,取料1_R轴6_Axis_Pos_42,28084,取料1_R轴6_Axis_Pos_42,Pickup 1_R Axis 6_Axis_Pos_42,L?y v?t li?u 1_Tr?c R 6_Tr?c_V? trí_42
PLC/取料1_R轴6_Axis_Pos,取料1_R轴6_Axis_Pos_43,28086,取料1_R轴6_Axis_Pos_43,Pickup 1_R Axis 6_Axis_Pos_43,L?y v?t li?u 1_Tr?c R 6_Tr?c_V? trí_43
PLC/取料1_R轴6_Axis_Pos,取料1_R轴6_Axis_Pos_44,28088,取料1_R轴6_Axis_Pos_44,Pickup 1_R Axis 6_Axis_Pos_44,L?y v?t li?u 1_Tr?c R 6_Tr?c_V? trí_44
PLC/取料1_R轴6_Axis_Pos,取料1_R轴6_Axis_Pos_45,28090,取料1_R轴6_Axis_Pos_45,Pickup 1_R Axis 6_Axis_Pos_45,L?y v?t li?u 1_Tr?c R 6_Tr?c_V? trí_45
PLC/取料1_R轴6_Axis_Pos,取料1_R轴6_Axis_Pos_46,28092,取料1_R轴6_Axis_Pos_46,Pickup 1_R Axis 6_Axis_Pos_46,L?y v?t li?u 1_Tr?c R 6_Tr?c_V? trí_46
PLC/取料1_R轴6_Axis_Pos,取料1_R轴6_Axis_Pos_47,28094,取料1_R轴6_Axis_Pos_47,Pickup 1_R Axis 6_Axis_Pos_47,L?y v?t li?u 1_Tr?c R 6_Tr?c_V? trí_47

PLC/取料1_R轴6_Axis_Vel,取料1_R轴6_Axis_Vel_0,28100,取料1_R轴6_Axis_Vel_0,Pickup 1_R Axis 6_Axis_Vel_0,L?y v?t li?u 1_Tr?c R 6_Tr?c_V?n t?c_0
PLC/取料1_R轴6_Axis_Vel,取料1_R轴6_Axis_Vel_1,28102,取料1_R轴6_Axis_Vel_1,Pickup 1_R Axis 6_Axis_Vel_1,L?y v?t li?u 1_Tr?c R 6_Tr?c_V?n t?c_1
PLC/取料1_R轴6_Axis_Vel,取料1_R轴6_Axis_Vel_2,28104,取料1_R轴6_Axis_Vel_2,Pickup 1_R Axis 6_Axis_Vel_2,L?y v?t li?u 1_Tr?c R 6_Tr?c_V?n t?c_2
PLC/取料1_R轴6_Axis_Vel,取料1_R轴6_Axis_Vel_3,28106,取料1_R轴6_Axis_Vel_3,Pickup 1_R Axis 6_Axis_Vel_3,L?y v?t li?u 1_Tr?c R 6_Tr?c_V?n t?c_3
PLC/取料1_R轴6_Axis_Vel,取料1_R轴6_Axis_Vel_4,28108,取料1_R轴6_Axis_Vel_4,Pickup 1_R Axis 6_Axis_Vel_4,L?y v?t li?u 1_Tr?c R 6_Tr?c_V?n t?c_4
PLC/取料1_R轴6_Axis_Vel,取料1_R轴6_Axis_Vel_5,28110,取料1_R轴6_Axis_Vel_5,Pickup 1_R Axis 6_Axis_Vel_5,L?y v?t li?u 1_Tr?c R 6_Tr?c_V?n t?c_5
PLC/取料1_R轴6_Axis_Vel,取料1_R轴6_Axis_Vel_6,28112,取料1_R轴6_Axis_Vel_6,Pickup 1_R Axis 6_Axis_Vel_6,L?y v?t li?u 1_Tr?c R 6_Tr?c_V?n t?c_6
PLC/取料1_R轴6_Axis_Vel,取料1_R轴6_Axis_Vel_7,28114,取料1_R轴6_Axis_Vel_7,Pickup 1_R Axis 6_Axis_Vel_7,L?y v?t li?u 1_Tr?c R 6_Tr?c_V?n t?c_7
PLC/取料1_R轴6_Axis_Vel,取料1_R轴6_Axis_Vel_8,28116,取料1_R轴6_Axis_Vel_8,Pickup 1_R Axis 6_Axis_Vel_8,L?y v?t li?u 1_Tr?c R 6_Tr?c_V?n t?c_8
PLC/取料1_R轴6_Axis_Vel,取料1_R轴6_Axis_Vel_9,28118,取料1_R轴6_Axis_Vel_9,Pickup 1_R Axis 6_Axis_Vel_9,L?y v?t li?u 1_Tr?c R 6_Tr?c_V?n t?c_9
PLC/取料1_R轴6_Axis_Vel,取料1_R轴6_Axis_Vel_10,28120,取料1_R轴6_Axis_Vel_10,Pickup 1_R Axis 6_Axis_Vel_10,L?y v?t li?u 1_Tr?c R 6_Tr?c_V?n t?c_10
PLC/取料1_R轴6_Axis_Vel,取料1_R轴6_Axis_Vel_11,28122,取料1_R轴6_Axis_Vel_11,Pickup 1_R Axis 6_Axis_Vel_11,L?y v?t li?u 1_Tr?c R 6_Tr?c_V?n t?c_11
PLC/取料1_R轴6_Axis_Vel,取料1_R轴6_Axis_Vel_12,28124,取料1_R轴6_Axis_Vel_12,Pickup 1_R Axis 6_Axis_Vel_12,L?y v?t li?u 1_Tr?c R 6_Tr?c_V?n t?c_12
PLC/取料1_R轴6_Axis_Vel,取料1_R轴6_Axis_Vel_13,28126,取料1_R轴6_Axis_Vel_13,Pickup 1_R Axis 6_Axis_Vel_13,L?y v?t li?u 1_Tr?c R 6_Tr?c_V?n t?c_13
PLC/取料1_R轴6_Axis_Vel,取料1_R轴6_Axis_Vel_14,28128,取料1_R轴6_Axis_Vel_14,Pickup 1_R Axis 6_Axis_Vel_14,L?y v?t li?u 1_Tr?c R 6_Tr?c_V?n t?c_14
PLC/取料1_R轴6_Axis_Vel,取料1_R轴6_Axis_Vel_15,28130,取料1_R轴6_Axis_Vel_15,Pickup 1_R Axis 6_Axis_Vel_15,L?y v?t li?u 1_Tr?c R 6_Tr?c_V?n t?c_15
PLC/取料1_R轴6_Axis_Vel,取料1_R轴6_Axis_Vel_16,28132,取料1_R轴6_Axis_Vel_16,Pickup 1_R Axis 6_Axis_Vel_16,L?y v?t li?u 1_Tr?c R 6_Tr?c_V?n t?c_16
PLC/取料1_R轴6_Axis_Vel,取料1_R轴6_Axis_Vel_17,28134,取料1_R轴6_Axis_Vel_17,Pickup 1_R Axis 6_Axis_Vel_17,L?y v?t li?u 1_Tr?c R 6_Tr?c_V?n t?c_17
PLC/取料1_R轴6_Axis_Vel,取料1_R轴6_Axis_Vel_18,28136,取料1_R轴6_Axis_Vel_18,Pickup 1_R Axis 6_Axis_Vel_18,L?y v?t li?u 1_Tr?c R 6_Tr?c_V?n t?c_18
PLC/取料1_R轴6_Axis_Vel,取料1_R轴6_Axis_Vel_19,28138,取料1_R轴6_Axis_Vel_19,Pickup 1_R Axis 6_Axis_Vel_19,L?y v?t li?u 1_Tr?c R 6_Tr?c_V?n t?c_19
PLC/取料1_R轴6_Axis_Vel,取料1_R轴6_Axis_Vel_20,28140,取料1_R轴6_Axis_Vel_20,Pickup 1_R Axis 6_Axis_Vel_20,L?y v?t li?u 1_Tr?c R 6_Tr?c_V?n t?c_20
PLC/取料1_R轴6_Axis_Vel,取料1_R轴6_Axis_Vel_21,28142,取料1_R轴6_Axis_Vel_21,Pickup 1_R Axis 6_Axis_Vel_21,L?y v?t li?u 1_Tr?c R 6_Tr?c_V?n t?c_21
PLC/取料1_R轴6_Axis_Vel,取料1_R轴6_Axis_Vel_22,28144,取料1_R轴6_Axis_Vel_22,Pickup 1_R Axis 6_Axis_Vel_22,L?y v?t li?u 1_Tr?c R 6_Tr?c_V?n t?c_22
PLC/取料1_R轴6_Axis_Vel,取料1_R轴6_Axis_Vel_23,28146,取料1_R轴6_Axis_Vel_23,Pickup 1_R Axis 6_Axis_Vel_23,L?y v?t li?u 1_Tr?c R 6_Tr?c_V?n t?c_23
PLC/取料1_R轴6_Axis_Vel,取料1_R轴6_Axis_Vel_24,28148,取料1_R轴6_Axis_Vel_24,Pickup 1_R Axis 6_Axis_Vel_24,L?y v?t li?u 1_Tr?c R 6_Tr?c_V?n t?c_24
PLC/取料1_R轴6_Axis_Vel,取料1_R轴6_Axis_Vel_25,28150,取料1_R轴6_Axis_Vel_25,Pickup 1_R Axis 6_Axis_Vel_25,L?y v?t li?u 1_Tr?c R 6_Tr?c_V?n t?c_25
PLC/取料1_R轴6_Axis_Vel,取料1_R轴6_Axis_Vel_26,28152,取料1_R轴6_Axis_Vel_26,Pickup 1_R Axis 6_Axis_Vel_26,L?y v?t li?u 1_Tr?c R 6_Tr?c_V?n t?c_26
PLC/取料1_R轴6_Axis_Vel,取料1_R轴6_Axis_Vel_27,28154,取料1_R轴6_Axis_Vel_27,Pickup 1_R Axis 6_Axis_Vel_27,L?y v?t li?u 1_Tr?c R 6_Tr?c_V?n t?c_27
PLC/取料1_R轴6_Axis_Vel,取料1_R轴6_Axis_Vel_28,28156,取料1_R轴6_Axis_Vel_28,Pickup 1_R Axis 6_Axis_Vel_28,L?y v?t li?u 1_Tr?c R 6_Tr?c_V?n t?c_28
PLC/取料1_R轴6_Axis_Vel,取料1_R轴6_Axis_Vel_29,28158,取料1_R轴6_Axis_Vel_29,Pickup 1_R Axis 6_Axis_Vel_29,L?y v?t li?u 1_Tr?c R 6_Tr?c_V?n t?c_29
PLC/取料1_R轴6_Axis_Vel,取料1_R轴6_Axis_Vel_30,28160,取料1_R轴6_Axis_Vel_30,Pickup 1_R Axis 6_Axis_Vel_30,L?y v?t li?u 1_Tr?c R 6_Tr?c_V?n t?c_30
PLC/取料1_R轴6_Axis_Vel,取料1_R轴6_Axis_Vel_31,28162,取料1_R轴6_Axis_Vel_31,Pickup 1_R Axis 6_Axis_Vel_31,L?y v?t li?u 1_Tr?c R 6_Tr?c_V?n t?c_31
PLC/取料1_R轴6_Axis_Vel,取料1_R轴6_Axis_Vel_32,28164,取料1_R轴6_Axis_Vel_32,Pickup 1_R Axis 6_Axis_Vel_32,L?y v?t li?u 1_Tr?c R 6_Tr?c_V?n t?c_32
PLC/取料1_R轴6_Axis_Vel,取料1_R轴6_Axis_Vel_33,28166,取料1_R轴6_Axis_Vel_33,Pickup 1_R Axis 6_Axis_Vel_33,L?y v?t li?u 1_Tr?c R 6_Tr?c_V?n t?c_33
PLC/取料1_R轴6_Axis_Vel,取料1_R轴6_Axis_Vel_34,28168,取料1_R轴6_Axis_Vel_34,Pickup 1_R Axis 6_Axis_Vel_34,L?y v?t li?u 1_Tr?c R 6_Tr?c_V?n t?c_34
PLC/取料1_R轴6_Axis_Vel,取料1_R轴6_Axis_Vel_35,28170,取料1_R轴6_Axis_Vel_35,Pickup 1_R Axis 6_Axis_Vel_35,L?y v?t li?u 1_Tr?c R 6_Tr?c_V?n t?c_35
PLC/取料1_R轴6_Axis_Vel,取料1_R轴6_Axis_Vel_36,28172,取料1_R轴6_Axis_Vel_36,Pickup 1_R Axis 6_Axis_Vel_36,L?y v?t li?u 1_Tr?c R 6_Tr?c_V?n t?c_36
PLC/取料1_R轴6_Axis_Vel,取料1_R轴6_Axis_Vel_37,28174,取料1_R轴6_Axis_Vel_37,Pickup 1_R Axis 6_Axis_Vel_37,L?y v?t li?u 1_Tr?c R 6_Tr?c_V?n t?c_37
PLC/取料1_R轴6_Axis_Vel,取料1_R轴6_Axis_Vel_38,28176,取料1_R轴6_Axis_Vel_38,Pickup 1_R Axis 6_Axis_Vel_38,L?y v?t li?u 1_Tr?c R 6_Tr?c_V?n t?c_38
PLC/取料1_R轴6_Axis_Vel,取料1_R轴6_Axis_Vel_39,28178,取料1_R轴6_Axis_Vel_39,Pickup 1_R Axis 6_Axis_Vel_39,L?y v?t li?u 1_Tr?c R 6_Tr?c_V?n t?c_39
PLC/取料1_R轴6_Axis_Vel,取料1_R轴6_Axis_Vel_40,28180,取料1_R轴6_Axis_Vel_40,Pickup 1_R Axis 6_Axis_Vel_40,L?y v?t li?u 1_Tr?c R 6_Tr?c_V?n t?c_40
PLC/取料1_R轴6_Axis_Vel,取料1_R轴6_Axis_Vel_41,28182,取料1_R轴6_Axis_Vel_41,Pickup 1_R Axis 6_Axis_Vel_41,L?y v?t li?u 1_Tr?c R 6_Tr?c_V?n t?c_41
PLC/取料1_R轴6_Axis_Vel,取料1_R轴6_Axis_Vel_42,28184,取料1_R轴6_Axis_Vel_42,Pickup 1_R Axis 6_Axis_Vel_42,L?y v?t li?u 1_Tr?c R 6_Tr?c_V?n t?c_42
PLC/取料1_R轴6_Axis_Vel,取料1_R轴6_Axis_Vel_43,28186,取料1_R轴6_Axis_Vel_43,Pickup 1_R Axis 6_Axis_Vel_43,L?y v?t li?u 1_Tr?c R 6_Tr?c_V?n t?c_43
PLC/取料1_R轴6_Axis_Vel,取料1_R轴6_Axis_Vel_44,28188,取料1_R轴6_Axis_Vel_44,Pickup 1_R Axis 6_Axis_Vel_44,L?y v?t li?u 1_Tr?c R 6_Tr?c_V?n t?c_44
PLC/取料1_R轴6_Axis_Vel,取料1_R轴6_Axis_Vel_45,28190,取料1_R轴6_Axis_Vel_45,Pickup 1_R Axis 6_Axis_Vel_45,L?y v?t li?u 1_Tr?c R 6_Tr?c_V?n t?c_45
PLC/取料1_R轴6_Axis_Vel,取料1_R轴6_Axis_Vel_46,28192,取料1_R轴6_Axis_Vel_46,Pickup 1_R Axis 6_Axis_Vel_46,L?y v?t li?u 1_Tr?c R 6_Tr?c_V?n t?c_46
PLC/取料1_R轴6_Axis_Vel,取料1_R轴6_Axis_Vel_47,28194,取料1_R轴6_Axis_Vel_47,Pickup 1_R Axis 6_Axis_Vel_47,L?y v?t li?u 1_Tr?c R 6_Tr?c_V?n t?c_47

PLC/取料2_Z轴1_Axis_Pos,取料2_Z轴1_Axis_Pos_0,28200,取料2_Z轴1_Axis_Pos_0,Pickup 2_Z Axis 1_Axis_Pos_0,L?y v?t li?u 2_Tr?c Z 1_Tr?c_V? trí_0
PLC/取料2_Z轴1_Axis_Pos,取料2_Z轴1_Axis_Pos_1,28202,取料2_Z轴1_Axis_Pos_1,Pickup 2_Z Axis 1_Axis_Pos_1,L?y v?t li?u 2_Tr?c Z 1_Tr?c_V? trí_1
PLC/取料2_Z轴1_Axis_Pos,取料2_Z轴1_Axis_Pos_2,28204,取料2_Z轴1_Axis_Pos_2,Pickup 2_Z Axis 1_Axis_Pos_2,L?y v?t li?u 2_Tr?c Z 1_Tr?c_V? trí_2
PLC/取料2_Z轴1_Axis_Pos,取料2_Z轴1_Axis_Pos_3,28206,取料2_Z轴1_Axis_Pos_3,Pickup 2_Z Axis 1_Axis_Pos_3,L?y v?t li?u 2_Tr?c Z 1_Tr?c_V? trí_3
PLC/取料2_Z轴1_Axis_Pos,取料2_Z轴1_Axis_Pos_4,28208,取料2_Z轴1_Axis_Pos_4,Pickup 2_Z Axis 1_Axis_Pos_4,L?y v?t li?u 2_Tr?c Z 1_Tr?c_V? trí_4
PLC/取料2_Z轴1_Axis_Pos,取料2_Z轴1_Axis_Pos_5,28210,取料2_Z轴1_Axis_Pos_5,Pickup 2_Z Axis 1_Axis_Pos_5,L?y v?t li?u 2_Tr?c Z 1_Tr?c_V? trí_5
PLC/取料2_Z轴1_Axis_Pos,取料2_Z轴1_Axis_Pos_6,28212,取料2_Z轴1_Axis_Pos_6,Pickup 2_Z Axis 1_Axis_Pos_6,L?y v?t li?u 2_Tr?c Z 1_Tr?c_V? trí_6
PLC/取料2_Z轴1_Axis_Pos,取料2_Z轴1_Axis_Pos_7,28214,取料2_Z轴1_Axis_Pos_7,Pickup 2_Z Axis 1_Axis_Pos_7,L?y v?t li?u 2_Tr?c Z 1_Tr?c_V? trí_7
PLC/取料2_Z轴1_Axis_Pos,取料2_Z轴1_Axis_Pos_8,28216,取料2_Z轴1_Axis_Pos_8,Pickup 2_Z Axis 1_Axis_Pos_8,L?y v?t li?u 2_Tr?c Z 1_Tr?c_V? trí_8
PLC/取料2_Z轴1_Axis_Pos,取料2_Z轴1_Axis_Pos_9,28218,取料2_Z轴1_Axis_Pos_9,Pickup 2_Z Axis 1_Axis_Pos_9,L?y v?t li?u 2_Tr?c Z 1_Tr?c_V? trí_9
PLC/取料2_Z轴1_Axis_Pos,取料2_Z轴1_Axis_Pos_10,28220,取料2_Z轴1_Axis_Pos_10,Pickup 2_Z Axis 1_Axis_Pos_10,L?y v?t li?u 2_Tr?c Z 1_Tr?c_V? trí_10
PLC/取料2_Z轴1_Axis_Pos,取料2_Z轴1_Axis_Pos_11,28222,取料2_Z轴1_Axis_Pos_11,Pickup 2_Z Axis 1_Axis_Pos_11,L?y v?t li?u 2_Tr?c Z 1_Tr?c_V? trí_11
PLC/取料2_Z轴1_Axis_Pos,取料2_Z轴1_Axis_Pos_12,28224,取料2_Z轴1_Axis_Pos_12,Pickup 2_Z Axis 1_Axis_Pos_12,L?y v?t li?u 2_Tr?c Z 1_Tr?c_V? trí_12
PLC/取料2_Z轴1_Axis_Pos,取料2_Z轴1_Axis_Pos_13,28226,取料2_Z轴1_Axis_Pos_13,Pickup 2_Z Axis 1_Axis_Pos_13,L?y v?t li?u 2_Tr?c Z 1_Tr?c_V? trí_13
PLC/取料2_Z轴1_Axis_Pos,取料2_Z轴1_Axis_Pos_14,28228,取料2_Z轴1_Axis_Pos_14,Pickup 2_Z Axis 1_Axis_Pos_14,L?y v?t li?u 2_Tr?c Z 1_Tr?c_V? trí_14
PLC/取料2_Z轴1_Axis_Pos,取料2_Z轴1_Axis_Pos_15,28230,取料2_Z轴1_Axis_Pos_15,Pickup 2_Z Axis 1_Axis_Pos_15,L?y v?t li?u 2_Tr?c Z 1_Tr?c_V? trí_15
PLC/取料2_Z轴1_Axis_Pos,取料2_Z轴1_Axis_Pos_16,28232,取料2_Z轴1_Axis_Pos_16,Pickup 2_Z Axis 1_Axis_Pos_16,L?y v?t li?u 2_Tr?c Z 1_Tr?c_V? trí_16
PLC/取料2_Z轴1_Axis_Pos,取料2_Z轴1_Axis_Pos_17,28234,取料2_Z轴1_Axis_Pos_17,Pickup 2_Z Axis 1_Axis_Pos_17,L?y v?t li?u 2_Tr?c Z 1_Tr?c_V? trí_17
PLC/取料2_Z轴1_Axis_Pos,取料2_Z轴1_Axis_Pos_18,28236,取料2_Z轴1_Axis_Pos_18,Pickup 2_Z Axis 1_Axis_Pos_18,L?y v?t li?u 2_Tr?c Z 1_Tr?c_V? trí_18
PLC/取料2_Z轴1_Axis_Pos,取料2_Z轴1_Axis_Pos_19,28238,取料2_Z轴1_Axis_Pos_19,Pickup 2_Z Axis 1_Axis_Pos_19,L?y v?t li?u 2_Tr?c Z 1_Tr?c_V? trí_19
PLC/取料2_Z轴1_Axis_Pos,取料2_Z轴1_Axis_Pos_20,28240,取料2_Z轴1_Axis_Pos_20,Pickup 2_Z Axis 1_Axis_Pos_20,L?y v?t li?u 2_Tr?c Z 1_Tr?c_V? trí_20
PLC/取料2_Z轴1_Axis_Pos,取料2_Z轴1_Axis_Pos_21,28242,取料2_Z轴1_Axis_Pos_21,Pickup 2_Z Axis 1_Axis_Pos_21,L?y v?t li?u 2_Tr?c Z 1_Tr?c_V? trí_21
PLC/取料2_Z轴1_Axis_Pos,取料2_Z轴1_Axis_Pos_22,28244,取料2_Z轴1_Axis_Pos_22,Pickup 2_Z Axis 1_Axis_Pos_22,L?y v?t li?u 2_Tr?c Z 1_Tr?c_V? trí_22
PLC/取料2_Z轴1_Axis_Pos,取料2_Z轴1_Axis_Pos_23,28246,取料2_Z轴1_Axis_Pos_23,Pickup 2_Z Axis 1_Axis_Pos_23,L?y v?t li?u 2_Tr?c Z 1_Tr?c_V? trí_23
PLC/取料2_Z轴1_Axis_Pos,取料2_Z轴1_Axis_Pos_24,28248,取料2_Z轴1_Axis_Pos_24,Pickup 2_Z Axis 1_Axis_Pos_24,L?y v?t li?u 2_Tr?c Z 1_Tr?c_V? trí_24
PLC/取料2_Z轴1_Axis_Pos,取料2_Z轴1_Axis_Pos_25,28250,取料2_Z轴1_Axis_Pos_25,Pickup 2_Z Axis 1_Axis_Pos_25,L?y v?t li?u 2_Tr?c Z 1_Tr?c_V? trí_25
PLC/取料2_Z轴1_Axis_Pos,取料2_Z轴1_Axis_Pos_26,28252,取料2_Z轴1_Axis_Pos_26,Pickup 2_Z Axis 1_Axis_Pos_26,L?y v?t li?u 2_Tr?c Z 1_Tr?c_V? trí_26
PLC/取料2_Z轴1_Axis_Pos,取料2_Z轴1_Axis_Pos_27,28254,取料2_Z轴1_Axis_Pos_27,Pickup 2_Z Axis 1_Axis_Pos_27,L?y v?t li?u 2_Tr?c Z 1_Tr?c_V? trí_27
PLC/取料2_Z轴1_Axis_Pos,取料2_Z轴1_Axis_Pos_28,28256,取料2_Z轴1_Axis_Pos_28,Pickup 2_Z Axis 1_Axis_Pos_28,L?y v?t li?u 2_Tr?c Z 1_Tr?c_V? trí_28
PLC/取料2_Z轴1_Axis_Pos,取料2_Z轴1_Axis_Pos_29,28258,取料2_Z轴1_Axis_Pos_29,Pickup 2_Z Axis 1_Axis_Pos_29,L?y v?t li?u 2_Tr?c Z 1_Tr?c_V? trí_29
PLC/取料2_Z轴1_Axis_Pos,取料2_Z轴1_Axis_Pos_30,28260,取料2_Z轴1_Axis_Pos_30,Pickup 2_Z Axis 1_Axis_Pos_30,L?y v?t li?u 2_Tr?c Z 1_Tr?c_V? trí_30
PLC/取料2_Z轴1_Axis_Pos,取料2_Z轴1_Axis_Pos_31,28262,取料2_Z轴1_Axis_Pos_31,Pickup 2_Z Axis 1_Axis_Pos_31,L?y v?t li?u 2_Tr?c Z 1_Tr?c_V? trí_31
PLC/取料2_Z轴1_Axis_Pos,取料2_Z轴1_Axis_Pos_32,28264,取料2_Z轴1_Axis_Pos_32,Pickup 2_Z Axis 1_Axis_Pos_32,L?y v?t li?u 2_Tr?c Z 1_Tr?c_V? trí_32
PLC/取料2_Z轴1_Axis_Pos,取料2_Z轴1_Axis_Pos_33,28266,取料2_Z轴1_Axis_Pos_33,Pickup 2_Z Axis 1_Axis_Pos_33,L?y v?t li?u 2_Tr?c Z 1_Tr?c_V? trí_33
PLC/取料2_Z轴1_Axis_Pos,取料2_Z轴1_Axis_Pos_34,28268,取料2_Z轴1_Axis_Pos_34,Pickup 2_Z Axis 1_Axis_Pos_34,L?y v?t li?u 2_Tr?c Z 1_Tr?c_V? trí_34
PLC/取料2_Z轴1_Axis_Pos,取料2_Z轴1_Axis_Pos_35,28270,取料2_Z轴1_Axis_Pos_35,Pickup 2_Z Axis 1_Axis_Pos_35,L?y v?t li?u 2_Tr?c Z 1_Tr?c_V? trí_35
PLC/取料2_Z轴1_Axis_Pos,取料2_Z轴1_Axis_Pos_36,28272,取料2_Z轴1_Axis_Pos_36,Pickup 2_Z Axis 1_Axis_Pos_36,L?y v?t li?u 2_Tr?c Z 1_Tr?c_V? trí_36
PLC/取料2_Z轴1_Axis_Pos,取料2_Z轴1_Axis_Pos_37,28274,取料2_Z轴1_Axis_Pos_37,Pickup 2_Z Axis 1_Axis_Pos_37,L?y v?t li?u 2_Tr?c Z 1_Tr?c_V? trí_37
PLC/取料2_Z轴1_Axis_Pos,取料2_Z轴1_Axis_Pos_38,28276,取料2_Z轴1_Axis_Pos_38,Pickup 2_Z Axis 1_Axis_Pos_38,L?y v?t li?u 2_Tr?c Z 1_Tr?c_V? trí_38
PLC/取料2_Z轴1_Axis_Pos,取料2_Z轴1_Axis_Pos_39,28278,取料2_Z轴1_Axis_Pos_39,Pickup 2_Z Axis 1_Axis_Pos_39,L?y v?t li?u 2_Tr?c Z 1_Tr?c_V? trí_39
PLC/取料2_Z轴1_Axis_Pos,取料2_Z轴1_Axis_Pos_40,28280,取料2_Z轴1_Axis_Pos_40,Pickup 2_Z Axis 1_Axis_Pos_40,L?y v?t li?u 2_Tr?c Z 1_Tr?c_V? trí_40
PLC/取料2_Z轴1_Axis_Pos,取料2_Z轴1_Axis_Pos_41,28282,取料2_Z轴1_Axis_Pos_41,Pickup 2_Z Axis 1_Axis_Pos_41,L?y v?t li?u 2_Tr?c Z 1_Tr?c_V? trí_41
PLC/取料2_Z轴1_Axis_Pos,取料2_Z轴1_Axis_Pos_42,28284,取料2_Z轴1_Axis_Pos_42,Pickup 2_Z Axis 1_Axis_Pos_42,L?y v?t li?u 2_Tr?c Z 1_Tr?c_V? trí_42
PLC/取料2_Z轴1_Axis_Pos,取料2_Z轴1_Axis_Pos_43,28286,取料2_Z轴1_Axis_Pos_43,Pickup 2_Z Axis 1_Axis_Pos_43,L?y v?t li?u 2_Tr?c Z 1_Tr?c_V? trí_43
PLC/取料2_Z轴1_Axis_Pos,取料2_Z轴1_Axis_Pos_44,28288,取料2_Z轴1_Axis_Pos_44,Pickup 2_Z Axis 1_Axis_Pos_44,L?y v?t li?u 2_Tr?c Z 1_Tr?c_V? trí_44
PLC/取料2_Z轴1_Axis_Pos,取料2_Z轴1_Axis_Pos_45,28290,取料2_Z轴1_Axis_Pos_45,Pickup 2_Z Axis 1_Axis_Pos_45,L?y v?t li?u 2_Tr?c Z 1_Tr?c_V? trí_45
PLC/取料2_Z轴1_Axis_Pos,取料2_Z轴1_Axis_Pos_46,28292,取料2_Z轴1_Axis_Pos_46,Pickup 2_Z Axis 1_Axis_Pos_46,L?y v?t li?u 2_Tr?c Z 1_Tr?c_V? trí_46
PLC/取料2_Z轴1_Axis_Pos,取料2_Z轴1_Axis_Pos_47,28294,取料2_Z轴1_Axis_Pos_47,Pickup 2_Z Axis 1_Axis_Pos_47,L?y v?t li?u 2_Tr?c Z 1_Tr?c_V? trí_47



PLC/取料2_Z轴1_Axis_Vel,取料2_Z轴1_Axis_Vel_0,28300,取料2_Z轴1_Axis_Vel_0,Pickup 2_Z Axis 1_Axis_Vel_0,L?y v?t li?u 2_Tr?c Z 1_Tr?c_V?n t?c_0
PLC/取料2_Z轴1_Axis_Vel,取料2_Z轴1_Axis_Vel_1,28302,取料2_Z轴1_Axis_Vel_1,Pickup 2_Z Axis 1_Axis_Vel_1,L?y v?t li?u 2_Tr?c Z 1_Tr?c_V?n t?c_1
PLC/取料2_Z轴1_Axis_Vel,取料2_Z轴1_Axis_Vel_2,28304,取料2_Z轴1_Axis_Vel_2,Pickup 2_Z Axis 1_Axis_Vel_2,L?y v?t li?u 2_Tr?c Z 1_Tr?c_V?n t?c_2
PLC/取料2_Z轴1_Axis_Vel,取料2_Z轴1_Axis_Vel_3,28306,取料2_Z轴1_Axis_Vel_3,Pickup 2_Z Axis 1_Axis_Vel_3,L?y v?t li?u 2_Tr?c Z 1_Tr?c_V?n t?c_3
PLC/取料2_Z轴1_Axis_Vel,取料2_Z轴1_Axis_Vel_4,28308,取料2_Z轴1_Axis_Vel_4,Pickup 2_Z Axis 1_Axis_Vel_4,L?y v?t li?u 2_Tr?c Z 1_Tr?c_V?n t?c_4
PLC/取料2_Z轴1_Axis_Vel,取料2_Z轴1_Axis_Vel_5,28310,取料2_Z轴1_Axis_Vel_5,Pickup 2_Z Axis 1_Axis_Vel_5,L?y v?t li?u 2_Tr?c Z 1_Tr?c_V?n t?c_5
PLC/取料2_Z轴1_Axis_Vel,取料2_Z轴1_Axis_Vel_6,28312,取料2_Z轴1_Axis_Vel_6,Pickup 2_Z Axis 1_Axis_Vel_6,L?y v?t li?u 2_Tr?c Z 1_Tr?c_V?n t?c_6
PLC/取料2_Z轴1_Axis_Vel,取料2_Z轴1_Axis_Vel_7,28314,取料2_Z轴1_Axis_Vel_7,Pickup 2_Z Axis 1_Axis_Vel_7,L?y v?t li?u 2_Tr?c Z 1_Tr?c_V?n t?c_7
PLC/取料2_Z轴1_Axis_Vel,取料2_Z轴1_Axis_Vel_8,28316,取料2_Z轴1_Axis_Vel_8,Pickup 2_Z Axis 1_Axis_Vel_8,L?y v?t li?u 2_Tr?c Z 1_Tr?c_V?n t?c_8
PLC/取料2_Z轴1_Axis_Vel,取料2_Z轴1_Axis_Vel_9,28318,取料2_Z轴1_Axis_Vel_9,Pickup 2_Z Axis 1_Axis_Vel_9,L?y v?t li?u 2_Tr?c Z 1_Tr?c_V?n t?c_9
PLC/取料2_Z轴1_Axis_Vel,取料2_Z轴1_Axis_Vel_10,28320,取料2_Z轴1_Axis_Vel_10,Pickup 2_Z Axis 1_Axis_Vel_10,L?y v?t li?u 2_Tr?c Z 1_Tr?c_V?n t?c_10
PLC/取料2_Z轴1_Axis_Vel,取料2_Z轴1_Axis_Vel_11,28322,取料2_Z轴1_Axis_Vel_11,Pickup 2_Z Axis 1_Axis_Vel_11,L?y v?t li?u 2_Tr?c Z 1_Tr?c_V?n t?c_11
PLC/取料2_Z轴1_Axis_Vel,取料2_Z轴1_Axis_Vel_12,28324,取料2_Z轴1_Axis_Vel_12,Pickup 2_Z Axis 1_Axis_Vel_12,L?y v?t li?u 2_Tr?c Z 1_Tr?c_V?n t?c_12
PLC/取料2_Z轴1_Axis_Vel,取料2_Z轴1_Axis_Vel_13,28326,取料2_Z轴1_Axis_Vel_13,Pickup 2_Z Axis 1_Axis_Vel_13,L?y v?t li?u 2_Tr?c Z 1_Tr?c_V?n t?c_13
PLC/取料2_Z轴1_Axis_Vel,取料2_Z轴1_Axis_Vel_14,28328,取料2_Z轴1_Axis_Vel_14,Pickup 2_Z Axis 1_Axis_Vel_14,L?y v?t li?u 2_Tr?c Z 1_Tr?c_V?n t?c_14
PLC/取料2_Z轴1_Axis_Vel,取料2_Z轴1_Axis_Vel_15,28330,取料2_Z轴1_Axis_Vel_15,Pickup 2_Z Axis 1_Axis_Vel_15,L?y v?t li?u 2_Tr?c Z 1_Tr?c_V?n t?c_15
PLC/取料2_Z轴1_Axis_Vel,取料2_Z轴1_Axis_Vel_16,28332,取料2_Z轴1_Axis_Vel_16,Pickup 2_Z Axis 1_Axis_Vel_16,L?y v?t li?u 2_Tr?c Z 1_Tr?c_V?n t?c_16
PLC/取料2_Z轴1_Axis_Vel,取料2_Z轴1_Axis_Vel_17,28334,取料2_Z轴1_Axis_Vel_17,Pickup 2_Z Axis 1_Axis_Vel_17,L?y v?t li?u 2_Tr?c Z 1_Tr?c_V?n t?c_17
PLC/取料2_Z轴1_Axis_Vel,取料2_Z轴1_Axis_Vel_18,28336,取料2_Z轴1_Axis_Vel_18,Pickup 2_Z Axis 1_Axis_Vel_18,L?y v?t li?u 2_Tr?c Z 1_Tr?c_V?n t?c_18
PLC/取料2_Z轴1_Axis_Vel,取料2_Z轴1_Axis_Vel_19,28338,取料2_Z轴1_Axis_Vel_19,Pickup 2_Z Axis 1_Axis_Vel_19,L?y v?t li?u 2_Tr?c Z 1_Tr?c_V?n t?c_19
PLC/取料2_Z轴1_Axis_Vel,取料2_Z轴1_Axis_Vel_20,28340,取料2_Z轴1_Axis_Vel_20,Pickup 2_Z Axis 1_Axis_Vel_20,L?y v?t li?u 2_Tr?c Z 1_Tr?c_V?n t?c_20
PLC/取料2_Z轴1_Axis_Vel,取料2_Z轴1_Axis_Vel_21,28342,取料2_Z轴1_Axis_Vel_21,Pickup 2_Z Axis 1_Axis_Vel_21,L?y v?t li?u 2_Tr?c Z 1_Tr?c_V?n t?c_21
PLC/取料2_Z轴1_Axis_Vel,取料2_Z轴1_Axis_Vel_22,28344,取料2_Z轴1_Axis_Vel_22,Pickup 2_Z Axis 1_Axis_Vel_22,L?y v?t li?u 2_Tr?c Z 1_Tr?c_V?n t?c_22
PLC/取料2_Z轴1_Axis_Vel,取料2_Z轴1_Axis_Vel_23,28346,取料2_Z轴1_Axis_Vel_23,Pickup 2_Z Axis 1_Axis_Vel_23,L?y v?t li?u 2_Tr?c Z 1_Tr?c_V?n t?c_23
PLC/取料2_Z轴1_Axis_Vel,取料2_Z轴1_Axis_Vel_24,28348,取料2_Z轴1_Axis_Vel_24,Pickup 2_Z Axis 1_Axis_Vel_24,L?y v?t li?u 2_Tr?c Z 1_Tr?c_V?n t?c_24
PLC/取料2_Z轴1_Axis_Vel,取料2_Z轴1_Axis_Vel_25,28350,取料2_Z轴1_Axis_Vel_25,Pickup 2_Z Axis 1_Axis_Vel_25,L?y v?t li?u 2_Tr?c Z 1_Tr?c_V?n t?c_25
PLC/取料2_Z轴1_Axis_Vel,取料2_Z轴1_Axis_Vel_26,28352,取料2_Z轴1_Axis_Vel_26,Pickup 2_Z Axis 1_Axis_Vel_26,L?y v?t li?u 2_Tr?c Z 1_Tr?c_V?n t?c_26
PLC/取料2_Z轴1_Axis_Vel,取料2_Z轴1_Axis_Vel_27,28354,取料2_Z轴1_Axis_Vel_27,Pickup 2_Z Axis 1_Axis_Vel_27,L?y v?t li?u 2_Tr?c Z 1_Tr?c_V?n t?c_27
PLC/取料2_Z轴1_Axis_Vel,取料2_Z轴1_Axis_Vel_28,28356,取料2_Z轴1_Axis_Vel_28,Pickup 2_Z Axis 1_Axis_Vel_28,L?y v?t li?u 2_Tr?c Z 1_Tr?c_V?n t?c_28
PLC/取料2_Z轴1_Axis_Vel,取料2_Z轴1_Axis_Vel_29,28358,取料2_Z轴1_Axis_Vel_29,Pickup 2_Z Axis 1_Axis_Vel_29,L?y v?t li?u 2_Tr?c Z 1_Tr?c_V?n t?c_29
PLC/取料2_Z轴1_Axis_Vel,取料2_Z轴1_Axis_Vel_30,28360,取料2_Z轴1_Axis_Vel_30,Pickup 2_Z Axis 1_Axis_Vel_30,L?y v?t li?u 2_Tr?c Z 1_Tr?c_V?n t?c_30
PLC/取料2_Z轴1_Axis_Vel,取料2_Z轴1_Axis_Vel_31,28362,取料2_Z轴1_Axis_Vel_31,Pickup 2_Z Axis 1_Axis_Vel_31,L?y v?t li?u 2_Tr?c Z 1_Tr?c_V?n t?c_31
PLC/取料2_Z轴1_Axis_Vel,取料2_Z轴1_Axis_Vel_32,28364,取料2_Z轴1_Axis_Vel_32,Pickup 2_Z Axis 1_Axis_Vel_32,L?y v?t li?u 2_Tr?c Z 1_Tr?c_V?n t?c_32
PLC/取料2_Z轴1_Axis_Vel,取料2_Z轴1_Axis_Vel_33,28366,取料2_Z轴1_Axis_Vel_33,Pickup 2_Z Axis 1_Axis_Vel_33,L?y v?t li?u 2_Tr?c Z 1_Tr?c_V?n t?c_33
PLC/取料2_Z轴1_Axis_Vel,取料2_Z轴1_Axis_Vel_34,28368,取料2_Z轴1_Axis_Vel_34,Pickup 2_Z Axis 1_Axis_Vel_34,L?y v?t li?u 2_Tr?c Z 1_Tr?c_V?n t?c_34
PLC/取料2_Z轴1_Axis_Vel,取料2_Z轴1_Axis_Vel_35,28370,取料2_Z轴1_Axis_Vel_35,Pickup 2_Z Axis 1_Axis_Vel_35,L?y v?t li?u 2_Tr?c Z 1_Tr?c_V?n t?c_35
PLC/取料2_Z轴1_Axis_Vel,取料2_Z轴1_Axis_Vel_36,28372,取料2_Z轴1_Axis_Vel_36,Pickup 2_Z Axis 1_Axis_Vel_36,L?y v?t li?u 2_Tr?c Z 1_Tr?c_V?n t?c_36
PLC/取料2_Z轴1_Axis_Vel,取料2_Z轴1_Axis_Vel_37,28374,取料2_Z轴1_Axis_Vel_37,Pickup 2_Z Axis 1_Axis_Vel_37,L?y v?t li?u 2_Tr?c Z 1_Tr?c_V?n t?c_37
PLC/取料2_Z轴1_Axis_Vel,取料2_Z轴1_Axis_Vel_38,28376,取料2_Z轴1_Axis_Vel_38,Pickup 2_Z Axis 1_Axis_Vel_38,L?y v?t li?u 2_Tr?c Z 1_Tr?c_V?n t?c_38
PLC/取料2_Z轴1_Axis_Vel,取料2_Z轴1_Axis_Vel_39,28378,取料2_Z轴1_Axis_Vel_39,Pickup 2_Z Axis 1_Axis_Vel_39,L?y v?t li?u 2_Tr?c Z 1_Tr?c_V?n t?c_39
PLC/取料2_Z轴1_Axis_Vel,取料2_Z轴1_Axis_Vel_40,28380,取料2_Z轴1_Axis_Vel_40,Pickup 2_Z Axis 1_Axis_Vel_40,L?y v?t li?u 2_Tr?c Z 1_Tr?c_V?n t?c_40
PLC/取料2_Z轴1_Axis_Vel,取料2_Z轴1_Axis_Vel_41,28382,取料2_Z轴1_Axis_Vel_41,Pickup 2_Z Axis 1_Axis_Vel_41,L?y v?t li?u 2_Tr?c Z 1_Tr?c_V?n t?c_41
PLC/取料2_Z轴1_Axis_Vel,取料2_Z轴1_Axis_Vel_42,28384,取料2_Z轴1_Axis_Vel_42,Pickup 2_Z Axis 1_Axis_Vel_42,L?y v?t li?u 2_Tr?c Z 1_Tr?c_V?n t?c_42
PLC/取料2_Z轴1_Axis_Vel,取料2_Z轴1_Axis_Vel_43,28386,取料2_Z轴1_Axis_Vel_43,Pickup 2_Z Axis 1_Axis_Vel_43,L?y v?t li?u 2_Tr?c Z 1_Tr?c_V?n t?c_43
PLC/取料2_Z轴1_Axis_Vel,取料2_Z轴1_Axis_Vel_44,28388,取料2_Z轴1_Axis_Vel_44,Pickup 2_Z Axis 1_Axis_Vel_44,L?y v?t li?u 2_Tr?c Z 1_Tr?c_V?n t?c_44
PLC/取料2_Z轴1_Axis_Vel,取料2_Z轴1_Axis_Vel_45,28390,取料2_Z轴1_Axis_Vel_45,Pickup 2_Z Axis 1_Axis_Vel_45,L?y v?t li?u 2_Tr?c Z 1_Tr?c_V?n t?c_45
PLC/取料2_Z轴1_Axis_Vel,取料2_Z轴1_Axis_Vel_46,28392,取料2_Z轴1_Axis_Vel_46,Pickup 2_Z Axis 1_Axis_Vel_46,L?y v?t li?u 2_Tr?c Z 1_Tr?c_V?n t?c_46
PLC/取料2_Z轴1_Axis_Vel,取料2_Z轴1_Axis_Vel_47,28394,取料2_Z轴1_Axis_Vel_47,Pickup 2_Z Axis 1_Axis_Vel_47,L?y v?t li?u 2_Tr?c Z 1_Tr?c_V?n t?c_47



PLC/取料2_R轴1_Axis_Pos,取料2_R轴1_Axis_Pos_0,28400,取料2_R轴1_Axis_Pos_0,Pickup 2_R Axis 1_Axis_Pos_0,L?y v?t li?u 2_Tr?c R 1_Tr?c_V? trí_0
PLC/取料2_R轴1_Axis_Pos,取料2_R轴1_Axis_Pos_1,28402,取料2_R轴1_Axis_Pos_1,Pickup 2_R Axis 1_Axis_Pos_1,L?y v?t li?u 2_Tr?c R 1_Tr?c_V? trí_1
PLC/取料2_R轴1_Axis_Pos,取料2_R轴1_Axis_Pos_2,28404,取料2_R轴1_Axis_Pos_2,Pickup 2_R Axis 1_Axis_Pos_2,L?y v?t li?u 2_Tr?c R 1_Tr?c_V? trí_2
PLC/取料2_R轴1_Axis_Pos,取料2_R轴1_Axis_Pos_3,28406,取料2_R轴1_Axis_Pos_3,Pickup 2_R Axis 1_Axis_Pos_3,L?y v?t li?u 2_Tr?c R 1_Tr?c_V? trí_3
PLC/取料2_R轴1_Axis_Pos,取料2_R轴1_Axis_Pos_4,28408,取料2_R轴1_Axis_Pos_4,Pickup 2_R Axis 1_Axis_Pos_4,L?y v?t li?u 2_Tr?c R 1_Tr?c_V? trí_4
PLC/取料2_R轴1_Axis_Pos,取料2_R轴1_Axis_Pos_5,28410,取料2_R轴1_Axis_Pos_5,Pickup 2_R Axis 1_Axis_Pos_5,L?y v?t li?u 2_Tr?c R 1_Tr?c_V? trí_5
PLC/取料2_R轴1_Axis_Pos,取料2_R轴1_Axis_Pos_6,28412,取料2_R轴1_Axis_Pos_6,Pickup 2_R Axis 1_Axis_Pos_6,L?y v?t li?u 2_Tr?c R 1_Tr?c_V? trí_6
PLC/取料2_R轴1_Axis_Pos,取料2_R轴1_Axis_Pos_7,28414,取料2_R轴1_Axis_Pos_7,Pickup 2_R Axis 1_Axis_Pos_7,L?y v?t li?u 2_Tr?c R 1_Tr?c_V? trí_7
PLC/取料2_R轴1_Axis_Pos,取料2_R轴1_Axis_Pos_8,28416,取料2_R轴1_Axis_Pos_8,Pickup 2_R Axis 1_Axis_Pos_8,L?y v?t li?u 2_Tr?c R 1_Tr?c_V? trí_8
PLC/取料2_R轴1_Axis_Pos,取料2_R轴1_Axis_Pos_9,28418,取料2_R轴1_Axis_Pos_9,Pickup 2_R Axis 1_Axis_Pos_9,L?y v?t li?u 2_Tr?c R 1_Tr?c_V? trí_9
PLC/取料2_R轴1_Axis_Pos,取料2_R轴1_Axis_Pos_10,28420,取料2_R轴1_Axis_Pos_10,Pickup 2_R Axis 1_Axis_Pos_10,L?y v?t li?u 2_Tr?c R 1_Tr?c_V? trí_10
PLC/取料2_R轴1_Axis_Pos,取料2_R轴1_Axis_Pos_11,28422,取料2_R轴1_Axis_Pos_11,Pickup 2_R Axis 1_Axis_Pos_11,L?y v?t li?u 2_Tr?c R 1_Tr?c_V? trí_11
PLC/取料2_R轴1_Axis_Pos,取料2_R轴1_Axis_Pos_12,28424,取料2_R轴1_Axis_Pos_12,Pickup 2_R Axis 1_Axis_Pos_12,L?y v?t li?u 2_Tr?c R 1_Tr?c_V? trí_12
PLC/取料2_R轴1_Axis_Pos,取料2_R轴1_Axis_Pos_13,28426,取料2_R轴1_Axis_Pos_13,Pickup 2_R Axis 1_Axis_Pos_13,L?y v?t li?u 2_Tr?c R 1_Tr?c_V? trí_13
PLC/取料2_R轴1_Axis_Pos,取料2_R轴1_Axis_Pos_14,28428,取料2_R轴1_Axis_Pos_14,Pickup 2_R Axis 1_Axis_Pos_14,L?y v?t li?u 2_Tr?c R 1_Tr?c_V? trí_14
PLC/取料2_R轴1_Axis_Pos,取料2_R轴1_Axis_Pos_15,28430,取料2_R轴1_Axis_Pos_15,Pickup 2_R Axis 1_Axis_Pos_15,L?y v?t li?u 2_Tr?c R 1_Tr?c_V? trí_15
PLC/取料2_R轴1_Axis_Pos,取料2_R轴1_Axis_Pos_16,28432,取料2_R轴1_Axis_Pos_16,Pickup 2_R Axis 1_Axis_Pos_16,L?y v?t li?u 2_Tr?c R 1_Tr?c_V? trí_16
PLC/取料2_R轴1_Axis_Pos,取料2_R轴1_Axis_Pos_17,28434,取料2_R轴1_Axis_Pos_17,Pickup 2_R Axis 1_Axis_Pos_17,L?y v?t li?u 2_Tr?c R 1_Tr?c_V? trí_17
PLC/取料2_R轴1_Axis_Pos,取料2_R轴1_Axis_Pos_18,28436,取料2_R轴1_Axis_Pos_18,Pickup 2_R Axis 1_Axis_Pos_18,L?y v?t li?u 2_Tr?c R 1_Tr?c_V? trí_18
PLC/取料2_R轴1_Axis_Pos,取料2_R轴1_Axis_Pos_19,28438,取料2_R轴1_Axis_Pos_19,Pickup 2_R Axis 1_Axis_Pos_19,L?y v?t li?u 2_Tr?c R 1_Tr?c_V? trí_19
PLC/取料2_R轴1_Axis_Pos,取料2_R轴1_Axis_Pos_20,28440,取料2_R轴1_Axis_Pos_20,Pickup 2_R Axis 1_Axis_Pos_20,L?y v?t li?u 2_Tr?c R 1_Tr?c_V? trí_20
PLC/取料2_R轴1_Axis_Pos,取料2_R轴1_Axis_Pos_21,28442,取料2_R轴1_Axis_Pos_21,Pickup 2_R Axis 1_Axis_Pos_21,L?y v?t li?u 2_Tr?c R 1_Tr?c_V? trí_21
PLC/取料2_R轴1_Axis_Pos,取料2_R轴1_Axis_Pos_22,28444,取料2_R轴1_Axis_Pos_22,Pickup 2_R Axis 1_Axis_Pos_22,L?y v?t li?u 2_Tr?c R 1_Tr?c_V? trí_22
PLC/取料2_R轴1_Axis_Pos,取料2_R轴1_Axis_Pos_23,28446,取料2_R轴1_Axis_Pos_23,Pickup 2_R Axis 1_Axis_Pos_23,L?y v?t li?u 2_Tr?c R 1_Tr?c_V? trí_23
PLC/取料2_R轴1_Axis_Pos,取料2_R轴1_Axis_Pos_24,28448,取料2_R轴1_Axis_Pos_24,Pickup 2_R Axis 1_Axis_Pos_24,L?y v?t li?u 2_Tr?c R 1_Tr?c_V? trí_24
PLC/取料2_R轴1_Axis_Pos,取料2_R轴1_Axis_Pos_25,28450,取料2_R轴1_Axis_Pos_25,Pickup 2_R Axis 1_Axis_Pos_25,L?y v?t li?u 2_Tr?c R 1_Tr?c_V? trí_25
PLC/取料2_R轴1_Axis_Pos,取料2_R轴1_Axis_Pos_26,28452,取料2_R轴1_Axis_Pos_26,Pickup 2_R Axis 1_Axis_Pos_26,L?y v?t li?u 2_Tr?c R 1_Tr?c_V? trí_26
PLC/取料2_R轴1_Axis_Pos,取料2_R轴1_Axis_Pos_27,28454,取料2_R轴1_Axis_Pos_27,Pickup 2_R Axis 1_Axis_Pos_27,L?y v?t li?u 2_Tr?c R 1_Tr?c_V? trí_27
PLC/取料2_R轴1_Axis_Pos,取料2_R轴1_Axis_Pos_28,28456,取料2_R轴1_Axis_Pos_28,Pickup 2_R Axis 1_Axis_Pos_28,L?y v?t li?u 2_Tr?c R 1_Tr?c_V? trí_28
PLC/取料2_R轴1_Axis_Pos,取料2_R轴1_Axis_Pos_29,28458,取料2_R轴1_Axis_Pos_29,Pickup 2_R Axis 1_Axis_Pos_29,L?y v?t li?u 2_Tr?c R 1_Tr?c_V? trí_29
PLC/取料2_R轴1_Axis_Pos,取料2_R轴1_Axis_Pos_30,28460,取料2_R轴1_Axis_Pos_30,Pickup 2_R Axis 1_Axis_Pos_30,L?y v?t li?u 2_Tr?c R 1_Tr?c_V? trí_30
PLC/取料2_R轴1_Axis_Pos,取料2_R轴1_Axis_Pos_31,28462,取料2_R轴1_Axis_Pos_31,Pickup 2_R Axis 1_Axis_Pos_31,L?y v?t li?u 2_Tr?c R 1_Tr?c_V? trí_31
PLC/取料2_R轴1_Axis_Pos,取料2_R轴1_Axis_Pos_32,28464,取料2_R轴1_Axis_Pos_32,Pickup 2_R Axis 1_Axis_Pos_32,L?y v?t li?u 2_Tr?c R 1_Tr?c_V? trí_32
PLC/取料2_R轴1_Axis_Pos,取料2_R轴1_Axis_Pos_33,28466,取料2_R轴1_Axis_Pos_33,Pickup 2_R Axis 1_Axis_Pos_33,L?y v?t li?u 2_Tr?c R 1_Tr?c_V? trí_33
PLC/取料2_R轴1_Axis_Pos,取料2_R轴1_Axis_Pos_34,28468,取料2_R轴1_Axis_Pos_34,Pickup 2_R Axis 1_Axis_Pos_34,L?y v?t li?u 2_Tr?c R 1_Tr?c_V? trí_34
PLC/取料2_R轴1_Axis_Pos,取料2_R轴1_Axis_Pos_35,28470,取料2_R轴1_Axis_Pos_35,Pickup 2_R Axis 1_Axis_Pos_35,L?y v?t li?u 2_Tr?c R 1_Tr?c_V? trí_35
PLC/取料2_R轴1_Axis_Pos,取料2_R轴1_Axis_Pos_36,28472,取料2_R轴1_Axis_Pos_36,Pickup 2_R Axis 1_Axis_Pos_36,L?y v?t li?u 2_Tr?c R 1_Tr?c_V? trí_36
PLC/取料2_R轴1_Axis_Pos,取料2_R轴1_Axis_Pos_37,28474,取料2_R轴1_Axis_Pos_37,Pickup 2_R Axis 1_Axis_Pos_37,L?y v?t li?u 2_Tr?c R 1_Tr?c_V? trí_37
PLC/取料2_R轴1_Axis_Pos,取料2_R轴1_Axis_Pos_38,28476,取料2_R轴1_Axis_Pos_38,Pickup 2_R Axis 1_Axis_Pos_38,L?y v?t li?u 2_Tr?c R 1_Tr?c_V? trí_38
PLC/取料2_R轴1_Axis_Pos,取料2_R轴1_Axis_Pos_39,28478,取料2_R轴1_Axis_Pos_39,Pickup 2_R Axis 1_Axis_Pos_39,L?y v?t li?u 2_Tr?c R 1_Tr?c_V? trí_39
PLC/取料2_R轴1_Axis_Pos,取料2_R轴1_Axis_Pos_40,28480,取料2_R轴1_Axis_Pos_40,Pickup 2_R Axis 1_Axis_Pos_40,L?y v?t li?u 2_Tr?c R 1_Tr?c_V? trí_40
PLC/取料2_R轴1_Axis_Pos,取料2_R轴1_Axis_Pos_41,28482,取料2_R轴1_Axis_Pos_41,Pickup 2_R Axis 1_Axis_Pos_41,L?y v?t li?u 2_Tr?c R 1_Tr?c_V? trí_41
PLC/取料2_R轴1_Axis_Pos,取料2_R轴1_Axis_Pos_42,28484,取料2_R轴1_Axis_Pos_42,Pickup 2_R Axis 1_Axis_Pos_42,L?y v?t li?u 2_Tr?c R 1_Tr?c_V? trí_42
PLC/取料2_R轴1_Axis_Pos,取料2_R轴1_Axis_Pos_43,28486,取料2_R轴1_Axis_Pos_43,Pickup 2_R Axis 1_Axis_Pos_43,L?y v?t li?u 2_Tr?c R 1_Tr?c_V? trí_43
PLC/取料2_R轴1_Axis_Pos,取料2_R轴1_Axis_Pos_44,28488,取料2_R轴1_Axis_Pos_44,Pickup 2_R Axis 1_Axis_Pos_44,L?y v?t li?u 2_Tr?c R 1_Tr?c_V? trí_44
PLC/取料2_R轴1_Axis_Pos,取料2_R轴1_Axis_Pos_45,28490,取料2_R轴1_Axis_Pos_45,Pickup 2_R Axis 1_Axis_Pos_45,L?y v?t li?u 2_Tr?c R 1_Tr?c_V? trí_45
PLC/取料2_R轴1_Axis_Pos,取料2_R轴1_Axis_Pos_46,28492,取料2_R轴1_Axis_Pos_46,Pickup 2_R Axis 1_Axis_Pos_46,L?y v?t li?u 2_Tr?c R 1_Tr?c_V? trí_46
PLC/取料2_R轴1_Axis_Pos,取料2_R轴1_Axis_Pos_47,28494,取料2_R轴1_Axis_Pos_47,Pickup 2_R Axis 1_Axis_Pos_47,L?y v?t li?u 2_Tr?c R 1_Tr?c_V? trí_47

PLC/取料2_R轴1_Axis_Vel,取料2_R轴1_Axis_Vel_0,28500,取料2_R轴1_Axis_Vel_0,Pickup 2_R Axis 1_Axis_Vel_0,L?y v?t li?u 2_Tr?c R 1_Tr?c_V?n t?c_0
PLC/取料2_R轴1_Axis_Vel,取料2_R轴1_Axis_Vel_1,28502,取料2_R轴1_Axis_Vel_1,Pickup 2_R Axis 1_Axis_Vel_1,L?y v?t li?u 2_Tr?c R 1_Tr?c_V?n t?c_1
PLC/取料2_R轴1_Axis_Vel,取料2_R轴1_Axis_Vel_2,28504,取料2_R轴1_Axis_Vel_2,Pickup 2_R Axis 1_Axis_Vel_2,L?y v?t li?u 2_Tr?c R 1_Tr?c_V?n t?c_2
PLC/取料2_R轴1_Axis_Vel,取料2_R轴1_Axis_Vel_3,28506,取料2_R轴1_Axis_Vel_3,Pickup 2_R Axis 1_Axis_Vel_3,L?y v?t li?u 2_Tr?c R 1_Tr?c_V?n t?c_3
PLC/取料2_R轴1_Axis_Vel,取料2_R轴1_Axis_Vel_4,28508,取料2_R轴1_Axis_Vel_4,Pickup 2_R Axis 1_Axis_Vel_4,L?y v?t li?u 2_Tr?c R 1_Tr?c_V?n t?c_4
PLC/取料2_R轴1_Axis_Vel,取料2_R轴1_Axis_Vel_5,28510,取料2_R轴1_Axis_Vel_5,Pickup 2_R Axis 1_Axis_Vel_5,L?y v?t li?u 2_Tr?c R 1_Tr?c_V?n t?c_5
PLC/取料2_R轴1_Axis_Vel,取料2_R轴1_Axis_Vel_6,28512,取料2_R轴1_Axis_Vel_6,Pickup 2_R Axis 1_Axis_Vel_6,L?y v?t li?u 2_Tr?c R 1_Tr?c_V?n t?c_6
PLC/取料2_R轴1_Axis_Vel,取料2_R轴1_Axis_Vel_7,28514,取料2_R轴1_Axis_Vel_7,Pickup 2_R Axis 1_Axis_Vel_7,L?y v?t li?u 2_Tr?c R 1_Tr?c_V?n t?c_7
PLC/取料2_R轴1_Axis_Vel,取料2_R轴1_Axis_Vel_8,28516,取料2_R轴1_Axis_Vel_8,Pickup 2_R Axis 1_Axis_Vel_8,L?y v?t li?u 2_Tr?c R 1_Tr?c_V?n t?c_8
PLC/取料2_R轴1_Axis_Vel,取料2_R轴1_Axis_Vel_9,28518,取料2_R轴1_Axis_Vel_9,Pickup 2_R Axis 1_Axis_Vel_9,L?y v?t li?u 2_Tr?c R 1_Tr?c_V?n t?c_9
PLC/取料2_R轴1_Axis_Vel,取料2_R轴1_Axis_Vel_10,28520,取料2_R轴1_Axis_Vel_10,Pickup 2_R Axis 1_Axis_Vel_10,L?y v?t li?u 2_Tr?c R 1_Tr?c_V?n t?c_10
PLC/取料2_R轴1_Axis_Vel,取料2_R轴1_Axis_Vel_11,28522,取料2_R轴1_Axis_Vel_11,Pickup 2_R Axis 1_Axis_Vel_11,L?y v?t li?u 2_Tr?c R 1_Tr?c_V?n t?c_11
PLC/取料2_R轴1_Axis_Vel,取料2_R轴1_Axis_Vel_12,28524,取料2_R轴1_Axis_Vel_12,Pickup 2_R Axis 1_Axis_Vel_12,L?y v?t li?u 2_Tr?c R 1_Tr?c_V?n t?c_12
PLC/取料2_R轴1_Axis_Vel,取料2_R轴1_Axis_Vel_13,28526,取料2_R轴1_Axis_Vel_13,Pickup 2_R Axis 1_Axis_Vel_13,L?y v?t li?u 2_Tr?c R 1_Tr?c_V?n t?c_13
PLC/取料2_R轴1_Axis_Vel,取料2_R轴1_Axis_Vel_14,28528,取料2_R轴1_Axis_Vel_14,Pickup 2_R Axis 1_Axis_Vel_14,L?y v?t li?u 2_Tr?c R 1_Tr?c_V?n t?c_14
PLC/取料2_R轴1_Axis_Vel,取料2_R轴1_Axis_Vel_15,28530,取料2_R轴1_Axis_Vel_15,Pickup 2_R Axis 1_Axis_Vel_15,L?y v?t li?u 2_Tr?c R 1_Tr?c_V?n t?c_15
PLC/取料2_R轴1_Axis_Vel,取料2_R轴1_Axis_Vel_16,28532,取料2_R轴1_Axis_Vel_16,Pickup 2_R Axis 1_Axis_Vel_16,L?y v?t li?u 2_Tr?c R 1_Tr?c_V?n t?c_16
PLC/取料2_R轴1_Axis_Vel,取料2_R轴1_Axis_Vel_17,28534,取料2_R轴1_Axis_Vel_17,Pickup 2_R Axis 1_Axis_Vel_17,L?y v?t li?u 2_Tr?c R 1_Tr?c_V?n t?c_17
PLC/取料2_R轴1_Axis_Vel,取料2_R轴1_Axis_Vel_18,28536,取料2_R轴1_Axis_Vel_18,Pickup 2_R Axis 1_Axis_Vel_18,L?y v?t li?u 2_Tr?c R 1_Tr?c_V?n t?c_18
PLC/取料2_R轴1_Axis_Vel,取料2_R轴1_Axis_Vel_19,28538,取料2_R轴1_Axis_Vel_19,Pickup 2_R Axis 1_Axis_Vel_19,L?y v?t li?u 2_Tr?c R 1_Tr?c_V?n t?c_19
PLC/取料2_R轴1_Axis_Vel,取料2_R轴1_Axis_Vel_20,28540,取料2_R轴1_Axis_Vel_20,Pickup 2_R Axis 1_Axis_Vel_20,L?y v?t li?u 2_Tr?c R 1_Tr?c_V?n t?c_20
PLC/取料2_R轴1_Axis_Vel,取料2_R轴1_Axis_Vel_21,28542,取料2_R轴1_Axis_Vel_21,Pickup 2_R Axis 1_Axis_Vel_21,L?y v?t li?u 2_Tr?c R 1_Tr?c_V?n t?c_21
PLC/取料2_R轴1_Axis_Vel,取料2_R轴1_Axis_Vel_22,28544,取料2_R轴1_Axis_Vel_22,Pickup 2_R Axis 1_Axis_Vel_22,L?y v?t li?u 2_Tr?c R 1_Tr?c_V?n t?c_22
PLC/取料2_R轴1_Axis_Vel,取料2_R轴1_Axis_Vel_23,28546,取料2_R轴1_Axis_Vel_23,Pickup 2_R Axis 1_Axis_Vel_23,L?y v?t li?u 2_Tr?c R 1_Tr?c_V?n t?c_23
PLC/取料2_R轴1_Axis_Vel,取料2_R轴1_Axis_Vel_24,28548,取料2_R轴1_Axis_Vel_24,Pickup 2_R Axis 1_Axis_Vel_24,L?y v?t li?u 2_Tr?c R 1_Tr?c_V?n t?c_24
PLC/取料2_R轴1_Axis_Vel,取料2_R轴1_Axis_Vel_25,28550,取料2_R轴1_Axis_Vel_25,Pickup 2_R Axis 1_Axis_Vel_25,L?y v?t li?u 2_Tr?c R 1_Tr?c_V?n t?c_25
PLC/取料2_R轴1_Axis_Vel,取料2_R轴1_Axis_Vel_26,28552,取料2_R轴1_Axis_Vel_26,Pickup 2_R Axis 1_Axis_Vel_26,L?y v?t li?u 2_Tr?c R 1_Tr?c_V?n t?c_26
PLC/取料2_R轴1_Axis_Vel,取料2_R轴1_Axis_Vel_27,28554,取料2_R轴1_Axis_Vel_27,Pickup 2_R Axis 1_Axis_Vel_27,L?y v?t li?u 2_Tr?c R 1_Tr?c_V?n t?c_27
PLC/取料2_R轴1_Axis_Vel,取料2_R轴1_Axis_Vel_28,28556,取料2_R轴1_Axis_Vel_28,Pickup 2_R Axis 1_Axis_Vel_28,L?y v?t li?u 2_Tr?c R 1_Tr?c_V?n t?c_28
PLC/取料2_R轴1_Axis_Vel,取料2_R轴1_Axis_Vel_29,28558,取料2_R轴1_Axis_Vel_29,Pickup 2_R Axis 1_Axis_Vel_29,L?y v?t li?u 2_Tr?c R 1_Tr?c_V?n t?c_29
PLC/取料2_R轴1_Axis_Vel,取料2_R轴1_Axis_Vel_30,28560,取料2_R轴1_Axis_Vel_30,Pickup 2_R Axis 1_Axis_Vel_30,L?y v?t li?u 2_Tr?c R 1_Tr?c_V?n t?c_30
PLC/取料2_R轴1_Axis_Vel,取料2_R轴1_Axis_Vel_31,28562,取料2_R轴1_Axis_Vel_31,Pickup 2_R Axis 1_Axis_Vel_31,L?y v?t li?u 2_Tr?c R 1_Tr?c_V?n t?c_31
PLC/取料2_R轴1_Axis_Vel,取料2_R轴1_Axis_Vel_32,28564,取料2_R轴1_Axis_Vel_32,Pickup 2_R Axis 1_Axis_Vel_32,L?y v?t li?u 2_Tr?c R 1_Tr?c_V?n t?c_32
PLC/取料2_R轴1_Axis_Vel,取料2_R轴1_Axis_Vel_33,28566,取料2_R轴1_Axis_Vel_33,Pickup 2_R Axis 1_Axis_Vel_33,L?y v?t li?u 2_Tr?c R 1_Tr?c_V?n t?c_33
PLC/取料2_R轴1_Axis_Vel,取料2_R轴1_Axis_Vel_34,28568,取料2_R轴1_Axis_Vel_34,Pickup 2_R Axis 1_Axis_Vel_34,L?y v?t li?u 2_Tr?c R 1_Tr?c_V?n t?c_34
PLC/取料2_R轴1_Axis_Vel,取料2_R轴1_Axis_Vel_35,28570,取料2_R轴1_Axis_Vel_35,Pickup 2_R Axis 1_Axis_Vel_35,L?y v?t li?u 2_Tr?c R 1_Tr?c_V?n t?c_35
PLC/取料2_R轴1_Axis_Vel,取料2_R轴1_Axis_Vel_36,28572,取料2_R轴1_Axis_Vel_36,Pickup 2_R Axis 1_Axis_Vel_36,L?y v?t li?u 2_Tr?c R 1_Tr?c_V?n t?c_36
PLC/取料2_R轴1_Axis_Vel,取料2_R轴1_Axis_Vel_37,28574,取料2_R轴1_Axis_Vel_37,Pickup 2_R Axis 1_Axis_Vel_37,L?y v?t li?u 2_Tr?c R 1_Tr?c_V?n t?c_37
PLC/取料2_R轴1_Axis_Vel,取料2_R轴1_Axis_Vel_38,28576,取料2_R轴1_Axis_Vel_38,Pickup 2_R Axis 1_Axis_Vel_38,L?y v?t li?u 2_Tr?c R 1_Tr?c_V?n t?c_38
PLC/取料2_R轴1_Axis_Vel,取料2_R轴1_Axis_Vel_39,28578,取料2_R轴1_Axis_Vel_39,Pickup 2_R Axis 1_Axis_Vel_39,L?y v?t li?u 2_Tr?c R 1_Tr?c_V?n t?c_39
PLC/取料2_R轴1_Axis_Vel,取料2_R轴1_Axis_Vel_40,28580,取料2_R轴1_Axis_Vel_40,Pickup 2_R Axis 1_Axis_Vel_40,L?y v?t li?u 2_Tr?c R 1_Tr?c_V?n t?c_40
PLC/取料2_R轴1_Axis_Vel,取料2_R轴1_Axis_Vel_41,28582,取料2_R轴1_Axis_Vel_41,Pickup 2_R Axis 1_Axis_Vel_41,L?y v?t li?u 2_Tr?c R 1_Tr?c_V?n t?c_41
PLC/取料2_R轴1_Axis_Vel,取料2_R轴1_Axis_Vel_42,28584,取料2_R轴1_Axis_Vel_42,Pickup 2_R Axis 1_Axis_Vel_42,L?y v?t li?u 2_Tr?c R 1_Tr?c_V?n t?c_42
PLC/取料2_R轴1_Axis_Vel,取料2_R轴1_Axis_Vel_43,28586,取料2_R轴1_Axis_Vel_43,Pickup 2_R Axis 1_Axis_Vel_43,L?y v?t li?u 2_Tr?c R 1_Tr?c_V?n t?c_43
PLC/取料2_R轴1_Axis_Vel,取料2_R轴1_Axis_Vel_44,28588,取料2_R轴1_Axis_Vel_44,Pickup 2_R Axis 1_Axis_Vel_44,L?y v?t li?u 2_Tr?c R 1_Tr?c_V?n t?c_44
PLC/取料2_R轴1_Axis_Vel,取料2_R轴1_Axis_Vel_45,28590,取料2_R轴1_Axis_Vel_45,Pickup 2_R Axis 1_Axis_Vel_45,L?y v?t li?u 2_Tr?c R 1_Tr?c_V?n t?c_45
PLC/取料2_R轴1_Axis_Vel,取料2_R轴1_Axis_Vel_46,28592,取料2_R轴1_Axis_Vel_46,Pickup 2_R Axis 1_Axis_Vel_46,L?y v?t li?u 2_Tr?c R 1_Tr?c_V?n t?c_46
PLC/取料2_R轴1_Axis_Vel,取料2_R轴1_Axis_Vel_47,28594,取料2_R轴1_Axis_Vel_47,Pickup 2_R Axis 1_Axis_Vel_47,L?y v?t li?u 2_Tr?c R 1_Tr?c_V?n t?c_47

PLC/取料2_Z轴2_Axis_Pos,取料2_Z轴2_Axis_Pos_0,28600,取料2_Z轴2_Axis_Pos_0,Pickup 2_Z Axis 2_Axis_Pos_0,L?y v?t li?u 2_Tr?c Z 2_Tr?c_V? trí_0
PLC/取料2_Z轴2_Axis_Pos,取料2_Z轴2_Axis_Pos_1,28602,取料2_Z轴2_Axis_Pos_1,Pickup 2_Z Axis 2_Axis_Pos_1,L?y v?t li?u 2_Tr?c Z 2_Tr?c_V? trí_1
PLC/取料2_Z轴2_Axis_Pos,取料2_Z轴2_Axis_Pos_2,28604,取料2_Z轴2_Axis_Pos_2,Pickup 2_Z Axis 2_Axis_Pos_2,L?y v?t li?u 2_Tr?c Z 2_Tr?c_V? trí_2
PLC/取料2_Z轴2_Axis_Pos,取料2_Z轴2_Axis_Pos_3,28606,取料2_Z轴2_Axis_Pos_3,Pickup 2_Z Axis 2_Axis_Pos_3,L?y v?t li?u 2_Tr?c Z 2_Tr?c_V? trí_3
PLC/取料2_Z轴2_Axis_Pos,取料2_Z轴2_Axis_Pos_4,28608,取料2_Z轴2_Axis_Pos_4,Pickup 2_Z Axis 2_Axis_Pos_4,L?y v?t li?u 2_Tr?c Z 2_Tr?c_V? trí_4
PLC/取料2_Z轴2_Axis_Pos,取料2_Z轴2_Axis_Pos_5,28610,取料2_Z轴2_Axis_Pos_5,Pickup 2_Z Axis 2_Axis_Pos_5,L?y v?t li?u 2_Tr?c Z 2_Tr?c_V? trí_5
PLC/取料2_Z轴2_Axis_Pos,取料2_Z轴2_Axis_Pos_6,28612,取料2_Z轴2_Axis_Pos_6,Pickup 2_Z Axis 2_Axis_Pos_6,L?y v?t li?u 2_Tr?c Z 2_Tr?c_V? trí_6
PLC/取料2_Z轴2_Axis_Pos,取料2_Z轴2_Axis_Pos_7,28614,取料2_Z轴2_Axis_Pos_7,Pickup 2_Z Axis 2_Axis_Pos_7,L?y v?t li?u 2_Tr?c Z 2_Tr?c_V? trí_7
PLC/取料2_Z轴2_Axis_Pos,取料2_Z轴2_Axis_Pos_8,28616,取料2_Z轴2_Axis_Pos_8,Pickup 2_Z Axis 2_Axis_Pos_8,L?y v?t li?u 2_Tr?c Z 2_Tr?c_V? trí_8
PLC/取料2_Z轴2_Axis_Pos,取料2_Z轴2_Axis_Pos_9,28618,取料2_Z轴2_Axis_Pos_9,Pickup 2_Z Axis 2_Axis_Pos_9,L?y v?t li?u 2_Tr?c Z 2_Tr?c_V? trí_9
PLC/取料2_Z轴2_Axis_Pos,取料2_Z轴2_Axis_Pos_10,28620,取料2_Z轴2_Axis_Pos_10,Pickup 2_Z Axis 2_Axis_Pos_10,L?y v?t li?u 2_Tr?c Z 2_Tr?c_V? trí_10
PLC/取料2_Z轴2_Axis_Pos,取料2_Z轴2_Axis_Pos_11,28622,取料2_Z轴2_Axis_Pos_11,Pickup 2_Z Axis 2_Axis_Pos_11,L?y v?t li?u 2_Tr?c Z 2_Tr?c_V? trí_11
PLC/取料2_Z轴2_Axis_Pos,取料2_Z轴2_Axis_Pos_12,28624,取料2_Z轴2_Axis_Pos_12,Pickup 2_Z Axis 2_Axis_Pos_12,L?y v?t li?u 2_Tr?c Z 2_Tr?c_V? trí_12
PLC/取料2_Z轴2_Axis_Pos,取料2_Z轴2_Axis_Pos_13,28626,取料2_Z轴2_Axis_Pos_13,Pickup 2_Z Axis 2_Axis_Pos_13,L?y v?t li?u 2_Tr?c Z 2_Tr?c_V? trí_13
PLC/取料2_Z轴2_Axis_Pos,取料2_Z轴2_Axis_Pos_14,28628,取料2_Z轴2_Axis_Pos_14,Pickup 2_Z Axis 2_Axis_Pos_14,L?y v?t li?u 2_Tr?c Z 2_Tr?c_V? trí_14
PLC/取料2_Z轴2_Axis_Pos,取料2_Z轴2_Axis_Pos_15,28630,取料2_Z轴2_Axis_Pos_15,Pickup 2_Z Axis 2_Axis_Pos_15,L?y v?t li?u 2_Tr?c Z 2_Tr?c_V? trí_15
PLC/取料2_Z轴2_Axis_Pos,取料2_Z轴2_Axis_Pos_16,28632,取料2_Z轴2_Axis_Pos_16,Pickup 2_Z Axis 2_Axis_Pos_16,L?y v?t li?u 2_Tr?c Z 2_Tr?c_V? trí_16
PLC/取料2_Z轴2_Axis_Pos,取料2_Z轴2_Axis_Pos_17,28634,取料2_Z轴2_Axis_Pos_17,Pickup 2_Z Axis 2_Axis_Pos_17,L?y v?t li?u 2_Tr?c Z 2_Tr?c_V? trí_17
PLC/取料2_Z轴2_Axis_Pos,取料2_Z轴2_Axis_Pos_18,28636,取料2_Z轴2_Axis_Pos_18,Pickup 2_Z Axis 2_Axis_Pos_18,L?y v?t li?u 2_Tr?c Z 2_Tr?c_V? trí_18
PLC/取料2_Z轴2_Axis_Pos,取料2_Z轴2_Axis_Pos_19,28638,取料2_Z轴2_Axis_Pos_19,Pickup 2_Z Axis 2_Axis_Pos_19,L?y v?t li?u 2_Tr?c Z 2_Tr?c_V? trí_19
PLC/取料2_Z轴2_Axis_Pos,取料2_Z轴2_Axis_Pos_20,28640,取料2_Z轴2_Axis_Pos_20,Pickup 2_Z Axis 2_Axis_Pos_20,L?y v?t li?u 2_Tr?c Z 2_Tr?c_V? trí_20
PLC/取料2_Z轴2_Axis_Pos,取料2_Z轴2_Axis_Pos_21,28642,取料2_Z轴2_Axis_Pos_21,Pickup 2_Z Axis 2_Axis_Pos_21,L?y v?t li?u 2_Tr?c Z 2_Tr?c_V? trí_21
PLC/取料2_Z轴2_Axis_Pos,取料2_Z轴2_Axis_Pos_22,28644,取料2_Z轴2_Axis_Pos_22,Pickup 2_Z Axis 2_Axis_Pos_22,L?y v?t li?u 2_Tr?c Z 2_Tr?c_V? trí_22
PLC/取料2_Z轴2_Axis_Pos,取料2_Z轴2_Axis_Pos_23,28646,取料2_Z轴2_Axis_Pos_23,Pickup 2_Z Axis 2_Axis_Pos_23,L?y v?t li?u 2_Tr?c Z 2_Tr?c_V? trí_23
PLC/取料2_Z轴2_Axis_Pos,取料2_Z轴2_Axis_Pos_24,28648,取料2_Z轴2_Axis_Pos_24,Pickup 2_Z Axis 2_Axis_Pos_24,L?y v?t li?u 2_Tr?c Z 2_Tr?c_V? trí_24
PLC/取料2_Z轴2_Axis_Pos,取料2_Z轴2_Axis_Pos_25,28650,取料2_Z轴2_Axis_Pos_25,Pickup 2_Z Axis 2_Axis_Pos_25,L?y v?t li?u 2_Tr?c Z 2_Tr?c_V? trí_25
PLC/取料2_Z轴2_Axis_Pos,取料2_Z轴2_Axis_Pos_26,28652,取料2_Z轴2_Axis_Pos_26,Pickup 2_Z Axis 2_Axis_Pos_26,L?y v?t li?u 2_Tr?c Z 2_Tr?c_V? trí_26
PLC/取料2_Z轴2_Axis_Pos,取料2_Z轴2_Axis_Pos_27,28654,取料2_Z轴2_Axis_Pos_27,Pickup 2_Z Axis 2_Axis_Pos_27,L?y v?t li?u 2_Tr?c Z 2_Tr?c_V? trí_27
PLC/取料2_Z轴2_Axis_Pos,取料2_Z轴2_Axis_Pos_28,28656,取料2_Z轴2_Axis_Pos_28,Pickup 2_Z Axis 2_Axis_Pos_28,L?y v?t li?u 2_Tr?c Z 2_Tr?c_V? trí_28
PLC/取料2_Z轴2_Axis_Pos,取料2_Z轴2_Axis_Pos_29,28658,取料2_Z轴2_Axis_Pos_29,Pickup 2_Z Axis 2_Axis_Pos_29,L?y v?t li?u 2_Tr?c Z 2_Tr?c_V? trí_29
PLC/取料2_Z轴2_Axis_Pos,取料2_Z轴2_Axis_Pos_30,28660,取料2_Z轴2_Axis_Pos_30,Pickup 2_Z Axis 2_Axis_Pos_30,L?y v?t li?u 2_Tr?c Z 2_Tr?c_V? trí_30
PLC/取料2_Z轴2_Axis_Pos,取料2_Z轴2_Axis_Pos_31,28662,取料2_Z轴2_Axis_Pos_31,Pickup 2_Z Axis 2_Axis_Pos_31,L?y v?t li?u 2_Tr?c Z 2_Tr?c_V? trí_31
PLC/取料2_Z轴2_Axis_Pos,取料2_Z轴2_Axis_Pos_32,28664,取料2_Z轴2_Axis_Pos_32,Pickup 2_Z Axis 2_Axis_Pos_32,L?y v?t li?u 2_Tr?c Z 2_Tr?c_V? trí_32
PLC/取料2_Z轴2_Axis_Pos,取料2_Z轴2_Axis_Pos_33,28666,取料2_Z轴2_Axis_Pos_33,Pickup 2_Z Axis 2_Axis_Pos_33,L?y v?t li?u 2_Tr?c Z 2_Tr?c_V? trí_33
PLC/取料2_Z轴2_Axis_Pos,取料2_Z轴2_Axis_Pos_34,28668,取料2_Z轴2_Axis_Pos_34,Pickup 2_Z Axis 2_Axis_Pos_34,L?y v?t li?u 2_Tr?c Z 2_Tr?c_V? trí_34
PLC/取料2_Z轴2_Axis_Pos,取料2_Z轴2_Axis_Pos_35,28670,取料2_Z轴2_Axis_Pos_35,Pickup 2_Z Axis 2_Axis_Pos_35,L?y v?t li?u 2_Tr?c Z 2_Tr?c_V? trí_35
PLC/取料2_Z轴2_Axis_Pos,取料2_Z轴2_Axis_Pos_36,28672,取料2_Z轴2_Axis_Pos_36,Pickup 2_Z Axis 2_Axis_Pos_36,L?y v?t li?u 2_Tr?c Z 2_Tr?c_V? trí_36
PLC/取料2_Z轴2_Axis_Pos,取料2_Z轴2_Axis_Pos_37,28674,取料2_Z轴2_Axis_Pos_37,Pickup 2_Z Axis 2_Axis_Pos_37,L?y v?t li?u 2_Tr?c Z 2_Tr?c_V? trí_37
PLC/取料2_Z轴2_Axis_Pos,取料2_Z轴2_Axis_Pos_38,28676,取料2_Z轴2_Axis_Pos_38,Pickup 2_Z Axis 2_Axis_Pos_38,L?y v?t li?u 2_Tr?c Z 2_Tr?c_V? trí_38
PLC/取料2_Z轴2_Axis_Pos,取料2_Z轴2_Axis_Pos_39,28678,取料2_Z轴2_Axis_Pos_39,Pickup 2_Z Axis 2_Axis_Pos_39,L?y v?t li?u 2_Tr?c Z 2_Tr?c_V? trí_39
PLC/取料2_Z轴2_Axis_Pos,取料2_Z轴2_Axis_Pos_40,28680,取料2_Z轴2_Axis_Pos_40,Pickup 2_Z Axis 2_Axis_Pos_40,L?y v?t li?u 2_Tr?c Z 2_Tr?c_V? trí_40
PLC/取料2_Z轴2_Axis_Pos,取料2_Z轴2_Axis_Pos_41,28682,取料2_Z轴2_Axis_Pos_41,Pickup 2_Z Axis 2_Axis_Pos_41,L?y v?t li?u 2_Tr?c Z 2_Tr?c_V? trí_41
PLC/取料2_Z轴2_Axis_Pos,取料2_Z轴2_Axis_Pos_42,28684,取料2_Z轴2_Axis_Pos_42,Pickup 2_Z Axis 2_Axis_Pos_42,L?y v?t li?u 2_Tr?c Z 2_Tr?c_V? trí_42
PLC/取料2_Z轴2_Axis_Pos,取料2_Z轴2_Axis_Pos_43,28686,取料2_Z轴2_Axis_Pos_43,Pickup 2_Z Axis 2_Axis_Pos_43,L?y v?t li?u 2_Tr?c Z 2_Tr?c_V? trí_43
PLC/取料2_Z轴2_Axis_Pos,取料2_Z轴2_Axis_Pos_44,28688,取料2_Z轴2_Axis_Pos_44,Pickup 2_Z Axis 2_Axis_Pos_44,L?y v?t li?u 2_Tr?c Z 2_Tr?c_V? trí_44
PLC/取料2_Z轴2_Axis_Pos,取料2_Z轴2_Axis_Pos_45,28690,取料2_Z轴2_Axis_Pos_45,Pickup 2_Z Axis 2_Axis_Pos_45,L?y v?t li?u 2_Tr?c Z 2_Tr?c_V? trí_45
PLC/取料2_Z轴2_Axis_Pos,取料2_Z轴2_Axis_Pos_46,28692,取料2_Z轴2_Axis_Pos_46,Pickup 2_Z Axis 2_Axis_Pos_46,L?y v?t li?u 2_Tr?c Z 2_Tr?c_V? trí_46
PLC/取料2_Z轴2_Axis_Pos,取料2_Z轴2_Axis_Pos_47,28694,取料2_Z轴2_Axis_Pos_47,Pickup 2_Z Axis 2_Axis_Pos_47,L?y v?t li?u 2_Tr?c Z 2_Tr?c_V? trí_47

PLC/取料2_Z轴2_Axis_Vel,取料2_Z轴2_Axis_Vel_0,28700,取料2_Z轴2_Axis_Vel_0,Pickup 2_Z Axis 2_Axis_Vel_0,L?y v?t li?u 2_Tr?c Z 2_Tr?c_V?n t?c_0
PLC/取料2_Z轴2_Axis_Vel,取料2_Z轴2_Axis_Vel_1,28702,取料2_Z轴2_Axis_Vel_1,Pickup 2_Z Axis 2_Axis_Vel_1,L?y v?t li?u 2_Tr?c Z 2_Tr?c_V?n t?c_1
PLC/取料2_Z轴2_Axis_Vel,取料2_Z轴2_Axis_Vel_2,28704,取料2_Z轴2_Axis_Vel_2,Pickup 2_Z Axis 2_Axis_Vel_2,L?y v?t li?u 2_Tr?c Z 2_Tr?c_V?n t?c_2
PLC/取料2_Z轴2_Axis_Vel,取料2_Z轴2_Axis_Vel_3,28706,取料2_Z轴2_Axis_Vel_3,Pickup 2_Z Axis 2_Axis_Vel_3,L?y v?t li?u 2_Tr?c Z 2_Tr?c_V?n t?c_3
PLC/取料2_Z轴2_Axis_Vel,取料2_Z轴2_Axis_Vel_4,28708,取料2_Z轴2_Axis_Vel_4,Pickup 2_Z Axis 2_Axis_Vel_4,L?y v?t li?u 2_Tr?c Z 2_Tr?c_V?n t?c_4
PLC/取料2_Z轴2_Axis_Vel,取料2_Z轴2_Axis_Vel_5,28710,取料2_Z轴2_Axis_Vel_5,Pickup 2_Z Axis 2_Axis_Vel_5,L?y v?t li?u 2_Tr?c Z 2_Tr?c_V?n t?c_5
PLC/取料2_Z轴2_Axis_Vel,取料2_Z轴2_Axis_Vel_6,28712,取料2_Z轴2_Axis_Vel_6,Pickup 2_Z Axis 2_Axis_Vel_6,L?y v?t li?u 2_Tr?c Z 2_Tr?c_V?n t?c_6
PLC/取料2_Z轴2_Axis_Vel,取料2_Z轴2_Axis_Vel_7,28714,取料2_Z轴2_Axis_Vel_7,Pickup 2_Z Axis 2_Axis_Vel_7,L?y v?t li?u 2_Tr?c Z 2_Tr?c_V?n t?c_7
PLC/取料2_Z轴2_Axis_Vel,取料2_Z轴2_Axis_Vel_8,28716,取料2_Z轴2_Axis_Vel_8,Pickup 2_Z Axis 2_Axis_Vel_8,L?y v?t li?u 2_Tr?c Z 2_Tr?c_V?n t?c_8
PLC/取料2_Z轴2_Axis_Vel,取料2_Z轴2_Axis_Vel_9,28718,取料2_Z轴2_Axis_Vel_9,Pickup 2_Z Axis 2_Axis_Vel_9,L?y v?t li?u 2_Tr?c Z 2_Tr?c_V?n t?c_9
PLC/取料2_Z轴2_Axis_Vel,取料2_Z轴2_Axis_Vel_10,28720,取料2_Z轴2_Axis_Vel_10,Pickup 2_Z Axis 2_Axis_Vel_10,L?y v?t li?u 2_Tr?c Z 2_Tr?c_V?n t?c_10
PLC/取料2_Z轴2_Axis_Vel,取料2_Z轴2_Axis_Vel_11,28722,取料2_Z轴2_Axis_Vel_11,Pickup 2_Z Axis 2_Axis_Vel_11,L?y v?t li?u 2_Tr?c Z 2_Tr?c_V?n t?c_11
PLC/取料2_Z轴2_Axis_Vel,取料2_Z轴2_Axis_Vel_12,28724,取料2_Z轴2_Axis_Vel_12,Pickup 2_Z Axis 2_Axis_Vel_12,L?y v?t li?u 2_Tr?c Z 2_Tr?c_V?n t?c_12
PLC/取料2_Z轴2_Axis_Vel,取料2_Z轴2_Axis_Vel_13,28726,取料2_Z轴2_Axis_Vel_13,Pickup 2_Z Axis 2_Axis_Vel_13,L?y v?t li?u 2_Tr?c Z 2_Tr?c_V?n t?c_13
PLC/取料2_Z轴2_Axis_Vel,取料2_Z轴2_Axis_Vel_14,28728,取料2_Z轴2_Axis_Vel_14,Pickup 2_Z Axis 2_Axis_Vel_14,L?y v?t li?u 2_Tr?c Z 2_Tr?c_V?n t?c_14
PLC/取料2_Z轴2_Axis_Vel,取料2_Z轴2_Axis_Vel_15,28730,取料2_Z轴2_Axis_Vel_15,Pickup 2_Z Axis 2_Axis_Vel_15,L?y v?t li?u 2_Tr?c Z 2_Tr?c_V?n t?c_15
PLC/取料2_Z轴2_Axis_Vel,取料2_Z轴2_Axis_Vel_16,28732,取料2_Z轴2_Axis_Vel_16,Pickup 2_Z Axis 2_Axis_Vel_16,L?y v?t li?u 2_Tr?c Z 2_Tr?c_V?n t?c_16
PLC/取料2_Z轴2_Axis_Vel,取料2_Z轴2_Axis_Vel_17,28734,取料2_Z轴2_Axis_Vel_17,Pickup 2_Z Axis 2_Axis_Vel_17,L?y v?t li?u 2_Tr?c Z 2_Tr?c_V?n t?c_17
PLC/取料2_Z轴2_Axis_Vel,取料2_Z轴2_Axis_Vel_18,28736,取料2_Z轴2_Axis_Vel_18,Pickup 2_Z Axis 2_Axis_Vel_18,L?y v?t li?u 2_Tr?c Z 2_Tr?c_V?n t?c_18
PLC/取料2_Z轴2_Axis_Vel,取料2_Z轴2_Axis_Vel_19,28738,取料2_Z轴2_Axis_Vel_19,Pickup 2_Z Axis 2_Axis_Vel_19,L?y v?t li?u 2_Tr?c Z 2_Tr?c_V?n t?c_19
PLC/取料2_Z轴2_Axis_Vel,取料2_Z轴2_Axis_Vel_20,28740,取料2_Z轴2_Axis_Vel_20,Pickup 2_Z Axis 2_Axis_Vel_20,L?y v?t li?u 2_Tr?c Z 2_Tr?c_V?n t?c_20
PLC/取料2_Z轴2_Axis_Vel,取料2_Z轴2_Axis_Vel_21,28742,取料2_Z轴2_Axis_Vel_21,Pickup 2_Z Axis 2_Axis_Vel_21,L?y v?t li?u 2_Tr?c Z 2_Tr?c_V?n t?c_21
PLC/取料2_Z轴2_Axis_Vel,取料2_Z轴2_Axis_Vel_22,28744,取料2_Z轴2_Axis_Vel_22,Pickup 2_Z Axis 2_Axis_Vel_22,L?y v?t li?u 2_Tr?c Z 2_Tr?c_V?n t?c_22
PLC/取料2_Z轴2_Axis_Vel,取料2_Z轴2_Axis_Vel_23,28746,取料2_Z轴2_Axis_Vel_23,Pickup 2_Z Axis 2_Axis_Vel_23,L?y v?t li?u 2_Tr?c Z 2_Tr?c_V?n t?c_23
PLC/取料2_Z轴2_Axis_Vel,取料2_Z轴2_Axis_Vel_24,28748,取料2_Z轴2_Axis_Vel_24,Pickup 2_Z Axis 2_Axis_Vel_24,L?y v?t li?u 2_Tr?c Z 2_Tr?c_V?n t?c_24
PLC/取料2_Z轴2_Axis_Vel,取料2_Z轴2_Axis_Vel_25,28750,取料2_Z轴2_Axis_Vel_25,Pickup 2_Z Axis 2_Axis_Vel_25,L?y v?t li?u 2_Tr?c Z 2_Tr?c_V?n t?c_25
PLC/取料2_Z轴2_Axis_Vel,取料2_Z轴2_Axis_Vel_26,28752,取料2_Z轴2_Axis_Vel_26,Pickup 2_Z Axis 2_Axis_Vel_26,L?y v?t li?u 2_Tr?c Z 2_Tr?c_V?n t?c_26
PLC/取料2_Z轴2_Axis_Vel,取料2_Z轴2_Axis_Vel_27,28754,取料2_Z轴2_Axis_Vel_27,Pickup 2_Z Axis 2_Axis_Vel_27,L?y v?t li?u 2_Tr?c Z 2_Tr?c_V?n t?c_27
PLC/取料2_Z轴2_Axis_Vel,取料2_Z轴2_Axis_Vel_28,28756,取料2_Z轴2_Axis_Vel_28,Pickup 2_Z Axis 2_Axis_Vel_28,L?y v?t li?u 2_Tr?c Z 2_Tr?c_V?n t?c_28
PLC/取料2_Z轴2_Axis_Vel,取料2_Z轴2_Axis_Vel_29,28758,取料2_Z轴2_Axis_Vel_29,Pickup 2_Z Axis 2_Axis_Vel_29,L?y v?t li?u 2_Tr?c Z 2_Tr?c_V?n t?c_29
PLC/取料2_Z轴2_Axis_Vel,取料2_Z轴2_Axis_Vel_30,28760,取料2_Z轴2_Axis_Vel_30,Pickup 2_Z Axis 2_Axis_Vel_30,L?y v?t li?u 2_Tr?c Z 2_Tr?c_V?n t?c_30
PLC/取料2_Z轴2_Axis_Vel,取料2_Z轴2_Axis_Vel_31,28762,取料2_Z轴2_Axis_Vel_31,Pickup 2_Z Axis 2_Axis_Vel_31,L?y v?t li?u 2_Tr?c Z 2_Tr?c_V?n t?c_31
PLC/取料2_Z轴2_Axis_Vel,取料2_Z轴2_Axis_Vel_32,28764,取料2_Z轴2_Axis_Vel_32,Pickup 2_Z Axis 2_Axis_Vel_32,L?y v?t li?u 2_Tr?c Z 2_Tr?c_V?n t?c_32
PLC/取料2_Z轴2_Axis_Vel,取料2_Z轴2_Axis_Vel_33,28766,取料2_Z轴2_Axis_Vel_33,Pickup 2_Z Axis 2_Axis_Vel_33,L?y v?t li?u 2_Tr?c Z 2_Tr?c_V?n t?c_33
PLC/取料2_Z轴2_Axis_Vel,取料2_Z轴2_Axis_Vel_34,28768,取料2_Z轴2_Axis_Vel_34,Pickup 2_Z Axis 2_Axis_Vel_34,L?y v?t li?u 2_Tr?c Z 2_Tr?c_V?n t?c_34
PLC/取料2_Z轴2_Axis_Vel,取料2_Z轴2_Axis_Vel_35,28770,取料2_Z轴2_Axis_Vel_35,Pickup 2_Z Axis 2_Axis_Vel_35,L?y v?t li?u 2_Tr?c Z 2_Tr?c_V?n t?c_35
PLC/取料2_Z轴2_Axis_Vel,取料2_Z轴2_Axis_Vel_36,28772,取料2_Z轴2_Axis_Vel_36,Pickup 2_Z Axis 2_Axis_Vel_36,L?y v?t li?u 2_Tr?c Z 2_Tr?c_V?n t?c_36
PLC/取料2_Z轴2_Axis_Vel,取料2_Z轴2_Axis_Vel_37,28774,取料2_Z轴2_Axis_Vel_37,Pickup 2_Z Axis 2_Axis_Vel_37,L?y v?t li?u 2_Tr?c Z 2_Tr?c_V?n t?c_37
PLC/取料2_Z轴2_Axis_Vel,取料2_Z轴2_Axis_Vel_38,28776,取料2_Z轴2_Axis_Vel_38,Pickup 2_Z Axis 2_Axis_Vel_38,L?y v?t li?u 2_Tr?c Z 2_Tr?c_V?n t?c_38
PLC/取料2_Z轴2_Axis_Vel,取料2_Z轴2_Axis_Vel_39,28778,取料2_Z轴2_Axis_Vel_39,Pickup 2_Z Axis 2_Axis_Vel_39,L?y v?t li?u 2_Tr?c Z 2_Tr?c_V?n t?c_39
PLC/取料2_Z轴2_Axis_Vel,取料2_Z轴2_Axis_Vel_40,28780,取料2_Z轴2_Axis_Vel_40,Pickup 2_Z Axis 2_Axis_Vel_40,L?y v?t li?u 2_Tr?c Z 2_Tr?c_V?n t?c_40
PLC/取料2_Z轴2_Axis_Vel,取料2_Z轴2_Axis_Vel_41,28782,取料2_Z轴2_Axis_Vel_41,Pickup 2_Z Axis 2_Axis_Vel_41,L?y v?t li?u 2_Tr?c Z 2_Tr?c_V?n t?c_41
PLC/取料2_Z轴2_Axis_Vel,取料2_Z轴2_Axis_Vel_42,28784,取料2_Z轴2_Axis_Vel_42,Pickup 2_Z Axis 2_Axis_Vel_42,L?y v?t li?u 2_Tr?c Z 2_Tr?c_V?n t?c_42
PLC/取料2_Z轴2_Axis_Vel,取料2_Z轴2_Axis_Vel_43,28786,取料2_Z轴2_Axis_Vel_43,Pickup 2_Z Axis 2_Axis_Vel_43,L?y v?t li?u 2_Tr?c Z 2_Tr?c_V?n t?c_43
PLC/取料2_Z轴2_Axis_Vel,取料2_Z轴2_Axis_Vel_44,28788,取料2_Z轴2_Axis_Vel_44,Pickup 2_Z Axis 2_Axis_Vel_44,L?y v?t li?u 2_Tr?c Z 2_Tr?c_V?n t?c_44
PLC/取料2_Z轴2_Axis_Vel,取料2_Z轴2_Axis_Vel_45,28790,取料2_Z轴2_Axis_Vel_45,Pickup 2_Z Axis 2_Axis_Vel_45,L?y v?t li?u 2_Tr?c Z 2_Tr?c_V?n t?c_45
PLC/取料2_Z轴2_Axis_Vel,取料2_Z轴2_Axis_Vel_46,28792,取料2_Z轴2_Axis_Vel_46,Pickup 2_Z Axis 2_Axis_Vel_46,L?y v?t li?u 2_Tr?c Z 2_Tr?c_V?n t?c_46
PLC/取料2_Z轴2_Axis_Vel,取料2_Z轴2_Axis_Vel_47,28794,取料2_Z轴2_Axis_Vel_47,Pickup 2_Z Axis 2_Axis_Vel_47,L?y v?t li?u 2_Tr?c Z 2_Tr?c_V?n t?c_47

PLC/取料2_R轴2_Axis_Pos,取料2_R轴2_Axis_Pos_0,28800,取料2_R轴2_Axis_Pos_0,Pickup 2_R Axis 2_Axis_Pos_0,L?y v?t li?u 2_Tr?c R 2_Tr?c_V? trí_0
PLC/取料2_R轴2_Axis_Pos,取料2_R轴2_Axis_Pos_1,28802,取料2_R轴2_Axis_Pos_1,Pickup 2_R Axis 2_Axis_Pos_1,L?y v?t li?u 2_Tr?c R 2_Tr?c_V? trí_1
PLC/取料2_R轴2_Axis_Pos,取料2_R轴2_Axis_Pos_2,28804,取料2_R轴2_Axis_Pos_2,Pickup 2_R Axis 2_Axis_Pos_2,L?y v?t li?u 2_Tr?c R 2_Tr?c_V? trí_2
PLC/取料2_R轴2_Axis_Pos,取料2_R轴2_Axis_Pos_3,28806,取料2_R轴2_Axis_Pos_3,Pickup 2_R Axis 2_Axis_Pos_3,L?y v?t li?u 2_Tr?c R 2_Tr?c_V? trí_3
PLC/取料2_R轴2_Axis_Pos,取料2_R轴2_Axis_Pos_4,28808,取料2_R轴2_Axis_Pos_4,Pickup 2_R Axis 2_Axis_Pos_4,L?y v?t li?u 2_Tr?c R 2_Tr?c_V? trí_4
PLC/取料2_R轴2_Axis_Pos,取料2_R轴2_Axis_Pos_5,28810,取料2_R轴2_Axis_Pos_5,Pickup 2_R Axis 2_Axis_Pos_5,L?y v?t li?u 2_Tr?c R 2_Tr?c_V? trí_5
PLC/取料2_R轴2_Axis_Pos,取料2_R轴2_Axis_Pos_6,28812,取料2_R轴2_Axis_Pos_6,Pickup 2_R Axis 2_Axis_Pos_6,L?y v?t li?u 2_Tr?c R 2_Tr?c_V? trí_6
PLC/取料2_R轴2_Axis_Pos,取料2_R轴2_Axis_Pos_7,28814,取料2_R轴2_Axis_Pos_7,Pickup 2_R Axis 2_Axis_Pos_7,L?y v?t li?u 2_Tr?c R 2_Tr?c_V? trí_7
PLC/取料2_R轴2_Axis_Pos,取料2_R轴2_Axis_Pos_8,28816,取料2_R轴2_Axis_Pos_8,Pickup 2_R Axis 2_Axis_Pos_8,L?y v?t li?u 2_Tr?c R 2_Tr?c_V? trí_8
PLC/取料2_R轴2_Axis_Pos,取料2_R轴2_Axis_Pos_9,28818,取料2_R轴2_Axis_Pos_9,Pickup 2_R Axis 2_Axis_Pos_9,L?y v?t li?u 2_Tr?c R 2_Tr?c_V? trí_9
PLC/取料2_R轴2_Axis_Pos,取料2_R轴2_Axis_Pos_10,28820,取料2_R轴2_Axis_Pos_10,Pickup 2_R Axis 2_Axis_Pos_10,L?y v?t li?u 2_Tr?c R 2_Tr?c_V? trí_10
PLC/取料2_R轴2_Axis_Pos,取料2_R轴2_Axis_Pos_11,28822,取料2_R轴2_Axis_Pos_11,Pickup 2_R Axis 2_Axis_Pos_11,L?y v?t li?u 2_Tr?c R 2_Tr?c_V? trí_11
PLC/取料2_R轴2_Axis_Pos,取料2_R轴2_Axis_Pos_12,28824,取料2_R轴2_Axis_Pos_12,Pickup 2_R Axis 2_Axis_Pos_12,L?y v?t li?u 2_Tr?c R 2_Tr?c_V? trí_12
PLC/取料2_R轴2_Axis_Pos,取料2_R轴2_Axis_Pos_13,28826,取料2_R轴2_Axis_Pos_13,Pickup 2_R Axis 2_Axis_Pos_13,L?y v?t li?u 2_Tr?c R 2_Tr?c_V? trí_13
PLC/取料2_R轴2_Axis_Pos,取料2_R轴2_Axis_Pos_14,28828,取料2_R轴2_Axis_Pos_14,Pickup 2_R Axis 2_Axis_Pos_14,L?y v?t li?u 2_Tr?c R 2_Tr?c_V? trí_14
PLC/取料2_R轴2_Axis_Pos,取料2_R轴2_Axis_Pos_15,28830,取料2_R轴2_Axis_Pos_15,Pickup 2_R Axis 2_Axis_Pos_15,L?y v?t li?u 2_Tr?c R 2_Tr?c_V? trí_15
PLC/取料2_R轴2_Axis_Pos,取料2_R轴2_Axis_Pos_16,28832,取料2_R轴2_Axis_Pos_16,Pickup 2_R Axis 2_Axis_Pos_16,L?y v?t li?u 2_Tr?c R 2_Tr?c_V? trí_16
PLC/取料2_R轴2_Axis_Pos,取料2_R轴2_Axis_Pos_17,28834,取料2_R轴2_Axis_Pos_17,Pickup 2_R Axis 2_Axis_Pos_17,L?y v?t li?u 2_Tr?c R 2_Tr?c_V? trí_17
PLC/取料2_R轴2_Axis_Pos,取料2_R轴2_Axis_Pos_18,28836,取料2_R轴2_Axis_Pos_18,Pickup 2_R Axis 2_Axis_Pos_18,L?y v?t li?u 2_Tr?c R 2_Tr?c_V? trí_18
PLC/取料2_R轴2_Axis_Pos,取料2_R轴2_Axis_Pos_19,28838,取料2_R轴2_Axis_Pos_19,Pickup 2_R Axis 2_Axis_Pos_19,L?y v?t li?u 2_Tr?c R 2_Tr?c_V? trí_19
PLC/取料2_R轴2_Axis_Pos,取料2_R轴2_Axis_Pos_20,28840,取料2_R轴2_Axis_Pos_20,Pickup 2_R Axis 2_Axis_Pos_20,L?y v?t li?u 2_Tr?c R 2_Tr?c_V? trí_20
PLC/取料2_R轴2_Axis_Pos,取料2_R轴2_Axis_Pos_21,28842,取料2_R轴2_Axis_Pos_21,Pickup 2_R Axis 2_Axis_Pos_21,L?y v?t li?u 2_Tr?c R 2_Tr?c_V? trí_21
PLC/取料2_R轴2_Axis_Pos,取料2_R轴2_Axis_Pos_22,28844,取料2_R轴2_Axis_Pos_22,Pickup 2_R Axis 2_Axis_Pos_22,L?y v?t li?u 2_Tr?c R 2_Tr?c_V? trí_22
PLC/取料2_R轴2_Axis_Pos,取料2_R轴2_Axis_Pos_23,28846,取料2_R轴2_Axis_Pos_23,Pickup 2_R Axis 2_Axis_Pos_23,L?y v?t li?u 2_Tr?c R 2_Tr?c_V? trí_23
PLC/取料2_R轴2_Axis_Pos,取料2_R轴2_Axis_Pos_24,28848,取料2_R轴2_Axis_Pos_24,Pickup 2_R Axis 2_Axis_Pos_24,L?y v?t li?u 2_Tr?c R 2_Tr?c_V? trí_24
PLC/取料2_R轴2_Axis_Pos,取料2_R轴2_Axis_Pos_25,28850,取料2_R轴2_Axis_Pos_25,Pickup 2_R Axis 2_Axis_Pos_25,L?y v?t li?u 2_Tr?c R 2_Tr?c_V? trí_25
PLC/取料2_R轴2_Axis_Pos,取料2_R轴2_Axis_Pos_26,28852,取料2_R轴2_Axis_Pos_26,Pickup 2_R Axis 2_Axis_Pos_26,L?y v?t li?u 2_Tr?c R 2_Tr?c_V? trí_26
PLC/取料2_R轴2_Axis_Pos,取料2_R轴2_Axis_Pos_27,28854,取料2_R轴2_Axis_Pos_27,Pickup 2_R Axis 2_Axis_Pos_27,L?y v?t li?u 2_Tr?c R 2_Tr?c_V? trí_27
PLC/取料2_R轴2_Axis_Pos,取料2_R轴2_Axis_Pos_28,28856,取料2_R轴2_Axis_Pos_28,Pickup 2_R Axis 2_Axis_Pos_28,L?y v?t li?u 2_Tr?c R 2_Tr?c_V? trí_28
PLC/取料2_R轴2_Axis_Pos,取料2_R轴2_Axis_Pos_29,28858,取料2_R轴2_Axis_Pos_29,Pickup 2_R Axis 2_Axis_Pos_29,L?y v?t li?u 2_Tr?c R 2_Tr?c_V? trí_29
PLC/取料2_R轴2_Axis_Pos,取料2_R轴2_Axis_Pos_30,28860,取料2_R轴2_Axis_Pos_30,Pickup 2_R Axis 2_Axis_Pos_30,L?y v?t li?u 2_Tr?c R 2_Tr?c_V? trí_30
PLC/取料2_R轴2_Axis_Pos,取料2_R轴2_Axis_Pos_31,28862,取料2_R轴2_Axis_Pos_31,Pickup 2_R Axis 2_Axis_Pos_31,L?y v?t li?u 2_Tr?c R 2_Tr?c_V? trí_31
PLC/取料2_R轴2_Axis_Pos,取料2_R轴2_Axis_Pos_32,28864,取料2_R轴2_Axis_Pos_32,Pickup 2_R Axis 2_Axis_Pos_32,L?y v?t li?u 2_Tr?c R 2_Tr?c_V? trí_32
PLC/取料2_R轴2_Axis_Pos,取料2_R轴2_Axis_Pos_33,28866,取料2_R轴2_Axis_Pos_33,Pickup 2_R Axis 2_Axis_Pos_33,L?y v?t li?u 2_Tr?c R 2_Tr?c_V? trí_33
PLC/取料2_R轴2_Axis_Pos,取料2_R轴2_Axis_Pos_34,28868,取料2_R轴2_Axis_Pos_34,Pickup 2_R Axis 2_Axis_Pos_34,L?y v?t li?u 2_Tr?c R 2_Tr?c_V? trí_34
PLC/取料2_R轴2_Axis_Pos,取料2_R轴2_Axis_Pos_35,28870,取料2_R轴2_Axis_Pos_35,Pickup 2_R Axis 2_Axis_Pos_35,L?y v?t li?u 2_Tr?c R 2_Tr?c_V? trí_35
PLC/取料2_R轴2_Axis_Pos,取料2_R轴2_Axis_Pos_36,28872,取料2_R轴2_Axis_Pos_36,Pickup 2_R Axis 2_Axis_Pos_36,L?y v?t li?u 2_Tr?c R 2_Tr?c_V? trí_36
PLC/取料2_R轴2_Axis_Pos,取料2_R轴2_Axis_Pos_37,28874,取料2_R轴2_Axis_Pos_37,Pickup 2_R Axis 2_Axis_Pos_37,L?y v?t li?u 2_Tr?c R 2_Tr?c_V? trí_37
PLC/取料2_R轴2_Axis_Pos,取料2_R轴2_Axis_Pos_38,28876,取料2_R轴2_Axis_Pos_38,Pickup 2_R Axis 2_Axis_Pos_38,L?y v?t li?u 2_Tr?c R 2_Tr?c_V? trí_38
PLC/取料2_R轴2_Axis_Pos,取料2_R轴2_Axis_Pos_39,28878,取料2_R轴2_Axis_Pos_39,Pickup 2_R Axis 2_Axis_Pos_39,L?y v?t li?u 2_Tr?c R 2_Tr?c_V? trí_39
PLC/取料2_R轴2_Axis_Pos,取料2_R轴2_Axis_Pos_40,28880,取料2_R轴2_Axis_Pos_40,Pickup 2_R Axis 2_Axis_Pos_40,L?y v?t li?u 2_Tr?c R 2_Tr?c_V? trí_40
PLC/取料2_R轴2_Axis_Pos,取料2_R轴2_Axis_Pos_41,28882,取料2_R轴2_Axis_Pos_41,Pickup 2_R Axis 2_Axis_Pos_41,L?y v?t li?u 2_Tr?c R 2_Tr?c_V? trí_41
PLC/取料2_R轴2_Axis_Pos,取料2_R轴2_Axis_Pos_42,28884,取料2_R轴2_Axis_Pos_42,Pickup 2_R Axis 2_Axis_Pos_42,L?y v?t li?u 2_Tr?c R 2_Tr?c_V? trí_42
PLC/取料2_R轴2_Axis_Pos,取料2_R轴2_Axis_Pos_43,28886,取料2_R轴2_Axis_Pos_43,Pickup 2_R Axis 2_Axis_Pos_43,L?y v?t li?u 2_Tr?c R 2_Tr?c_V? trí_43
PLC/取料2_R轴2_Axis_Pos,取料2_R轴2_Axis_Pos_44,28888,取料2_R轴2_Axis_Pos_44,Pickup 2_R Axis 2_Axis_Pos_44,L?y v?t li?u 2_Tr?c R 2_Tr?c_V? trí_44
PLC/取料2_R轴2_Axis_Pos,取料2_R轴2_Axis_Pos_45,28890,取料2_R轴2_Axis_Pos_45,Pickup 2_R Axis 2_Axis_Pos_45,L?y v?t li?u 2_Tr?c R 2_Tr?c_V? trí_45
PLC/取料2_R轴2_Axis_Pos,取料2_R轴2_Axis_Pos_46,28892,取料2_R轴2_Axis_Pos_46,Pickup 2_R Axis 2_Axis_Pos_46,L?y v?t li?u 2_Tr?c R 2_Tr?c_V? trí_46
PLC/取料2_R轴2_Axis_Pos,取料2_R轴2_Axis_Pos_47,28894,取料2_R轴2_Axis_Pos_47,Pickup 2_R Axis 2_Axis_Pos_47,L?y v?t li?u 2_Tr?c R 2_Tr?c_V? trí_47

PLC/取料2_R轴2_Axis_Vel,取料2_R轴2_Axis_Vel_0,28900,取料2_R轴2_Axis_Vel_0,Pickup 2_R Axis 2_Axis_Vel_0,L?y v?t li?u 2_Tr?c R 2_Tr?c_V?n t?c_0
PLC/取料2_R轴2_Axis_Vel,取料2_R轴2_Axis_Vel_1,28902,取料2_R轴2_Axis_Vel_1,Pickup 2_R Axis 2_Axis_Vel_1,L?y v?t li?u 2_Tr?c R 2_Tr?c_V?n t?c_1
PLC/取料2_R轴2_Axis_Vel,取料2_R轴2_Axis_Vel_2,28904,取料2_R轴2_Axis_Vel_2,Pickup 2_R Axis 2_Axis_Vel_2,L?y v?t li?u 2_Tr?c R 2_Tr?c_V?n t?c_2
PLC/取料2_R轴2_Axis_Vel,取料2_R轴2_Axis_Vel_3,28906,取料2_R轴2_Axis_Vel_3,Pickup 2_R Axis 2_Axis_Vel_3,L?y v?t li?u 2_Tr?c R 2_Tr?c_V?n t?c_3
PLC/取料2_R轴2_Axis_Vel,取料2_R轴2_Axis_Vel_4,28908,取料2_R轴2_Axis_Vel_4,Pickup 2_R Axis 2_Axis_Vel_4,L?y v?t li?u 2_Tr?c R 2_Tr?c_V?n t?c_4
PLC/取料2_R轴2_Axis_Vel,取料2_R轴2_Axis_Vel_5,28910,取料2_R轴2_Axis_Vel_5,Pickup 2_R Axis 2_Axis_Vel_5,L?y v?t li?u 2_Tr?c R 2_Tr?c_V?n t?c_5
PLC/取料2_R轴2_Axis_Vel,取料2_R轴2_Axis_Vel_6,28912,取料2_R轴2_Axis_Vel_6,Pickup 2_R Axis 2_Axis_Vel_6,L?y v?t li?u 2_Tr?c R 2_Tr?c_V?n t?c_6
PLC/取料2_R轴2_Axis_Vel,取料2_R轴2_Axis_Vel_7,28914,取料2_R轴2_Axis_Vel_7,Pickup 2_R Axis 2_Axis_Vel_7,L?y v?t li?u 2_Tr?c R 2_Tr?c_V?n t?c_7
PLC/取料2_R轴2_Axis_Vel,取料2_R轴2_Axis_Vel_8,28916,取料2_R轴2_Axis_Vel_8,Pickup 2_R Axis 2_Axis_Vel_8,L?y v?t li?u 2_Tr?c R 2_Tr?c_V?n t?c_8
PLC/取料2_R轴2_Axis_Vel,取料2_R轴2_Axis_Vel_9,28918,取料2_R轴2_Axis_Vel_9,Pickup 2_R Axis 2_Axis_Vel_9,L?y v?t li?u 2_Tr?c R 2_Tr?c_V?n t?c_9
PLC/取料2_R轴2_Axis_Vel,取料2_R轴2_Axis_Vel_10,28920,取料2_R轴2_Axis_Vel_10,Pickup 2_R Axis 2_Axis_Vel_10,L?y v?t li?u 2_Tr?c R 2_Tr?c_V?n t?c_10
PLC/取料2_R轴2_Axis_Vel,取料2_R轴2_Axis_Vel_11,28922,取料2_R轴2_Axis_Vel_11,Pickup 2_R Axis 2_Axis_Vel_11,L?y v?t li?u 2_Tr?c R 2_Tr?c_V?n t?c_11
PLC/取料2_R轴2_Axis_Vel,取料2_R轴2_Axis_Vel_12,28924,取料2_R轴2_Axis_Vel_12,Pickup 2_R Axis 2_Axis_Vel_12,L?y v?t li?u 2_Tr?c R 2_Tr?c_V?n t?c_12
PLC/取料2_R轴2_Axis_Vel,取料2_R轴2_Axis_Vel_13,28926,取料2_R轴2_Axis_Vel_13,Pickup 2_R Axis 2_Axis_Vel_13,L?y v?t li?u 2_Tr?c R 2_Tr?c_V?n t?c_13
PLC/取料2_R轴2_Axis_Vel,取料2_R轴2_Axis_Vel_14,28928,取料2_R轴2_Axis_Vel_14,Pickup 2_R Axis 2_Axis_Vel_14,L?y v?t li?u 2_Tr?c R 2_Tr?c_V?n t?c_14
PLC/取料2_R轴2_Axis_Vel,取料2_R轴2_Axis_Vel_15,28930,取料2_R轴2_Axis_Vel_15,Pickup 2_R Axis 2_Axis_Vel_15,L?y v?t li?u 2_Tr?c R 2_Tr?c_V?n t?c_15
PLC/取料2_R轴2_Axis_Vel,取料2_R轴2_Axis_Vel_16,28932,取料2_R轴2_Axis_Vel_16,Pickup 2_R Axis 2_Axis_Vel_16,L?y v?t li?u 2_Tr?c R 2_Tr?c_V?n t?c_16
PLC/取料2_R轴2_Axis_Vel,取料2_R轴2_Axis_Vel_17,28934,取料2_R轴2_Axis_Vel_17,Pickup 2_R Axis 2_Axis_Vel_17,L?y v?t li?u 2_Tr?c R 2_Tr?c_V?n t?c_17
PLC/取料2_R轴2_Axis_Vel,取料2_R轴2_Axis_Vel_18,28936,取料2_R轴2_Axis_Vel_18,Pickup 2_R Axis 2_Axis_Vel_18,L?y v?t li?u 2_Tr?c R 2_Tr?c_V?n t?c_18
PLC/取料2_R轴2_Axis_Vel,取料2_R轴2_Axis_Vel_19,28938,取料2_R轴2_Axis_Vel_19,Pickup 2_R Axis 2_Axis_Vel_19,L?y v?t li?u 2_Tr?c R 2_Tr?c_V?n t?c_19
PLC/取料2_R轴2_Axis_Vel,取料2_R轴2_Axis_Vel_20,28940,取料2_R轴2_Axis_Vel_20,Pickup 2_R Axis 2_Axis_Vel_20,L?y v?t li?u 2_Tr?c R 2_Tr?c_V?n t?c_20
PLC/取料2_R轴2_Axis_Vel,取料2_R轴2_Axis_Vel_21,28942,取料2_R轴2_Axis_Vel_21,Pickup 2_R Axis 2_Axis_Vel_21,L?y v?t li?u 2_Tr?c R 2_Tr?c_V?n t?c_21
PLC/取料2_R轴2_Axis_Vel,取料2_R轴2_Axis_Vel_22,28944,取料2_R轴2_Axis_Vel_22,Pickup 2_R Axis 2_Axis_Vel_22,L?y v?t li?u 2_Tr?c R 2_Tr?c_V?n t?c_22
PLC/取料2_R轴2_Axis_Vel,取料2_R轴2_Axis_Vel_23,28946,取料2_R轴2_Axis_Vel_23,Pickup 2_R Axis 2_Axis_Vel_23,L?y v?t li?u 2_Tr?c R 2_Tr?c_V?n t?c_23
PLC/取料2_R轴2_Axis_Vel,取料2_R轴2_Axis_Vel_24,28948,取料2_R轴2_Axis_Vel_24,Pickup 2_R Axis 2_Axis_Vel_24,L?y v?t li?u 2_Tr?c R 2_Tr?c_V?n t?c_24
PLC/取料2_R轴2_Axis_Vel,取料2_R轴2_Axis_Vel_25,28950,取料2_R轴2_Axis_Vel_25,Pickup 2_R Axis 2_Axis_Vel_25,L?y v?t li?u 2_Tr?c R 2_Tr?c_V?n t?c_25
PLC/取料2_R轴2_Axis_Vel,取料2_R轴2_Axis_Vel_26,28952,取料2_R轴2_Axis_Vel_26,Pickup 2_R Axis 2_Axis_Vel_26,L?y v?t li?u 2_Tr?c R 2_Tr?c_V?n t?c_26
PLC/取料2_R轴2_Axis_Vel,取料2_R轴2_Axis_Vel_27,28954,取料2_R轴2_Axis_Vel_27,Pickup 2_R Axis 2_Axis_Vel_27,L?y v?t li?u 2_Tr?c R 2_Tr?c_V?n t?c_27
PLC/取料2_R轴2_Axis_Vel,取料2_R轴2_Axis_Vel_28,28956,取料2_R轴2_Axis_Vel_28,Pickup 2_R Axis 2_Axis_Vel_28,L?y v?t li?u 2_Tr?c R 2_Tr?c_V?n t?c_28
PLC/取料2_R轴2_Axis_Vel,取料2_R轴2_Axis_Vel_29,28958,取料2_R轴2_Axis_Vel_29,Pickup 2_R Axis 2_Axis_Vel_29,L?y v?t li?u 2_Tr?c R 2_Tr?c_V?n t?c_29
PLC/取料2_R轴2_Axis_Vel,取料2_R轴2_Axis_Vel_30,28960,取料2_R轴2_Axis_Vel_30,Pickup 2_R Axis 2_Axis_Vel_30,L?y v?t li?u 2_Tr?c R 2_Tr?c_V?n t?c_30
PLC/取料2_R轴2_Axis_Vel,取料2_R轴2_Axis_Vel_31,28962,取料2_R轴2_Axis_Vel_31,Pickup 2_R Axis 2_Axis_Vel_31,L?y v?t li?u 2_Tr?c R 2_Tr?c_V?n t?c_31
PLC/取料2_R轴2_Axis_Vel,取料2_R轴2_Axis_Vel_32,28964,取料2_R轴2_Axis_Vel_32,Pickup 2_R Axis 2_Axis_Vel_32,L?y v?t li?u 2_Tr?c R 2_Tr?c_V?n t?c_32
PLC/取料2_R轴2_Axis_Vel,取料2_R轴2_Axis_Vel_33,28966,取料2_R轴2_Axis_Vel_33,Pickup 2_R Axis 2_Axis_Vel_33,L?y v?t li?u 2_Tr?c R 2_Tr?c_V?n t?c_33
PLC/取料2_R轴2_Axis_Vel,取料2_R轴2_Axis_Vel_34,28968,取料2_R轴2_Axis_Vel_34,Pickup 2_R Axis 2_Axis_Vel_34,L?y v?t li?u 2_Tr?c R 2_Tr?c_V?n t?c_34
PLC/取料2_R轴2_Axis_Vel,取料2_R轴2_Axis_Vel_35,28970,取料2_R轴2_Axis_Vel_35,Pickup 2_R Axis 2_Axis_Vel_35,L?y v?t li?u 2_Tr?c R 2_Tr?c_V?n t?c_35
PLC/取料2_R轴2_Axis_Vel,取料2_R轴2_Axis_Vel_36,28972,取料2_R轴2_Axis_Vel_36,Pickup 2_R Axis 2_Axis_Vel_36,L?y v?t li?u 2_Tr?c R 2_Tr?c_V?n t?c_36
PLC/取料2_R轴2_Axis_Vel,取料2_R轴2_Axis_Vel_37,28974,取料2_R轴2_Axis_Vel_37,Pickup 2_R Axis 2_Axis_Vel_37,L?y v?t li?u 2_Tr?c R 2_Tr?c_V?n t?c_37
PLC/取料2_R轴2_Axis_Vel,取料2_R轴2_Axis_Vel_38,28976,取料2_R轴2_Axis_Vel_38,Pickup 2_R Axis 2_Axis_Vel_38,L?y v?t li?u 2_Tr?c R 2_Tr?c_V?n t?c_38
PLC/取料2_R轴2_Axis_Vel,取料2_R轴2_Axis_Vel_39,28978,取料2_R轴2_Axis_Vel_39,Pickup 2_R Axis 2_Axis_Vel_39,L?y v?t li?u 2_Tr?c R 2_Tr?c_V?n t?c_39
PLC/取料2_R轴2_Axis_Vel,取料2_R轴2_Axis_Vel_40,28980,取料2_R轴2_Axis_Vel_40,Pickup 2_R Axis 2_Axis_Vel_40,L?y v?t li?u 2_Tr?c R 2_Tr?c_V?n t?c_40
PLC/取料2_R轴2_Axis_Vel,取料2_R轴2_Axis_Vel_41,28982,取料2_R轴2_Axis_Vel_41,Pickup 2_R Axis 2_Axis_Vel_41,L?y v?t li?u 2_Tr?c R 2_Tr?c_V?n t?c_41
PLC/取料2_R轴2_Axis_Vel,取料2_R轴2_Axis_Vel_42,28984,取料2_R轴2_Axis_Vel_42,Pickup 2_R Axis 2_Axis_Vel_42,L?y v?t li?u 2_Tr?c R 2_Tr?c_V?n t?c_42
PLC/取料2_R轴2_Axis_Vel,取料2_R轴2_Axis_Vel_43,28986,取料2_R轴2_Axis_Vel_43,Pickup 2_R Axis 2_Axis_Vel_43,L?y v?t li?u 2_Tr?c R 2_Tr?c_V?n t?c_43
PLC/取料2_R轴2_Axis_Vel,取料2_R轴2_Axis_Vel_44,28988,取料2_R轴2_Axis_Vel_44,Pickup 2_R Axis 2_Axis_Vel_44,L?y v?t li?u 2_Tr?c R 2_Tr?c_V?n t?c_44
PLC/取料2_R轴2_Axis_Vel,取料2_R轴2_Axis_Vel_45,28990,取料2_R轴2_Axis_Vel_45,Pickup 2_R Axis 2_Axis_Vel_45,L?y v?t li?u 2_Tr?c R 2_Tr?c_V?n t?c_45
PLC/取料2_R轴2_Axis_Vel,取料2_R轴2_Axis_Vel_46,28992,取料2_R轴2_Axis_Vel_46,Pickup 2_R Axis 2_Axis_Vel_46,L?y v?t li?u 2_Tr?c R 2_Tr?c_V?n t?c_46
PLC/取料2_R轴2_Axis_Vel,取料2_R轴2_Axis_Vel_47,28994,取料2_R轴2_Axis_Vel_47,Pickup 2_R Axis 2_Axis_Vel_47,L?y v?t li?u 2_Tr?c R 2_Tr?c_V?n t?c_47


PLC/取料2_Z轴3_Axis_Pos,取料2_Z轴3_Axis_Pos_0,29000,取料2_Z轴3_Axis_Pos_0,Pickup 2_Z Axis 3_Axis_Pos_0,L?y v?t li?u 2_Tr?c Z 3_Tr?c_V? trí_0
PLC/取料2_Z轴3_Axis_Pos,取料2_Z轴3_Axis_Pos_1,29002,取料2_Z轴3_Axis_Pos_1,Pickup 2_Z Axis 3_Axis_Pos_1,L?y v?t li?u 2_Tr?c Z 3_Tr?c_V? trí_1
PLC/取料2_Z轴3_Axis_Pos,取料2_Z轴3_Axis_Pos_2,29004,取料2_Z轴3_Axis_Pos_2,Pickup 2_Z Axis 3_Axis_Pos_2,L?y v?t li?u 2_Tr?c Z 3_Tr?c_V? trí_2
PLC/取料2_Z轴3_Axis_Pos,取料2_Z轴3_Axis_Pos_3,29006,取料2_Z轴3_Axis_Pos_3,Pickup 2_Z Axis 3_Axis_Pos_3,L?y v?t li?u 2_Tr?c Z 3_Tr?c_V? trí_3
PLC/取料2_Z轴3_Axis_Pos,取料2_Z轴3_Axis_Pos_4,29008,取料2_Z轴3_Axis_Pos_4,Pickup 2_Z Axis 3_Axis_Pos_4,L?y v?t li?u 2_Tr?c Z 3_Tr?c_V? trí_4
PLC/取料2_Z轴3_Axis_Pos,取料2_Z轴3_Axis_Pos_5,29010,取料2_Z轴3_Axis_Pos_5,Pickup 2_Z Axis 3_Axis_Pos_5,L?y v?t li?u 2_Tr?c Z 3_Tr?c_V? trí_5
PLC/取料2_Z轴3_Axis_Pos,取料2_Z轴3_Axis_Pos_6,29012,取料2_Z轴3_Axis_Pos_6,Pickup 2_Z Axis 3_Axis_Pos_6,L?y v?t li?u 2_Tr?c Z 3_Tr?c_V? trí_6
PLC/取料2_Z轴3_Axis_Pos,取料2_Z轴3_Axis_Pos_7,29014,取料2_Z轴3_Axis_Pos_7,Pickup 2_Z Axis 3_Axis_Pos_7,L?y v?t li?u 2_Tr?c Z 3_Tr?c_V? trí_7
PLC/取料2_Z轴3_Axis_Pos,取料2_Z轴3_Axis_Pos_8,29016,取料2_Z轴3_Axis_Pos_8,Pickup 2_Z Axis 3_Axis_Pos_8,L?y v?t li?u 2_Tr?c Z 3_Tr?c_V? trí_8
PLC/取料2_Z轴3_Axis_Pos,取料2_Z轴3_Axis_Pos_9,29018,取料2_Z轴3_Axis_Pos_9,Pickup 2_Z Axis 3_Axis_Pos_9,L?y v?t li?u 2_Tr?c Z 3_Tr?c_V? trí_9
PLC/取料2_Z轴3_Axis_Pos,取料2_Z轴3_Axis_Pos_10,29020,取料2_Z轴3_Axis_Pos_10,Pickup 2_Z Axis 3_Axis_Pos_10,L?y v?t li?u 2_Tr?c Z 3_Tr?c_V? trí_10
PLC/取料2_Z轴3_Axis_Pos,取料2_Z轴3_Axis_Pos_11,29022,取料2_Z轴3_Axis_Pos_11,Pickup 2_Z Axis 3_Axis_Pos_11,L?y v?t li?u 2_Tr?c Z 3_Tr?c_V? trí_11
PLC/取料2_Z轴3_Axis_Pos,取料2_Z轴3_Axis_Pos_12,29024,取料2_Z轴3_Axis_Pos_12,Pickup 2_Z Axis 3_Axis_Pos_12,L?y v?t li?u 2_Tr?c Z 3_Tr?c_V? trí_12
PLC/取料2_Z轴3_Axis_Pos,取料2_Z轴3_Axis_Pos_13,29026,取料2_Z轴3_Axis_Pos_13,Pickup 2_Z Axis 3_Axis_Pos_13,L?y v?t li?u 2_Tr?c Z 3_Tr?c_V? trí_13
PLC/取料2_Z轴3_Axis_Pos,取料2_Z轴3_Axis_Pos_14,29028,取料2_Z轴3_Axis_Pos_14,Pickup 2_Z Axis 3_Axis_Pos_14,L?y v?t li?u 2_Tr?c Z 3_Tr?c_V? trí_14
PLC/取料2_Z轴3_Axis_Pos,取料2_Z轴3_Axis_Pos_15,29030,取料2_Z轴3_Axis_Pos_15,Pickup 2_Z Axis 3_Axis_Pos_15,L?y v?t li?u 2_Tr?c Z 3_Tr?c_V? trí_15
PLC/取料2_Z轴3_Axis_Pos,取料2_Z轴3_Axis_Pos_16,29032,取料2_Z轴3_Axis_Pos_16,Pickup 2_Z Axis 3_Axis_Pos_16,L?y v?t li?u 2_Tr?c Z 3_Tr?c_V? trí_16
PLC/取料2_Z轴3_Axis_Pos,取料2_Z轴3_Axis_Pos_17,29034,取料2_Z轴3_Axis_Pos_17,Pickup 2_Z Axis 3_Axis_Pos_17,L?y v?t li?u 2_Tr?c Z 3_Tr?c_V? trí_17
PLC/取料2_Z轴3_Axis_Pos,取料2_Z轴3_Axis_Pos_18,29036,取料2_Z轴3_Axis_Pos_18,Pickup 2_Z Axis 3_Axis_Pos_18,L?y v?t li?u 2_Tr?c Z 3_Tr?c_V? trí_18
PLC/取料2_Z轴3_Axis_Pos,取料2_Z轴3_Axis_Pos_19,29038,取料2_Z轴3_Axis_Pos_19,Pickup 2_Z Axis 3_Axis_Pos_19,L?y v?t li?u 2_Tr?c Z 3_Tr?c_V? trí_19
PLC/取料2_Z轴3_Axis_Pos,取料2_Z轴3_Axis_Pos_20,29040,取料2_Z轴3_Axis_Pos_20,Pickup 2_Z Axis 3_Axis_Pos_20,L?y v?t li?u 2_Tr?c Z 3_Tr?c_V? trí_20
PLC/取料2_Z轴3_Axis_Pos,取料2_Z轴3_Axis_Pos_21,29042,取料2_Z轴3_Axis_Pos_21,Pickup 2_Z Axis 3_Axis_Pos_21,L?y v?t li?u 2_Tr?c Z 3_Tr?c_V? trí_21
PLC/取料2_Z轴3_Axis_Pos,取料2_Z轴3_Axis_Pos_22,29044,取料2_Z轴3_Axis_Pos_22,Pickup 2_Z Axis 3_Axis_Pos_22,L?y v?t li?u 2_Tr?c Z 3_Tr?c_V? trí_22
PLC/取料2_Z轴3_Axis_Pos,取料2_Z轴3_Axis_Pos_23,29046,取料2_Z轴3_Axis_Pos_23,Pickup 2_Z Axis 3_Axis_Pos_23,L?y v?t li?u 2_Tr?c Z 3_Tr?c_V? trí_23
PLC/取料2_Z轴3_Axis_Pos,取料2_Z轴3_Axis_Pos_24,29048,取料2_Z轴3_Axis_Pos_24,Pickup 2_Z Axis 3_Axis_Pos_24,L?y v?t li?u 2_Tr?c Z 3_Tr?c_V? trí_24
PLC/取料2_Z轴3_Axis_Pos,取料2_Z轴3_Axis_Pos_25,29050,取料2_Z轴3_Axis_Pos_25,Pickup 2_Z Axis 3_Axis_Pos_25,L?y v?t li?u 2_Tr?c Z 3_Tr?c_V? trí_25
PLC/取料2_Z轴3_Axis_Pos,取料2_Z轴3_Axis_Pos_26,29052,取料2_Z轴3_Axis_Pos_26,Pickup 2_Z Axis 3_Axis_Pos_26,L?y v?t li?u 2_Tr?c Z 3_Tr?c_V? trí_26
PLC/取料2_Z轴3_Axis_Pos,取料2_Z轴3_Axis_Pos_27,29054,取料2_Z轴3_Axis_Pos_27,Pickup 2_Z Axis 3_Axis_Pos_27,L?y v?t li?u 2_Tr?c Z 3_Tr?c_V? trí_27
PLC/取料2_Z轴3_Axis_Pos,取料2_Z轴3_Axis_Pos_28,29056,取料2_Z轴3_Axis_Pos_28,Pickup 2_Z Axis 3_Axis_Pos_28,L?y v?t li?u 2_Tr?c Z 3_Tr?c_V? trí_28
PLC/取料2_Z轴3_Axis_Pos,取料2_Z轴3_Axis_Pos_29,29058,取料2_Z轴3_Axis_Pos_29,Pickup 2_Z Axis 3_Axis_Pos_29,L?y v?t li?u 2_Tr?c Z 3_Tr?c_V? trí_29
PLC/取料2_Z轴3_Axis_Pos,取料2_Z轴3_Axis_Pos_30,29060,取料2_Z轴3_Axis_Pos_30,Pickup 2_Z Axis 3_Axis_Pos_30,L?y v?t li?u 2_Tr?c Z 3_Tr?c_V? trí_30
PLC/取料2_Z轴3_Axis_Pos,取料2_Z轴3_Axis_Pos_31,29062,取料2_Z轴3_Axis_Pos_31,Pickup 2_Z Axis 3_Axis_Pos_31,L?y v?t li?u 2_Tr?c Z 3_Tr?c_V? trí_31
PLC/取料2_Z轴3_Axis_Pos,取料2_Z轴3_Axis_Pos_32,29064,取料2_Z轴3_Axis_Pos_32,Pickup 2_Z Axis 3_Axis_Pos_32,L?y v?t li?u 2_Tr?c Z 3_Tr?c_V? trí_32
PLC/取料2_Z轴3_Axis_Pos,取料2_Z轴3_Axis_Pos_33,29066,取料2_Z轴3_Axis_Pos_33,Pickup 2_Z Axis 3_Axis_Pos_33,L?y v?t li?u 2_Tr?c Z 3_Tr?c_V? trí_33
PLC/取料2_Z轴3_Axis_Pos,取料2_Z轴3_Axis_Pos_34,29068,取料2_Z轴3_Axis_Pos_34,Pickup 2_Z Axis 3_Axis_Pos_34,L?y v?t li?u 2_Tr?c Z 3_Tr?c_V? trí_34
PLC/取料2_Z轴3_Axis_Pos,取料2_Z轴3_Axis_Pos_35,29070,取料2_Z轴3_Axis_Pos_35,Pickup 2_Z Axis 3_Axis_Pos_35,L?y v?t li?u 2_Tr?c Z 3_Tr?c_V? trí_35
PLC/取料2_Z轴3_Axis_Pos,取料2_Z轴3_Axis_Pos_36,29072,取料2_Z轴3_Axis_Pos_36,Pickup 2_Z Axis 3_Axis_Pos_36,L?y v?t li?u 2_Tr?c Z 3_Tr?c_V? trí_36
PLC/取料2_Z轴3_Axis_Pos,取料2_Z轴3_Axis_Pos_37,29074,取料2_Z轴3_Axis_Pos_37,Pickup 2_Z Axis 3_Axis_Pos_37,L?y v?t li?u 2_Tr?c Z 3_Tr?c_V? trí_37
PLC/取料2_Z轴3_Axis_Pos,取料2_Z轴3_Axis_Pos_38,29076,取料2_Z轴3_Axis_Pos_38,Pickup 2_Z Axis 3_Axis_Pos_38,L?y v?t li?u 2_Tr?c Z 3_Tr?c_V? trí_38
PLC/取料2_Z轴3_Axis_Pos,取料2_Z轴3_Axis_Pos_39,29078,取料2_Z轴3_Axis_Pos_39,Pickup 2_Z Axis 3_Axis_Pos_39,L?y v?t li?u 2_Tr?c Z 3_Tr?c_V? trí_39
PLC/取料2_Z轴3_Axis_Pos,取料2_Z轴3_Axis_Pos_40,29080,取料2_Z轴3_Axis_Pos_40,Pickup 2_Z Axis 3_Axis_Pos_40,L?y v?t li?u 2_Tr?c Z 3_Tr?c_V? trí_40
PLC/取料2_Z轴3_Axis_Pos,取料2_Z轴3_Axis_Pos_41,29082,取料2_Z轴3_Axis_Pos_41,Pickup 2_Z Axis 3_Axis_Pos_41,L?y v?t li?u 2_Tr?c Z 3_Tr?c_V? trí_41
PLC/取料2_Z轴3_Axis_Pos,取料2_Z轴3_Axis_Pos_42,29084,取料2_Z轴3_Axis_Pos_42,Pickup 2_Z Axis 3_Axis_Pos_42,L?y v?t li?u 2_Tr?c Z 3_Tr?c_V? trí_42
PLC/取料2_Z轴3_Axis_Pos,取料2_Z轴3_Axis_Pos_43,29086,取料2_Z轴3_Axis_Pos_43,Pickup 2_Z Axis 3_Axis_Pos_43,L?y v?t li?u 2_Tr?c Z 3_Tr?c_V? trí_43
PLC/取料2_Z轴3_Axis_Pos,取料2_Z轴3_Axis_Pos_44,29088,取料2_Z轴3_Axis_Pos_44,Pickup 2_Z Axis 3_Axis_Pos_44,L?y v?t li?u 2_Tr?c Z 3_Tr?c_V? trí_44
PLC/取料2_Z轴3_Axis_Pos,取料2_Z轴3_Axis_Pos_45,29090,取料2_Z轴3_Axis_Pos_45,Pickup 2_Z Axis 3_Axis_Pos_45,L?y v?t li?u 2_Tr?c Z 3_Tr?c_V? trí_45
PLC/取料2_Z轴3_Axis_Pos,取料2_Z轴3_Axis_Pos_46,29092,取料2_Z轴3_Axis_Pos_46,Pickup 2_Z Axis 3_Axis_Pos_46,L?y v?t li?u 2_Tr?c Z 3_Tr?c_V? trí_46
PLC/取料2_Z轴3_Axis_Pos,取料2_Z轴3_Axis_Pos_47,29094,取料2_Z轴3_Axis_Pos_47,Pickup 2_Z Axis 3_Axis_Pos_47,L?y v?t li?u 2_Tr?c Z 3_Tr?c_V? trí_47

PLC/取料2_Z轴3_Axis_Vel,取料2_Z轴3_Axis_Vel_0,29100,取料2_Z轴3_Axis_Vel_0,Pickup 2_Z Axis 3_Axis_Vel_0,L?y v?t li?u 2_Tr?c Z 3_Tr?c_V?n t?c_0
PLC/取料2_Z轴3_Axis_Vel,取料2_Z轴3_Axis_Vel_1,29102,取料2_Z轴3_Axis_Vel_1,Pickup 2_Z Axis 3_Axis_Vel_1,L?y v?t li?u 2_Tr?c Z 3_Tr?c_V?n t?c_1
PLC/取料2_Z轴3_Axis_Vel,取料2_Z轴3_Axis_Vel_2,29104,取料2_Z轴3_Axis_Vel_2,Pickup 2_Z Axis 3_Axis_Vel_2,L?y v?t li?u 2_Tr?c Z 3_Tr?c_V?n t?c_2
PLC/取料2_Z轴3_Axis_Vel,取料2_Z轴3_Axis_Vel_3,29106,取料2_Z轴3_Axis_Vel_3,Pickup 2_Z Axis 3_Axis_Vel_3,L?y v?t li?u 2_Tr?c Z 3_Tr?c_V?n t?c_3
PLC/取料2_Z轴3_Axis_Vel,取料2_Z轴3_Axis_Vel_4,29108,取料2_Z轴3_Axis_Vel_4,Pickup 2_Z Axis 3_Axis_Vel_4,L?y v?t li?u 2_Tr?c Z 3_Tr?c_V?n t?c_4
PLC/取料2_Z轴3_Axis_Vel,取料2_Z轴3_Axis_Vel_5,29110,取料2_Z轴3_Axis_Vel_5,Pickup 2_Z Axis 3_Axis_Vel_5,L?y v?t li?u 2_Tr?c Z 3_Tr?c_V?n t?c_5
PLC/取料2_Z轴3_Axis_Vel,取料2_Z轴3_Axis_Vel_6,29112,取料2_Z轴3_Axis_Vel_6,Pickup 2_Z Axis 3_Axis_Vel_6,L?y v?t li?u 2_Tr?c Z 3_Tr?c_V?n t?c_6
PLC/取料2_Z轴3_Axis_Vel,取料2_Z轴3_Axis_Vel_7,29114,取料2_Z轴3_Axis_Vel_7,Pickup 2_Z Axis 3_Axis_Vel_7,L?y v?t li?u 2_Tr?c Z 3_Tr?c_V?n t?c_7
PLC/取料2_Z轴3_Axis_Vel,取料2_Z轴3_Axis_Vel_8,29116,取料2_Z轴3_Axis_Vel_8,Pickup 2_Z Axis 3_Axis_Vel_8,L?y v?t li?u 2_Tr?c Z 3_Tr?c_V?n t?c_8
PLC/取料2_Z轴3_Axis_Vel,取料2_Z轴3_Axis_Vel_9,29118,取料2_Z轴3_Axis_Vel_9,Pickup 2_Z Axis 3_Axis_Vel_9,L?y v?t li?u 2_Tr?c Z 3_Tr?c_V?n t?c_9
PLC/取料2_Z轴3_Axis_Vel,取料2_Z轴3_Axis_Vel_10,29120,取料2_Z轴3_Axis_Vel_10,Pickup 2_Z Axis 3_Axis_Vel_10,L?y v?t li?u 2_Tr?c Z 3_Tr?c_V?n t?c_10
PLC/取料2_Z轴3_Axis_Vel,取料2_Z轴3_Axis_Vel_11,29122,取料2_Z轴3_Axis_Vel_11,Pickup 2_Z Axis 3_Axis_Vel_11,L?y v?t li?u 2_Tr?c Z 3_Tr?c_V?n t?c_11
PLC/取料2_Z轴3_Axis_Vel,取料2_Z轴3_Axis_Vel_12,29124,取料2_Z轴3_Axis_Vel_12,Pickup 2_Z Axis 3_Axis_Vel_12,L?y v?t li?u 2_Tr?c Z 3_Tr?c_V?n t?c_12
PLC/取料2_Z轴3_Axis_Vel,取料2_Z轴3_Axis_Vel_13,29126,取料2_Z轴3_Axis_Vel_13,Pickup 2_Z Axis 3_Axis_Vel_13,L?y v?t li?u 2_Tr?c Z 3_Tr?c_V?n t?c_13
PLC/取料2_Z轴3_Axis_Vel,取料2_Z轴3_Axis_Vel_14,29128,取料2_Z轴3_Axis_Vel_14,Pickup 2_Z Axis 3_Axis_Vel_14,L?y v?t li?u 2_Tr?c Z 3_Tr?c_V?n t?c_14
PLC/取料2_Z轴3_Axis_Vel,取料2_Z轴3_Axis_Vel_15,29130,取料2_Z轴3_Axis_Vel_15,Pickup 2_Z Axis 3_Axis_Vel_15,L?y v?t li?u 2_Tr?c Z 3_Tr?c_V?n t?c_15
PLC/取料2_Z轴3_Axis_Vel,取料2_Z轴3_Axis_Vel_16,29132,取料2_Z轴3_Axis_Vel_16,Pickup 2_Z Axis 3_Axis_Vel_16,L?y v?t li?u 2_Tr?c Z 3_Tr?c_V?n t?c_16
PLC/取料2_Z轴3_Axis_Vel,取料2_Z轴3_Axis_Vel_17,29134,取料2_Z轴3_Axis_Vel_17,Pickup 2_Z Axis 3_Axis_Vel_17,L?y v?t li?u 2_Tr?c Z 3_Tr?c_V?n t?c_17
PLC/取料2_Z轴3_Axis_Vel,取料2_Z轴3_Axis_Vel_18,29136,取料2_Z轴3_Axis_Vel_18,Pickup 2_Z Axis 3_Axis_Vel_18,L?y v?t li?u 2_Tr?c Z 3_Tr?c_V?n t?c_18
PLC/取料2_Z轴3_Axis_Vel,取料2_Z轴3_Axis_Vel_19,29138,取料2_Z轴3_Axis_Vel_19,Pickup 2_Z Axis 3_Axis_Vel_19,L?y v?t li?u 2_Tr?c Z 3_Tr?c_V?n t?c_19
PLC/取料2_Z轴3_Axis_Vel,取料2_Z轴3_Axis_Vel_20,29140,取料2_Z轴3_Axis_Vel_20,Pickup 2_Z Axis 3_Axis_Vel_20,L?y v?t li?u 2_Tr?c Z 3_Tr?c_V?n t?c_20
PLC/取料2_Z轴3_Axis_Vel,取料2_Z轴3_Axis_Vel_21,29142,取料2_Z轴3_Axis_Vel_21,Pickup 2_Z Axis 3_Axis_Vel_21,L?y v?t li?u 2_Tr?c Z 3_Tr?c_V?n t?c_21
PLC/取料2_Z轴3_Axis_Vel,取料2_Z轴3_Axis_Vel_22,29144,取料2_Z轴3_Axis_Vel_22,Pickup 2_Z Axis 3_Axis_Vel_22,L?y v?t li?u 2_Tr?c Z 3_Tr?c_V?n t?c_22
PLC/取料2_Z轴3_Axis_Vel,取料2_Z轴3_Axis_Vel_23,29146,取料2_Z轴3_Axis_Vel_23,Pickup 2_Z Axis 3_Axis_Vel_23,L?y v?t li?u 2_Tr?c Z 3_Tr?c_V?n t?c_23
PLC/取料2_Z轴3_Axis_Vel,取料2_Z轴3_Axis_Vel_24,29148,取料2_Z轴3_Axis_Vel_24,Pickup 2_Z Axis 3_Axis_Vel_24,L?y v?t li?u 2_Tr?c Z 3_Tr?c_V?n t?c_24
PLC/取料2_Z轴3_Axis_Vel,取料2_Z轴3_Axis_Vel_25,29150,取料2_Z轴3_Axis_Vel_25,Pickup 2_Z Axis 3_Axis_Vel_25,L?y v?t li?u 2_Tr?c Z 3_Tr?c_V?n t?c_25
PLC/取料2_Z轴3_Axis_Vel,取料2_Z轴3_Axis_Vel_26,29152,取料2_Z轴3_Axis_Vel_26,Pickup 2_Z Axis 3_Axis_Vel_26,L?y v?t li?u 2_Tr?c Z 3_Tr?c_V?n t?c_26
PLC/取料2_Z轴3_Axis_Vel,取料2_Z轴3_Axis_Vel_27,29154,取料2_Z轴3_Axis_Vel_27,Pickup 2_Z Axis 3_Axis_Vel_27,L?y v?t li?u 2_Tr?c Z 3_Tr?c_V?n t?c_27
PLC/取料2_Z轴3_Axis_Vel,取料2_Z轴3_Axis_Vel_28,29156,取料2_Z轴3_Axis_Vel_28,Pickup 2_Z Axis 3_Axis_Vel_28,L?y v?t li?u 2_Tr?c Z 3_Tr?c_V?n t?c_28
PLC/取料2_Z轴3_Axis_Vel,取料2_Z轴3_Axis_Vel_29,29158,取料2_Z轴3_Axis_Vel_29,Pickup 2_Z Axis 3_Axis_Vel_29,L?y v?t li?u 2_Tr?c Z 3_Tr?c_V?n t?c_29
PLC/取料2_Z轴3_Axis_Vel,取料2_Z轴3_Axis_Vel_30,29160,取料2_Z轴3_Axis_Vel_30,Pickup 2_Z Axis 3_Axis_Vel_30,L?y v?t li?u 2_Tr?c Z 3_Tr?c_V?n t?c_30
PLC/取料2_Z轴3_Axis_Vel,取料2_Z轴3_Axis_Vel_31,29162,取料2_Z轴3_Axis_Vel_31,Pickup 2_Z Axis 3_Axis_Vel_31,L?y v?t li?u 2_Tr?c Z 3_Tr?c_V?n t?c_31
PLC/取料2_Z轴3_Axis_Vel,取料2_Z轴3_Axis_Vel_32,29164,取料2_Z轴3_Axis_Vel_32,Pickup 2_Z Axis 3_Axis_Vel_32,L?y v?t li?u 2_Tr?c Z 3_Tr?c_V?n t?c_32
PLC/取料2_Z轴3_Axis_Vel,取料2_Z轴3_Axis_Vel_33,29166,取料2_Z轴3_Axis_Vel_33,Pickup 2_Z Axis 3_Axis_Vel_33,L?y v?t li?u 2_Tr?c Z 3_Tr?c_V?n t?c_33
PLC/取料2_Z轴3_Axis_Vel,取料2_Z轴3_Axis_Vel_34,29168,取料2_Z轴3_Axis_Vel_34,Pickup 2_Z Axis 3_Axis_Vel_34,L?y v?t li?u 2_Tr?c Z 3_Tr?c_V?n t?c_34
PLC/取料2_Z轴3_Axis_Vel,取料2_Z轴3_Axis_Vel_35,29170,取料2_Z轴3_Axis_Vel_35,Pickup 2_Z Axis 3_Axis_Vel_35,L?y v?t li?u 2_Tr?c Z 3_Tr?c_V?n t?c_35
PLC/取料2_Z轴3_Axis_Vel,取料2_Z轴3_Axis_Vel_36,29172,取料2_Z轴3_Axis_Vel_36,Pickup 2_Z Axis 3_Axis_Vel_36,L?y v?t li?u 2_Tr?c Z 3_Tr?c_V?n t?c_36
PLC/取料2_Z轴3_Axis_Vel,取料2_Z轴3_Axis_Vel_37,29174,取料2_Z轴3_Axis_Vel_37,Pickup 2_Z Axis 3_Axis_Vel_37,L?y v?t li?u 2_Tr?c Z 3_Tr?c_V?n t?c_37
PLC/取料2_Z轴3_Axis_Vel,取料2_Z轴3_Axis_Vel_38,29176,取料2_Z轴3_Axis_Vel_38,Pickup 2_Z Axis 3_Axis_Vel_38,L?y v?t li?u 2_Tr?c Z 3_Tr?c_V?n t?c_38
PLC/取料2_Z轴3_Axis_Vel,取料2_Z轴3_Axis_Vel_39,29178,取料2_Z轴3_Axis_Vel_39,Pickup 2_Z Axis 3_Axis_Vel_39,L?y v?t li?u 2_Tr?c Z 3_Tr?c_V?n t?c_39
PLC/取料2_Z轴3_Axis_Vel,取料2_Z轴3_Axis_Vel_40,29180,取料2_Z轴3_Axis_Vel_40,Pickup 2_Z Axis 3_Axis_Vel_40,L?y v?t li?u 2_Tr?c Z 3_Tr?c_V?n t?c_40
PLC/取料2_Z轴3_Axis_Vel,取料2_Z轴3_Axis_Vel_41,29182,取料2_Z轴3_Axis_Vel_41,Pickup 2_Z Axis 3_Axis_Vel_41,L?y v?t li?u 2_Tr?c Z 3_Tr?c_V?n t?c_41
PLC/取料2_Z轴3_Axis_Vel,取料2_Z轴3_Axis_Vel_42,29184,取料2_Z轴3_Axis_Vel_42,Pickup 2_Z Axis 3_Axis_Vel_42,L?y v?t li?u 2_Tr?c Z 3_Tr?c_V?n t?c_42
PLC/取料2_Z轴3_Axis_Vel,取料2_Z轴3_Axis_Vel_43,29186,取料2_Z轴3_Axis_Vel_43,Pickup 2_Z Axis 3_Axis_Vel_43,L?y v?t li?u 2_Tr?c Z 3_Tr?c_V?n t?c_43
PLC/取料2_Z轴3_Axis_Vel,取料2_Z轴3_Axis_Vel_44,29188,取料2_Z轴3_Axis_Vel_44,Pickup 2_Z Axis 3_Axis_Vel_44,L?y v?t li?u 2_Tr?c Z 3_Tr?c_V?n t?c_44
PLC/取料2_Z轴3_Axis_Vel,取料2_Z轴3_Axis_Vel_45,29190,取料2_Z轴3_Axis_Vel_45,Pickup 2_Z Axis 3_Axis_Vel_45,L?y v?t li?u 2_Tr?c Z 3_Tr?c_V?n t?c_45
PLC/取料2_Z轴3_Axis_Vel,取料2_Z轴3_Axis_Vel_46,29192,取料2_Z轴3_Axis_Vel_46,Pickup 2_Z Axis 3_Axis_Vel_46,L?y v?t li?u 2_Tr?c Z 3_Tr?c_V?n t?c_46
PLC/取料2_Z轴3_Axis_Vel,取料2_Z轴3_Axis_Vel_47,29194,取料2_Z轴3_Axis_Vel_47,Pickup 2_Z Axis 3_Axis_Vel_47,L?y v?t li?u 2_Tr?c Z 3_Tr?c_V?n t?c_47

PLC/取料2_R轴3_Axis_Pos,取料2_R轴3_Axis_Pos_0,29200,取料2_R轴3_Axis_Pos_0,Pickup 2_R Axis 3_Axis_Pos_0,L?y v?t li?u 2_Tr?c R 3_Tr?c_V? trí_0
PLC/取料2_R轴3_Axis_Pos,取料2_R轴3_Axis_Pos_1,29202,取料2_R轴3_Axis_Pos_1,Pickup 2_R Axis 3_Axis_Pos_1,L?y v?t li?u 2_Tr?c R 3_Tr?c_V? trí_1
PLC/取料2_R轴3_Axis_Pos,取料2_R轴3_Axis_Pos_2,29204,取料2_R轴3_Axis_Pos_2,Pickup 2_R Axis 3_Axis_Pos_2,L?y v?t li?u 2_Tr?c R 3_Tr?c_V? trí_2
PLC/取料2_R轴3_Axis_Pos,取料2_R轴3_Axis_Pos_3,29206,取料2_R轴3_Axis_Pos_3,Pickup 2_R Axis 3_Axis_Pos_3,L?y v?t li?u 2_Tr?c R 3_Tr?c_V? trí_3
PLC/取料2_R轴3_Axis_Pos,取料2_R轴3_Axis_Pos_4,29208,取料2_R轴3_Axis_Pos_4,Pickup 2_R Axis 3_Axis_Pos_4,L?y v?t li?u 2_Tr?c R 3_Tr?c_V? trí_4
PLC/取料2_R轴3_Axis_Pos,取料2_R轴3_Axis_Pos_5,29210,取料2_R轴3_Axis_Pos_5,Pickup 2_R Axis 3_Axis_Pos_5,L?y v?t li?u 2_Tr?c R 3_Tr?c_V? trí_5
PLC/取料2_R轴3_Axis_Pos,取料2_R轴3_Axis_Pos_6,29212,取料2_R轴3_Axis_Pos_6,Pickup 2_R Axis 3_Axis_Pos_6,L?y v?t li?u 2_Tr?c R 3_Tr?c_V? trí_6
PLC/取料2_R轴3_Axis_Pos,取料2_R轴3_Axis_Pos_7,29214,取料2_R轴3_Axis_Pos_7,Pickup 2_R Axis 3_Axis_Pos_7,L?y v?t li?u 2_Tr?c R 3_Tr?c_V? trí_7
PLC/取料2_R轴3_Axis_Pos,取料2_R轴3_Axis_Pos_8,29216,取料2_R轴3_Axis_Pos_8,Pickup 2_R Axis 3_Axis_Pos_8,L?y v?t li?u 2_Tr?c R 3_Tr?c_V? trí_8
PLC/取料2_R轴3_Axis_Pos,取料2_R轴3_Axis_Pos_9,29218,取料2_R轴3_Axis_Pos_9,Pickup 2_R Axis 3_Axis_Pos_9,L?y v?t li?u 2_Tr?c R 3_Tr?c_V? trí_9
PLC/取料2_R轴3_Axis_Pos,取料2_R轴3_Axis_Pos_10,29220,取料2_R轴3_Axis_Pos_10,Pickup 2_R Axis 3_Axis_Pos_10,L?y v?t li?u 2_Tr?c R 3_Tr?c_V? trí_10
PLC/取料2_R轴3_Axis_Pos,取料2_R轴3_Axis_Pos_11,29222,取料2_R轴3_Axis_Pos_11,Pickup 2_R Axis 3_Axis_Pos_11,L?y v?t li?u 2_Tr?c R 3_Tr?c_V? trí_11
PLC/取料2_R轴3_Axis_Pos,取料2_R轴3_Axis_Pos_12,29224,取料2_R轴3_Axis_Pos_12,Pickup 2_R Axis 3_Axis_Pos_12,L?y v?t li?u 2_Tr?c R 3_Tr?c_V? trí_12
PLC/取料2_R轴3_Axis_Pos,取料2_R轴3_Axis_Pos_13,29226,取料2_R轴3_Axis_Pos_13,Pickup 2_R Axis 3_Axis_Pos_13,L?y v?t li?u 2_Tr?c R 3_Tr?c_V? trí_13
PLC/取料2_R轴3_Axis_Pos,取料2_R轴3_Axis_Pos_14,29228,取料2_R轴3_Axis_Pos_14,Pickup 2_R Axis 3_Axis_Pos_14,L?y v?t li?u 2_Tr?c R 3_Tr?c_V? trí_14
PLC/取料2_R轴3_Axis_Pos,取料2_R轴3_Axis_Pos_15,29230,取料2_R轴3_Axis_Pos_15,Pickup 2_R Axis 3_Axis_Pos_15,L?y v?t li?u 2_Tr?c R 3_Tr?c_V? trí_15
PLC/取料2_R轴3_Axis_Pos,取料2_R轴3_Axis_Pos_16,29232,取料2_R轴3_Axis_Pos_16,Pickup 2_R Axis 3_Axis_Pos_16,L?y v?t li?u 2_Tr?c R 3_Tr?c_V? trí_16
PLC/取料2_R轴3_Axis_Pos,取料2_R轴3_Axis_Pos_17,29234,取料2_R轴3_Axis_Pos_17,Pickup 2_R Axis 3_Axis_Pos_17,L?y v?t li?u 2_Tr?c R 3_Tr?c_V? trí_17
PLC/取料2_R轴3_Axis_Pos,取料2_R轴3_Axis_Pos_18,29236,取料2_R轴3_Axis_Pos_18,Pickup 2_R Axis 3_Axis_Pos_18,L?y v?t li?u 2_Tr?c R 3_Tr?c_V? trí_18
PLC/取料2_R轴3_Axis_Pos,取料2_R轴3_Axis_Pos_19,29238,取料2_R轴3_Axis_Pos_19,Pickup 2_R Axis 3_Axis_Pos_19,L?y v?t li?u 2_Tr?c R 3_Tr?c_V? trí_19
PLC/取料2_R轴3_Axis_Pos,取料2_R轴3_Axis_Pos_20,29240,取料2_R轴3_Axis_Pos_20,Pickup 2_R Axis 3_Axis_Pos_20,L?y v?t li?u 2_Tr?c R 3_Tr?c_V? trí_20
PLC/取料2_R轴3_Axis_Pos,取料2_R轴3_Axis_Pos_21,29242,取料2_R轴3_Axis_Pos_21,Pickup 2_R Axis 3_Axis_Pos_21,L?y v?t li?u 2_Tr?c R 3_Tr?c_V? trí_21
PLC/取料2_R轴3_Axis_Pos,取料2_R轴3_Axis_Pos_22,29244,取料2_R轴3_Axis_Pos_22,Pickup 2_R Axis 3_Axis_Pos_22,L?y v?t li?u 2_Tr?c R 3_Tr?c_V? trí_22
PLC/取料2_R轴3_Axis_Pos,取料2_R轴3_Axis_Pos_23,29246,取料2_R轴3_Axis_Pos_23,Pickup 2_R Axis 3_Axis_Pos_23,L?y v?t li?u 2_Tr?c R 3_Tr?c_V? trí_23
PLC/取料2_R轴3_Axis_Pos,取料2_R轴3_Axis_Pos_24,29248,取料2_R轴3_Axis_Pos_24,Pickup 2_R Axis 3_Axis_Pos_24,L?y v?t li?u 2_Tr?c R 3_Tr?c_V? trí_24
PLC/取料2_R轴3_Axis_Pos,取料2_R轴3_Axis_Pos_25,29250,取料2_R轴3_Axis_Pos_25,Pickup 2_R Axis 3_Axis_Pos_25,L?y v?t li?u 2_Tr?c R 3_Tr?c_V? trí_25
PLC/取料2_R轴3_Axis_Pos,取料2_R轴3_Axis_Pos_26,29252,取料2_R轴3_Axis_Pos_26,Pickup 2_R Axis 3_Axis_Pos_26,L?y v?t li?u 2_Tr?c R 3_Tr?c_V? trí_26
PLC/取料2_R轴3_Axis_Pos,取料2_R轴3_Axis_Pos_27,29254,取料2_R轴3_Axis_Pos_27,Pickup 2_R Axis 3_Axis_Pos_27,L?y v?t li?u 2_Tr?c R 3_Tr?c_V? trí_27
PLC/取料2_R轴3_Axis_Pos,取料2_R轴3_Axis_Pos_28,29256,取料2_R轴3_Axis_Pos_28,Pickup 2_R Axis 3_Axis_Pos_28,L?y v?t li?u 2_Tr?c R 3_Tr?c_V? trí_28
PLC/取料2_R轴3_Axis_Pos,取料2_R轴3_Axis_Pos_29,29258,取料2_R轴3_Axis_Pos_29,Pickup 2_R Axis 3_Axis_Pos_29,L?y v?t li?u 2_Tr?c R 3_Tr?c_V? trí_29
PLC/取料2_R轴3_Axis_Pos,取料2_R轴3_Axis_Pos_30,29260,取料2_R轴3_Axis_Pos_30,Pickup 2_R Axis 3_Axis_Pos_30,L?y v?t li?u 2_Tr?c R 3_Tr?c_V? trí_30
PLC/取料2_R轴3_Axis_Pos,取料2_R轴3_Axis_Pos_31,29262,取料2_R轴3_Axis_Pos_31,Pickup 2_R Axis 3_Axis_Pos_31,L?y v?t li?u 2_Tr?c R 3_Tr?c_V? trí_31
PLC/取料2_R轴3_Axis_Pos,取料2_R轴3_Axis_Pos_32,29264,取料2_R轴3_Axis_Pos_32,Pickup 2_R Axis 3_Axis_Pos_32,L?y v?t li?u 2_Tr?c R 3_Tr?c_V? trí_32
PLC/取料2_R轴3_Axis_Pos,取料2_R轴3_Axis_Pos_33,29266,取料2_R轴3_Axis_Pos_33,Pickup 2_R Axis 3_Axis_Pos_33,L?y v?t li?u 2_Tr?c R 3_Tr?c_V? trí_33
PLC/取料2_R轴3_Axis_Pos,取料2_R轴3_Axis_Pos_34,29268,取料2_R轴3_Axis_Pos_34,Pickup 2_R Axis 3_Axis_Pos_34,L?y v?t li?u 2_Tr?c R 3_Tr?c_V? trí_34
PLC/取料2_R轴3_Axis_Pos,取料2_R轴3_Axis_Pos_35,29270,取料2_R轴3_Axis_Pos_35,Pickup 2_R Axis 3_Axis_Pos_35,L?y v?t li?u 2_Tr?c R 3_Tr?c_V? trí_35
PLC/取料2_R轴3_Axis_Pos,取料2_R轴3_Axis_Pos_36,29272,取料2_R轴3_Axis_Pos_36,Pickup 2_R Axis 3_Axis_Pos_36,L?y v?t li?u 2_Tr?c R 3_Tr?c_V? trí_36
PLC/取料2_R轴3_Axis_Pos,取料2_R轴3_Axis_Pos_37,29274,取料2_R轴3_Axis_Pos_37,Pickup 2_R Axis 3_Axis_Pos_37,L?y v?t li?u 2_Tr?c R 3_Tr?c_V? trí_37
PLC/取料2_R轴3_Axis_Pos,取料2_R轴3_Axis_Pos_38,29276,取料2_R轴3_Axis_Pos_38,Pickup 2_R Axis 3_Axis_Pos_38,L?y v?t li?u 2_Tr?c R 3_Tr?c_V? trí_38
PLC/取料2_R轴3_Axis_Pos,取料2_R轴3_Axis_Pos_39,29278,取料2_R轴3_Axis_Pos_39,Pickup 2_R Axis 3_Axis_Pos_39,L?y v?t li?u 2_Tr?c R 3_Tr?c_V? trí_39
PLC/取料2_R轴3_Axis_Pos,取料2_R轴3_Axis_Pos_40,29280,取料2_R轴3_Axis_Pos_40,Pickup 2_R Axis 3_Axis_Pos_40,L?y v?t li?u 2_Tr?c R 3_Tr?c_V? trí_40
PLC/取料2_R轴3_Axis_Pos,取料2_R轴3_Axis_Pos_41,29282,取料2_R轴3_Axis_Pos_41,Pickup 2_R Axis 3_Axis_Pos_41,L?y v?t li?u 2_Tr?c R 3_Tr?c_V? trí_41
PLC/取料2_R轴3_Axis_Pos,取料2_R轴3_Axis_Pos_42,29284,取料2_R轴3_Axis_Pos_42,Pickup 2_R Axis 3_Axis_Pos_42,L?y v?t li?u 2_Tr?c R 3_Tr?c_V? trí_42
PLC/取料2_R轴3_Axis_Pos,取料2_R轴3_Axis_Pos_43,29286,取料2_R轴3_Axis_Pos_43,Pickup 2_R Axis 3_Axis_Pos_43,L?y v?t li?u 2_Tr?c R 3_Tr?c_V? trí_43
PLC/取料2_R轴3_Axis_Pos,取料2_R轴3_Axis_Pos_44,29288,取料2_R轴3_Axis_Pos_44,Pickup 2_R Axis 3_Axis_Pos_44,L?y v?t li?u 2_Tr?c R 3_Tr?c_V? trí_44
PLC/取料2_R轴3_Axis_Pos,取料2_R轴3_Axis_Pos_45,29290,取料2_R轴3_Axis_Pos_45,Pickup 2_R Axis 3_Axis_Pos_45,L?y v?t li?u 2_Tr?c R 3_Tr?c_V? trí_45
PLC/取料2_R轴3_Axis_Pos,取料2_R轴3_Axis_Pos_46,29292,取料2_R轴3_Axis_Pos_46,Pickup 2_R Axis 3_Axis_Pos_46,L?y v?t li?u 2_Tr?c R 3_Tr?c_V? trí_46
PLC/取料2_R轴3_Axis_Pos,取料2_R轴3_Axis_Pos_47,29294,取料2_R轴3_Axis_Pos_47,Pickup 2_R Axis 3_Axis_Pos_47,L?y v?t li?u 2_Tr?c R 3_Tr?c_V? trí_47

PLC/取料2_R轴3_Axis_Vel,取料2_R轴3_Axis_Vel_0,29300,取料2_R轴3_Axis_Vel_0,Pickup 2_R Axis 3_Axis_Vel_0,L?y v?t li?u 2_Tr?c R 3_Tr?c_V?n t?c_0
PLC/取料2_R轴3_Axis_Vel,取料2_R轴3_Axis_Vel_1,29302,取料2_R轴3_Axis_Vel_1,Pickup 2_R Axis 3_Axis_Vel_1,L?y v?t li?u 2_Tr?c R 3_Tr?c_V?n t?c_1
PLC/取料2_R轴3_Axis_Vel,取料2_R轴3_Axis_Vel_2,29304,取料2_R轴3_Axis_Vel_2,Pickup 2_R Axis 3_Axis_Vel_2,L?y v?t li?u 2_Tr?c R 3_Tr?c_V?n t?c_2
PLC/取料2_R轴3_Axis_Vel,取料2_R轴3_Axis_Vel_3,29306,取料2_R轴3_Axis_Vel_3,Pickup 2_R Axis 3_Axis_Vel_3,L?y v?t li?u 2_Tr?c R 3_Tr?c_V?n t?c_3
PLC/取料2_R轴3_Axis_Vel,取料2_R轴3_Axis_Vel_4,29308,取料2_R轴3_Axis_Vel_4,Pickup 2_R Axis 3_Axis_Vel_4,L?y v?t li?u 2_Tr?c R 3_Tr?c_V?n t?c_4
PLC/取料2_R轴3_Axis_Vel,取料2_R轴3_Axis_Vel_5,29310,取料2_R轴3_Axis_Vel_5,Pickup 2_R Axis 3_Axis_Vel_5,L?y v?t li?u 2_Tr?c R 3_Tr?c_V?n t?c_5
PLC/取料2_R轴3_Axis_Vel,取料2_R轴3_Axis_Vel_6,29312,取料2_R轴3_Axis_Vel_6,Pickup 2_R Axis 3_Axis_Vel_6,L?y v?t li?u 2_Tr?c R 3_Tr?c_V?n t?c_6
PLC/取料2_R轴3_Axis_Vel,取料2_R轴3_Axis_Vel_7,29314,取料2_R轴3_Axis_Vel_7,Pickup 2_R Axis 3_Axis_Vel_7,L?y v?t li?u 2_Tr?c R 3_Tr?c_V?n t?c_7
PLC/取料2_R轴3_Axis_Vel,取料2_R轴3_Axis_Vel_8,29316,取料2_R轴3_Axis_Vel_8,Pickup 2_R Axis 3_Axis_Vel_8,L?y v?t li?u 2_Tr?c R 3_Tr?c_V?n t?c_8
PLC/取料2_R轴3_Axis_Vel,取料2_R轴3_Axis_Vel_9,29318,取料2_R轴3_Axis_Vel_9,Pickup 2_R Axis 3_Axis_Vel_9,L?y v?t li?u 2_Tr?c R 3_Tr?c_V?n t?c_9
PLC/取料2_R轴3_Axis_Vel,取料2_R轴3_Axis_Vel_10,29320,取料2_R轴3_Axis_Vel_10,Pickup 2_R Axis 3_Axis_Vel_10,L?y v?t li?u 2_Tr?c R 3_Tr?c_V?n t?c_10
PLC/取料2_R轴3_Axis_Vel,取料2_R轴3_Axis_Vel_11,29322,取料2_R轴3_Axis_Vel_11,Pickup 2_R Axis 3_Axis_Vel_11,L?y v?t li?u 2_Tr?c R 3_Tr?c_V?n t?c_11
PLC/取料2_R轴3_Axis_Vel,取料2_R轴3_Axis_Vel_12,29324,取料2_R轴3_Axis_Vel_12,Pickup 2_R Axis 3_Axis_Vel_12,L?y v?t li?u 2_Tr?c R 3_Tr?c_V?n t?c_12
PLC/取料2_R轴3_Axis_Vel,取料2_R轴3_Axis_Vel_13,29326,取料2_R轴3_Axis_Vel_13,Pickup 2_R Axis 3_Axis_Vel_13,L?y v?t li?u 2_Tr?c R 3_Tr?c_V?n t?c_13
PLC/取料2_R轴3_Axis_Vel,取料2_R轴3_Axis_Vel_14,29328,取料2_R轴3_Axis_Vel_14,Pickup 2_R Axis 3_Axis_Vel_14,L?y v?t li?u 2_Tr?c R 3_Tr?c_V?n t?c_14
PLC/取料2_R轴3_Axis_Vel,取料2_R轴3_Axis_Vel_15,29330,取料2_R轴3_Axis_Vel_15,Pickup 2_R Axis 3_Axis_Vel_15,L?y v?t li?u 2_Tr?c R 3_Tr?c_V?n t?c_15
PLC/取料2_R轴3_Axis_Vel,取料2_R轴3_Axis_Vel_16,29332,取料2_R轴3_Axis_Vel_16,Pickup 2_R Axis 3_Axis_Vel_16,L?y v?t li?u 2_Tr?c R 3_Tr?c_V?n t?c_16
PLC/取料2_R轴3_Axis_Vel,取料2_R轴3_Axis_Vel_17,29334,取料2_R轴3_Axis_Vel_17,Pickup 2_R Axis 3_Axis_Vel_17,L?y v?t li?u 2_Tr?c R 3_Tr?c_V?n t?c_17
PLC/取料2_R轴3_Axis_Vel,取料2_R轴3_Axis_Vel_18,29336,取料2_R轴3_Axis_Vel_18,Pickup 2_R Axis 3_Axis_Vel_18,L?y v?t li?u 2_Tr?c R 3_Tr?c_V?n t?c_18
PLC/取料2_R轴3_Axis_Vel,取料2_R轴3_Axis_Vel_19,29338,取料2_R轴3_Axis_Vel_19,Pickup 2_R Axis 3_Axis_Vel_19,L?y v?t li?u 2_Tr?c R 3_Tr?c_V?n t?c_19
PLC/取料2_R轴3_Axis_Vel,取料2_R轴3_Axis_Vel_20,29340,取料2_R轴3_Axis_Vel_20,Pickup 2_R Axis 3_Axis_Vel_20,L?y v?t li?u 2_Tr?c R 3_Tr?c_V?n t?c_20
PLC/取料2_R轴3_Axis_Vel,取料2_R轴3_Axis_Vel_21,29342,取料2_R轴3_Axis_Vel_21,Pickup 2_R Axis 3_Axis_Vel_21,L?y v?t li?u 2_Tr?c R 3_Tr?c_V?n t?c_21
PLC/取料2_R轴3_Axis_Vel,取料2_R轴3_Axis_Vel_22,29344,取料2_R轴3_Axis_Vel_22,Pickup 2_R Axis 3_Axis_Vel_22,L?y v?t li?u 2_Tr?c R 3_Tr?c_V?n t?c_22
PLC/取料2_R轴3_Axis_Vel,取料2_R轴3_Axis_Vel_23,29346,取料2_R轴3_Axis_Vel_23,Pickup 2_R Axis 3_Axis_Vel_23,L?y v?t li?u 2_Tr?c R 3_Tr?c_V?n t?c_23
PLC/取料2_R轴3_Axis_Vel,取料2_R轴3_Axis_Vel_24,29348,取料2_R轴3_Axis_Vel_24,Pickup 2_R Axis 3_Axis_Vel_24,L?y v?t li?u 2_Tr?c R 3_Tr?c_V?n t?c_24
PLC/取料2_R轴3_Axis_Vel,取料2_R轴3_Axis_Vel_25,29350,取料2_R轴3_Axis_Vel_25,Pickup 2_R Axis 3_Axis_Vel_25,L?y v?t li?u 2_Tr?c R 3_Tr?c_V?n t?c_25
PLC/取料2_R轴3_Axis_Vel,取料2_R轴3_Axis_Vel_26,29352,取料2_R轴3_Axis_Vel_26,Pickup 2_R Axis 3_Axis_Vel_26,L?y v?t li?u 2_Tr?c R 3_Tr?c_V?n t?c_26
PLC/取料2_R轴3_Axis_Vel,取料2_R轴3_Axis_Vel_27,29354,取料2_R轴3_Axis_Vel_27,Pickup 2_R Axis 3_Axis_Vel_27,L?y v?t li?u 2_Tr?c R 3_Tr?c_V?n t?c_27
PLC/取料2_R轴3_Axis_Vel,取料2_R轴3_Axis_Vel_28,29356,取料2_R轴3_Axis_Vel_28,Pickup 2_R Axis 3_Axis_Vel_28,L?y v?t li?u 2_Tr?c R 3_Tr?c_V?n t?c_28
PLC/取料2_R轴3_Axis_Vel,取料2_R轴3_Axis_Vel_29,29358,取料2_R轴3_Axis_Vel_29,Pickup 2_R Axis 3_Axis_Vel_29,L?y v?t li?u 2_Tr?c R 3_Tr?c_V?n t?c_29
PLC/取料2_R轴3_Axis_Vel,取料2_R轴3_Axis_Vel_30,29360,取料2_R轴3_Axis_Vel_30,Pickup 2_R Axis 3_Axis_Vel_30,L?y v?t li?u 2_Tr?c R 3_Tr?c_V?n t?c_30
PLC/取料2_R轴3_Axis_Vel,取料2_R轴3_Axis_Vel_31,29362,取料2_R轴3_Axis_Vel_31,Pickup 2_R Axis 3_Axis_Vel_31,L?y v?t li?u 2_Tr?c R 3_Tr?c_V?n t?c_31
PLC/取料2_R轴3_Axis_Vel,取料2_R轴3_Axis_Vel_32,29364,取料2_R轴3_Axis_Vel_32,Pickup 2_R Axis 3_Axis_Vel_32,L?y v?t li?u 2_Tr?c R 3_Tr?c_V?n t?c_32
PLC/取料2_R轴3_Axis_Vel,取料2_R轴3_Axis_Vel_33,29366,取料2_R轴3_Axis_Vel_33,Pickup 2_R Axis 3_Axis_Vel_33,L?y v?t li?u 2_Tr?c R 3_Tr?c_V?n t?c_33
PLC/取料2_R轴3_Axis_Vel,取料2_R轴3_Axis_Vel_34,29368,取料2_R轴3_Axis_Vel_34,Pickup 2_R Axis 3_Axis_Vel_34,L?y v?t li?u 2_Tr?c R 3_Tr?c_V?n t?c_34
PLC/取料2_R轴3_Axis_Vel,取料2_R轴3_Axis_Vel_35,29370,取料2_R轴3_Axis_Vel_35,Pickup 2_R Axis 3_Axis_Vel_35,L?y v?t li?u 2_Tr?c R 3_Tr?c_V?n t?c_35
PLC/取料2_R轴3_Axis_Vel,取料2_R轴3_Axis_Vel_36,29372,取料2_R轴3_Axis_Vel_36,Pickup 2_R Axis 3_Axis_Vel_36,L?y v?t li?u 2_Tr?c R 3_Tr?c_V?n t?c_36
PLC/取料2_R轴3_Axis_Vel,取料2_R轴3_Axis_Vel_37,29374,取料2_R轴3_Axis_Vel_37,Pickup 2_R Axis 3_Axis_Vel_37,L?y v?t li?u 2_Tr?c R 3_Tr?c_V?n t?c_37
PLC/取料2_R轴3_Axis_Vel,取料2_R轴3_Axis_Vel_38,29376,取料2_R轴3_Axis_Vel_38,Pickup 2_R Axis 3_Axis_Vel_38,L?y v?t li?u 2_Tr?c R 3_Tr?c_V?n t?c_38
PLC/取料2_R轴3_Axis_Vel,取料2_R轴3_Axis_Vel_39,29378,取料2_R轴3_Axis_Vel_39,Pickup 2_R Axis 3_Axis_Vel_39,L?y v?t li?u 2_Tr?c R 3_Tr?c_V?n t?c_39
PLC/取料2_R轴3_Axis_Vel,取料2_R轴3_Axis_Vel_40,29380,取料2_R轴3_Axis_Vel_40,Pickup 2_R Axis 3_Axis_Vel_40,L?y v?t li?u 2_Tr?c R 3_Tr?c_V?n t?c_40
PLC/取料2_R轴3_Axis_Vel,取料2_R轴3_Axis_Vel_41,29382,取料2_R轴3_Axis_Vel_41,Pickup 2_R Axis 3_Axis_Vel_41,L?y v?t li?u 2_Tr?c R 3_Tr?c_V?n t?c_41
PLC/取料2_R轴3_Axis_Vel,取料2_R轴3_Axis_Vel_42,29384,取料2_R轴3_Axis_Vel_42,Pickup 2_R Axis 3_Axis_Vel_42,L?y v?t li?u 2_Tr?c R 3_Tr?c_V?n t?c_42
PLC/取料2_R轴3_Axis_Vel,取料2_R轴3_Axis_Vel_43,29386,取料2_R轴3_Axis_Vel_43,Pickup 2_R Axis 3_Axis_Vel_43,L?y v?t li?u 2_Tr?c R 3_Tr?c_V?n t?c_43
PLC/取料2_R轴3_Axis_Vel,取料2_R轴3_Axis_Vel_44,29388,取料2_R轴3_Axis_Vel_44,Pickup 2_R Axis 3_Axis_Vel_44,L?y v?t li?u 2_Tr?c R 3_Tr?c_V?n t?c_44
PLC/取料2_R轴3_Axis_Vel,取料2_R轴3_Axis_Vel_45,29390,取料2_R轴3_Axis_Vel_45,Pickup 2_R Axis 3_Axis_Vel_45,L?y v?t li?u 2_Tr?c R 3_Tr?c_V?n t?c_45
PLC/取料2_R轴3_Axis_Vel,取料2_R轴3_Axis_Vel_46,29392,取料2_R轴3_Axis_Vel_46,Pickup 2_R Axis 3_Axis_Vel_46,L?y v?t li?u 2_Tr?c R 3_Tr?c_V?n t?c_46
PLC/取料2_R轴3_Axis_Vel,取料2_R轴3_Axis_Vel_47,29394,取料2_R轴3_Axis_Vel_47,Pickup 2_R Axis 3_Axis_Vel_47,L?y v?t li?u 2_Tr?c R 3_Tr?c_V?n t?c_47

PLC/取料2_Z轴4_Axis_Pos,取料2_Z轴4_Axis_Pos_0,29400,取料2_Z轴4_Axis_Pos_0,Pickup 2_Z Axis 4_Axis_Pos_0,L?y v?t li?u 2_Tr?c Z 4_Tr?c_V? trí_0
PLC/取料2_Z轴4_Axis_Pos,取料2_Z轴4_Axis_Pos_1,29402,取料2_Z轴4_Axis_Pos_1,Pickup 2_Z Axis 4_Axis_Pos_1,L?y v?t li?u 2_Tr?c Z 4_Tr?c_V? trí_1
PLC/取料2_Z轴4_Axis_Pos,取料2_Z轴4_Axis_Pos_2,29404,取料2_Z轴4_Axis_Pos_2,Pickup 2_Z Axis 4_Axis_Pos_2,L?y v?t li?u 2_Tr?c Z 4_Tr?c_V? trí_2
PLC/取料2_Z轴4_Axis_Pos,取料2_Z轴4_Axis_Pos_3,29406,取料2_Z轴4_Axis_Pos_3,Pickup 2_Z Axis 4_Axis_Pos_3,L?y v?t li?u 2_Tr?c Z 4_Tr?c_V? trí_3
PLC/取料2_Z轴4_Axis_Pos,取料2_Z轴4_Axis_Pos_4,29408,取料2_Z轴4_Axis_Pos_4,Pickup 2_Z Axis 4_Axis_Pos_4,L?y v?t li?u 2_Tr?c Z 4_Tr?c_V? trí_4
PLC/取料2_Z轴4_Axis_Pos,取料2_Z轴4_Axis_Pos_5,29410,取料2_Z轴4_Axis_Pos_5,Pickup 2_Z Axis 4_Axis_Pos_5,L?y v?t li?u 2_Tr?c Z 4_Tr?c_V? trí_5
PLC/取料2_Z轴4_Axis_Pos,取料2_Z轴4_Axis_Pos_6,29412,取料2_Z轴4_Axis_Pos_6,Pickup 2_Z Axis 4_Axis_Pos_6,L?y v?t li?u 2_Tr?c Z 4_Tr?c_V? trí_6
PLC/取料2_Z轴4_Axis_Pos,取料2_Z轴4_Axis_Pos_7,29414,取料2_Z轴4_Axis_Pos_7,Pickup 2_Z Axis 4_Axis_Pos_7,L?y v?t li?u 2_Tr?c Z 4_Tr?c_V? trí_7
PLC/取料2_Z轴4_Axis_Pos,取料2_Z轴4_Axis_Pos_8,29416,取料2_Z轴4_Axis_Pos_8,Pickup 2_Z Axis 4_Axis_Pos_8,L?y v?t li?u 2_Tr?c Z 4_Tr?c_V? trí_8
PLC/取料2_Z轴4_Axis_Pos,取料2_Z轴4_Axis_Pos_9,29418,取料2_Z轴4_Axis_Pos_9,Pickup 2_Z Axis 4_Axis_Pos_9,L?y v?t li?u 2_Tr?c Z 4_Tr?c_V? trí_9
PLC/取料2_Z轴4_Axis_Pos,取料2_Z轴4_Axis_Pos_10,29420,取料2_Z轴4_Axis_Pos_10,Pickup 2_Z Axis 4_Axis_Pos_10,L?y v?t li?u 2_Tr?c Z 4_Tr?c_V? trí_10
PLC/取料2_Z轴4_Axis_Pos,取料2_Z轴4_Axis_Pos_11,29422,取料2_Z轴4_Axis_Pos_11,Pickup 2_Z Axis 4_Axis_Pos_11,L?y v?t li?u 2_Tr?c Z 4_Tr?c_V? trí_11
PLC/取料2_Z轴4_Axis_Pos,取料2_Z轴4_Axis_Pos_12,29424,取料2_Z轴4_Axis_Pos_12,Pickup 2_Z Axis 4_Axis_Pos_12,L?y v?t li?u 2_Tr?c Z 4_Tr?c_V? trí_12
PLC/取料2_Z轴4_Axis_Pos,取料2_Z轴4_Axis_Pos_13,29426,取料2_Z轴4_Axis_Pos_13,Pickup 2_Z Axis 4_Axis_Pos_13,L?y v?t li?u 2_Tr?c Z 4_Tr?c_V? trí_13
PLC/取料2_Z轴4_Axis_Pos,取料2_Z轴4_Axis_Pos_14,29428,取料2_Z轴4_Axis_Pos_14,Pickup 2_Z Axis 4_Axis_Pos_14,L?y v?t li?u 2_Tr?c Z 4_Tr?c_V? trí_14
PLC/取料2_Z轴4_Axis_Pos,取料2_Z轴4_Axis_Pos_15,29430,取料2_Z轴4_Axis_Pos_15,Pickup 2_Z Axis 4_Axis_Pos_15,L?y v?t li?u 2_Tr?c Z 4_Tr?c_V? trí_15
PLC/取料2_Z轴4_Axis_Pos,取料2_Z轴4_Axis_Pos_16,29432,取料2_Z轴4_Axis_Pos_16,Pickup 2_Z Axis 4_Axis_Pos_16,L?y v?t li?u 2_Tr?c Z 4_Tr?c_V? trí_16
PLC/取料2_Z轴4_Axis_Pos,取料2_Z轴4_Axis_Pos_17,29434,取料2_Z轴4_Axis_Pos_17,Pickup 2_Z Axis 4_Axis_Pos_17,L?y v?t li?u 2_Tr?c Z 4_Tr?c_V? trí_17
PLC/取料2_Z轴4_Axis_Pos,取料2_Z轴4_Axis_Pos_18,29436,取料2_Z轴4_Axis_Pos_18,Pickup 2_Z Axis 4_Axis_Pos_18,L?y v?t li?u 2_Tr?c Z 4_Tr?c_V? trí_18
PLC/取料2_Z轴4_Axis_Pos,取料2_Z轴4_Axis_Pos_19,29438,取料2_Z轴4_Axis_Pos_19,Pickup 2_Z Axis 4_Axis_Pos_19,L?y v?t li?u 2_Tr?c Z 4_Tr?c_V? trí_19
PLC/取料2_Z轴4_Axis_Pos,取料2_Z轴4_Axis_Pos_20,29440,取料2_Z轴4_Axis_Pos_20,Pickup 2_Z Axis 4_Axis_Pos_20,L?y v?t li?u 2_Tr?c Z 4_Tr?c_V? trí_20
PLC/取料2_Z轴4_Axis_Pos,取料2_Z轴4_Axis_Pos_21,29442,取料2_Z轴4_Axis_Pos_21,Pickup 2_Z Axis 4_Axis_Pos_21,L?y v?t li?u 2_Tr?c Z 4_Tr?c_V? trí_21
PLC/取料2_Z轴4_Axis_Pos,取料2_Z轴4_Axis_Pos_22,29444,取料2_Z轴4_Axis_Pos_22,Pickup 2_Z Axis 4_Axis_Pos_22,L?y v?t li?u 2_Tr?c Z 4_Tr?c_V? trí_22
PLC/取料2_Z轴4_Axis_Pos,取料2_Z轴4_Axis_Pos_23,29446,取料2_Z轴4_Axis_Pos_23,Pickup 2_Z Axis 4_Axis_Pos_23,L?y v?t li?u 2_Tr?c Z 4_Tr?c_V? trí_23
PLC/取料2_Z轴4_Axis_Pos,取料2_Z轴4_Axis_Pos_24,29448,取料2_Z轴4_Axis_Pos_24,Pickup 2_Z Axis 4_Axis_Pos_24,L?y v?t li?u 2_Tr?c Z 4_Tr?c_V? trí_24
PLC/取料2_Z轴4_Axis_Pos,取料2_Z轴4_Axis_Pos_25,29450,取料2_Z轴4_Axis_Pos_25,Pickup 2_Z Axis 4_Axis_Pos_25,L?y v?t li?u 2_Tr?c Z 4_Tr?c_V? trí_25
PLC/取料2_Z轴4_Axis_Pos,取料2_Z轴4_Axis_Pos_26,29452,取料2_Z轴4_Axis_Pos_26,Pickup 2_Z Axis 4_Axis_Pos_26,L?y v?t li?u 2_Tr?c Z 4_Tr?c_V? trí_26
PLC/取料2_Z轴4_Axis_Pos,取料2_Z轴4_Axis_Pos_27,29454,取料2_Z轴4_Axis_Pos_27,Pickup 2_Z Axis 4_Axis_Pos_27,L?y v?t li?u 2_Tr?c Z 4_Tr?c_V? trí_27
PLC/取料2_Z轴4_Axis_Pos,取料2_Z轴4_Axis_Pos_28,29456,取料2_Z轴4_Axis_Pos_28,Pickup 2_Z Axis 4_Axis_Pos_28,L?y v?t li?u 2_Tr?c Z 4_Tr?c_V? trí_28
PLC/取料2_Z轴4_Axis_Pos,取料2_Z轴4_Axis_Pos_29,29458,取料2_Z轴4_Axis_Pos_29,Pickup 2_Z Axis 4_Axis_Pos_29,L?y v?t li?u 2_Tr?c Z 4_Tr?c_V? trí_29
PLC/取料2_Z轴4_Axis_Pos,取料2_Z轴4_Axis_Pos_30,29460,取料2_Z轴4_Axis_Pos_30,Pickup 2_Z Axis 4_Axis_Pos_30,L?y v?t li?u 2_Tr?c Z 4_Tr?c_V? trí_30
PLC/取料2_Z轴4_Axis_Pos,取料2_Z轴4_Axis_Pos_31,29462,取料2_Z轴4_Axis_Pos_31,Pickup 2_Z Axis 4_Axis_Pos_31,L?y v?t li?u 2_Tr?c Z 4_Tr?c_V? trí_31
PLC/取料2_Z轴4_Axis_Pos,取料2_Z轴4_Axis_Pos_32,29464,取料2_Z轴4_Axis_Pos_32,Pickup 2_Z Axis 4_Axis_Pos_32,L?y v?t li?u 2_Tr?c Z 4_Tr?c_V? trí_32
PLC/取料2_Z轴4_Axis_Pos,取料2_Z轴4_Axis_Pos_33,29466,取料2_Z轴4_Axis_Pos_33,Pickup 2_Z Axis 4_Axis_Pos_33,L?y v?t li?u 2_Tr?c Z 4_Tr?c_V? trí_33
PLC/取料2_Z轴4_Axis_Pos,取料2_Z轴4_Axis_Pos_34,29468,取料2_Z轴4_Axis_Pos_34,Pickup 2_Z Axis 4_Axis_Pos_34,L?y v?t li?u 2_Tr?c Z 4_Tr?c_V? trí_34
PLC/取料2_Z轴4_Axis_Pos,取料2_Z轴4_Axis_Pos_35,29470,取料2_Z轴4_Axis_Pos_35,Pickup 2_Z Axis 4_Axis_Pos_35,L?y v?t li?u 2_Tr?c Z 4_Tr?c_V? trí_35
PLC/取料2_Z轴4_Axis_Pos,取料2_Z轴4_Axis_Pos_36,29472,取料2_Z轴4_Axis_Pos_36,Pickup 2_Z Axis 4_Axis_Pos_36,L?y v?t li?u 2_Tr?c Z 4_Tr?c_V? trí_36
PLC/取料2_Z轴4_Axis_Pos,取料2_Z轴4_Axis_Pos_37,29474,取料2_Z轴4_Axis_Pos_37,Pickup 2_Z Axis 4_Axis_Pos_37,L?y v?t li?u 2_Tr?c Z 4_Tr?c_V? trí_37
PLC/取料2_Z轴4_Axis_Pos,取料2_Z轴4_Axis_Pos_38,29476,取料2_Z轴4_Axis_Pos_38,Pickup 2_Z Axis 4_Axis_Pos_38,L?y v?t li?u 2_Tr?c Z 4_Tr?c_V? trí_38
PLC/取料2_Z轴4_Axis_Pos,取料2_Z轴4_Axis_Pos_39,29478,取料2_Z轴4_Axis_Pos_39,Pickup 2_Z Axis 4_Axis_Pos_39,L?y v?t li?u 2_Tr?c Z 4_Tr?c_V? trí_39
PLC/取料2_Z轴4_Axis_Pos,取料2_Z轴4_Axis_Pos_40,29480,取料2_Z轴4_Axis_Pos_40,Pickup 2_Z Axis 4_Axis_Pos_40,L?y v?t li?u 2_Tr?c Z 4_Tr?c_V? trí_40
PLC/取料2_Z轴4_Axis_Pos,取料2_Z轴4_Axis_Pos_41,29482,取料2_Z轴4_Axis_Pos_41,Pickup 2_Z Axis 4_Axis_Pos_41,L?y v?t li?u 2_Tr?c Z 4_Tr?c_V? trí_41
PLC/取料2_Z轴4_Axis_Pos,取料2_Z轴4_Axis_Pos_42,29484,取料2_Z轴4_Axis_Pos_42,Pickup 2_Z Axis 4_Axis_Pos_42,L?y v?t li?u 2_Tr?c Z 4_Tr?c_V? trí_42
PLC/取料2_Z轴4_Axis_Pos,取料2_Z轴4_Axis_Pos_43,29486,取料2_Z轴4_Axis_Pos_43,Pickup 2_Z Axis 4_Axis_Pos_43,L?y v?t li?u 2_Tr?c Z 4_Tr?c_V? trí_43
PLC/取料2_Z轴4_Axis_Pos,取料2_Z轴4_Axis_Pos_44,29488,取料2_Z轴4_Axis_Pos_44,Pickup 2_Z Axis 4_Axis_Pos_44,L?y v?t li?u 2_Tr?c Z 4_Tr?c_V? trí_44
PLC/取料2_Z轴4_Axis_Pos,取料2_Z轴4_Axis_Pos_45,29490,取料2_Z轴4_Axis_Pos_45,Pickup 2_Z Axis 4_Axis_Pos_45,L?y v?t li?u 2_Tr?c Z 4_Tr?c_V? trí_45
PLC/取料2_Z轴4_Axis_Pos,取料2_Z轴4_Axis_Pos_46,29492,取料2_Z轴4_Axis_Pos_46,Pickup 2_Z Axis 4_Axis_Pos_46,L?y v?t li?u 2_Tr?c Z 4_Tr?c_V? trí_46
PLC/取料2_Z轴4_Axis_Pos,取料2_Z轴4_Axis_Pos_47,29494,取料2_Z轴4_Axis_Pos_47,Pickup 2_Z Axis 4_Axis_Pos_47,L?y v?t li?u 2_Tr?c Z 4_Tr?c_V? trí_47

PLC/取料2_Z轴4_Axis_Vel,取料2_Z轴4_Axis_Vel_0,29500,取料2_Z轴4_Axis_Vel_0,Pickup 2_Z Axis 4_Axis_Vel_0,L?y v?t li?u 2_Tr?c Z 4_Tr?c_V?n t?c_0
PLC/取料2_Z轴4_Axis_Vel,取料2_Z轴4_Axis_Vel_1,29502,取料2_Z轴4_Axis_Vel_1,Pickup 2_Z Axis 4_Axis_Vel_1,L?y v?t li?u 2_Tr?c Z 4_Tr?c_V?n t?c_1
PLC/取料2_Z轴4_Axis_Vel,取料2_Z轴4_Axis_Vel_2,29504,取料2_Z轴4_Axis_Vel_2,Pickup 2_Z Axis 4_Axis_Vel_2,L?y v?t li?u 2_Tr?c Z 4_Tr?c_V?n t?c_2
PLC/取料2_Z轴4_Axis_Vel,取料2_Z轴4_Axis_Vel_3,29506,取料2_Z轴4_Axis_Vel_3,Pickup 2_Z Axis 4_Axis_Vel_3,L?y v?t li?u 2_Tr?c Z 4_Tr?c_V?n t?c_3
PLC/取料2_Z轴4_Axis_Vel,取料2_Z轴4_Axis_Vel_4,29508,取料2_Z轴4_Axis_Vel_4,Pickup 2_Z Axis 4_Axis_Vel_4,L?y v?t li?u 2_Tr?c Z 4_Tr?c_V?n t?c_4
PLC/取料2_Z轴4_Axis_Vel,取料2_Z轴4_Axis_Vel_5,29510,取料2_Z轴4_Axis_Vel_5,Pickup 2_Z Axis 4_Axis_Vel_5,L?y v?t li?u 2_Tr?c Z 4_Tr?c_V?n t?c_5
PLC/取料2_Z轴4_Axis_Vel,取料2_Z轴4_Axis_Vel_6,29512,取料2_Z轴4_Axis_Vel_6,Pickup 2_Z Axis 4_Axis_Vel_6,L?y v?t li?u 2_Tr?c Z 4_Tr?c_V?n t?c_6
PLC/取料2_Z轴4_Axis_Vel,取料2_Z轴4_Axis_Vel_7,29514,取料2_Z轴4_Axis_Vel_7,Pickup 2_Z Axis 4_Axis_Vel_7,L?y v?t li?u 2_Tr?c Z 4_Tr?c_V?n t?c_7
PLC/取料2_Z轴4_Axis_Vel,取料2_Z轴4_Axis_Vel_8,29516,取料2_Z轴4_Axis_Vel_8,Pickup 2_Z Axis 4_Axis_Vel_8,L?y v?t li?u 2_Tr?c Z 4_Tr?c_V?n t?c_8
PLC/取料2_Z轴4_Axis_Vel,取料2_Z轴4_Axis_Vel_9,29518,取料2_Z轴4_Axis_Vel_9,Pickup 2_Z Axis 4_Axis_Vel_9,L?y v?t li?u 2_Tr?c Z 4_Tr?c_V?n t?c_9
PLC/取料2_Z轴4_Axis_Vel,取料2_Z轴4_Axis_Vel_10,29520,取料2_Z轴4_Axis_Vel_10,Pickup 2_Z Axis 4_Axis_Vel_10,L?y v?t li?u 2_Tr?c Z 4_Tr?c_V?n t?c_10
PLC/取料2_Z轴4_Axis_Vel,取料2_Z轴4_Axis_Vel_11,29522,取料2_Z轴4_Axis_Vel_11,Pickup 2_Z Axis 4_Axis_Vel_11,L?y v?t li?u 2_Tr?c Z 4_Tr?c_V?n t?c_11
PLC/取料2_Z轴4_Axis_Vel,取料2_Z轴4_Axis_Vel_12,29524,取料2_Z轴4_Axis_Vel_12,Pickup 2_Z Axis 4_Axis_Vel_12,L?y v?t li?u 2_Tr?c Z 4_Tr?c_V?n t?c_12
PLC/取料2_Z轴4_Axis_Vel,取料2_Z轴4_Axis_Vel_13,29526,取料2_Z轴4_Axis_Vel_13,Pickup 2_Z Axis 4_Axis_Vel_13,L?y v?t li?u 2_Tr?c Z 4_Tr?c_V?n t?c_13
PLC/取料2_Z轴4_Axis_Vel,取料2_Z轴4_Axis_Vel_14,29528,取料2_Z轴4_Axis_Vel_14,Pickup 2_Z Axis 4_Axis_Vel_14,L?y v?t li?u 2_Tr?c Z 4_Tr?c_V?n t?c_14
PLC/取料2_Z轴4_Axis_Vel,取料2_Z轴4_Axis_Vel_15,29530,取料2_Z轴4_Axis_Vel_15,Pickup 2_Z Axis 4_Axis_Vel_15,L?y v?t li?u 2_Tr?c Z 4_Tr?c_V?n t?c_15
PLC/取料2_Z轴4_Axis_Vel,取料2_Z轴4_Axis_Vel_16,29532,取料2_Z轴4_Axis_Vel_16,Pickup 2_Z Axis 4_Axis_Vel_16,L?y v?t li?u 2_Tr?c Z 4_Tr?c_V?n t?c_16
PLC/取料2_Z轴4_Axis_Vel,取料2_Z轴4_Axis_Vel_17,29534,取料2_Z轴4_Axis_Vel_17,Pickup 2_Z Axis 4_Axis_Vel_17,L?y v?t li?u 2_Tr?c Z 4_Tr?c_V?n t?c_17
PLC/取料2_Z轴4_Axis_Vel,取料2_Z轴4_Axis_Vel_18,29536,取料2_Z轴4_Axis_Vel_18,Pickup 2_Z Axis 4_Axis_Vel_18,L?y v?t li?u 2_Tr?c Z 4_Tr?c_V?n t?c_18
PLC/取料2_Z轴4_Axis_Vel,取料2_Z轴4_Axis_Vel_19,29538,取料2_Z轴4_Axis_Vel_19,Pickup 2_Z Axis 4_Axis_Vel_19,L?y v?t li?u 2_Tr?c Z 4_Tr?c_V?n t?c_19
PLC/取料2_Z轴4_Axis_Vel,取料2_Z轴4_Axis_Vel_20,29540,取料2_Z轴4_Axis_Vel_20,Pickup 2_Z Axis 4_Axis_Vel_20,L?y v?t li?u 2_Tr?c Z 4_Tr?c_V?n t?c_20
PLC/取料2_Z轴4_Axis_Vel,取料2_Z轴4_Axis_Vel_21,29542,取料2_Z轴4_Axis_Vel_21,Pickup 2_Z Axis 4_Axis_Vel_21,L?y v?t li?u 2_Tr?c Z 4_Tr?c_V?n t?c_21
PLC/取料2_Z轴4_Axis_Vel,取料2_Z轴4_Axis_Vel_22,29544,取料2_Z轴4_Axis_Vel_22,Pickup 2_Z Axis 4_Axis_Vel_22,L?y v?t li?u 2_Tr?c Z 4_Tr?c_V?n t?c_22
PLC/取料2_Z轴4_Axis_Vel,取料2_Z轴4_Axis_Vel_23,29546,取料2_Z轴4_Axis_Vel_23,Pickup 2_Z Axis 4_Axis_Vel_23,L?y v?t li?u 2_Tr?c Z 4_Tr?c_V?n t?c_23
PLC/取料2_Z轴4_Axis_Vel,取料2_Z轴4_Axis_Vel_24,29548,取料2_Z轴4_Axis_Vel_24,Pickup 2_Z Axis 4_Axis_Vel_24,L?y v?t li?u 2_Tr?c Z 4_Tr?c_V?n t?c_24
PLC/取料2_Z轴4_Axis_Vel,取料2_Z轴4_Axis_Vel_25,29550,取料2_Z轴4_Axis_Vel_25,Pickup 2_Z Axis 4_Axis_Vel_25,L?y v?t li?u 2_Tr?c Z 4_Tr?c_V?n t?c_25
PLC/取料2_Z轴4_Axis_Vel,取料2_Z轴4_Axis_Vel_26,29552,取料2_Z轴4_Axis_Vel_26,Pickup 2_Z Axis 4_Axis_Vel_26,L?y v?t li?u 2_Tr?c Z 4_Tr?c_V?n t?c_26
PLC/取料2_Z轴4_Axis_Vel,取料2_Z轴4_Axis_Vel_27,29554,取料2_Z轴4_Axis_Vel_27,Pickup 2_Z Axis 4_Axis_Vel_27,L?y v?t li?u 2_Tr?c Z 4_Tr?c_V?n t?c_27
PLC/取料2_Z轴4_Axis_Vel,取料2_Z轴4_Axis_Vel_28,29556,取料2_Z轴4_Axis_Vel_28,Pickup 2_Z Axis 4_Axis_Vel_28,L?y v?t li?u 2_Tr?c Z 4_Tr?c_V?n t?c_28
PLC/取料2_Z轴4_Axis_Vel,取料2_Z轴4_Axis_Vel_29,29558,取料2_Z轴4_Axis_Vel_29,Pickup 2_Z Axis 4_Axis_Vel_29,L?y v?t li?u 2_Tr?c Z 4_Tr?c_V?n t?c_29
PLC/取料2_Z轴4_Axis_Vel,取料2_Z轴4_Axis_Vel_30,29560,取料2_Z轴4_Axis_Vel_30,Pickup 2_Z Axis 4_Axis_Vel_30,L?y v?t li?u 2_Tr?c Z 4_Tr?c_V?n t?c_30
PLC/取料2_Z轴4_Axis_Vel,取料2_Z轴4_Axis_Vel_31,29562,取料2_Z轴4_Axis_Vel_31,Pickup 2_Z Axis 4_Axis_Vel_31,L?y v?t li?u 2_Tr?c Z 4_Tr?c_V?n t?c_31
PLC/取料2_Z轴4_Axis_Vel,取料2_Z轴4_Axis_Vel_32,29564,取料2_Z轴4_Axis_Vel_32,Pickup 2_Z Axis 4_Axis_Vel_32,L?y v?t li?u 2_Tr?c Z 4_Tr?c_V?n t?c_32
PLC/取料2_Z轴4_Axis_Vel,取料2_Z轴4_Axis_Vel_33,29566,取料2_Z轴4_Axis_Vel_33,Pickup 2_Z Axis 4_Axis_Vel_33,L?y v?t li?u 2_Tr?c Z 4_Tr?c_V?n t?c_33
PLC/取料2_Z轴4_Axis_Vel,取料2_Z轴4_Axis_Vel_34,29568,取料2_Z轴4_Axis_Vel_34,Pickup 2_Z Axis 4_Axis_Vel_34,L?y v?t li?u 2_Tr?c Z 4_Tr?c_V?n t?c_34
PLC/取料2_Z轴4_Axis_Vel,取料2_Z轴4_Axis_Vel_35,29570,取料2_Z轴4_Axis_Vel_35,Pickup 2_Z Axis 4_Axis_Vel_35,L?y v?t li?u 2_Tr?c Z 4_Tr?c_V?n t?c_35
PLC/取料2_Z轴4_Axis_Vel,取料2_Z轴4_Axis_Vel_36,29572,取料2_Z轴4_Axis_Vel_36,Pickup 2_Z Axis 4_Axis_Vel_36,L?y v?t li?u 2_Tr?c Z 4_Tr?c_V?n t?c_36
PLC/取料2_Z轴4_Axis_Vel,取料2_Z轴4_Axis_Vel_37,29574,取料2_Z轴4_Axis_Vel_37,Pickup 2_Z Axis 4_Axis_Vel_37,L?y v?t li?u 2_Tr?c Z 4_Tr?c_V?n t?c_37
PLC/取料2_Z轴4_Axis_Vel,取料2_Z轴4_Axis_Vel_38,29576,取料2_Z轴4_Axis_Vel_38,Pickup 2_Z Axis 4_Axis_Vel_38,L?y v?t li?u 2_Tr?c Z 4_Tr?c_V?n t?c_38
PLC/取料2_Z轴4_Axis_Vel,取料2_Z轴4_Axis_Vel_39,29578,取料2_Z轴4_Axis_Vel_39,Pickup 2_Z Axis 4_Axis_Vel_39,L?y v?t li?u 2_Tr?c Z 4_Tr?c_V?n t?c_39
PLC/取料2_Z轴4_Axis_Vel,取料2_Z轴4_Axis_Vel_40,29580,取料2_Z轴4_Axis_Vel_40,Pickup 2_Z Axis 4_Axis_Vel_40,L?y v?t li?u 2_Tr?c Z 4_Tr?c_V?n t?c_40
PLC/取料2_Z轴4_Axis_Vel,取料2_Z轴4_Axis_Vel_41,29582,取料2_Z轴4_Axis_Vel_41,Pickup 2_Z Axis 4_Axis_Vel_41,L?y v?t li?u 2_Tr?c Z 4_Tr?c_V?n t?c_41
PLC/取料2_Z轴4_Axis_Vel,取料2_Z轴4_Axis_Vel_42,29584,取料2_Z轴4_Axis_Vel_42,Pickup 2_Z Axis 4_Axis_Vel_42,L?y v?t li?u 2_Tr?c Z 4_Tr?c_V?n t?c_42
PLC/取料2_Z轴4_Axis_Vel,取料2_Z轴4_Axis_Vel_43,29586,取料2_Z轴4_Axis_Vel_43,Pickup 2_Z Axis 4_Axis_Vel_43,L?y v?t li?u 2_Tr?c Z 4_Tr?c_V?n t?c_43
PLC/取料2_Z轴4_Axis_Vel,取料2_Z轴4_Axis_Vel_44,29588,取料2_Z轴4_Axis_Vel_44,Pickup 2_Z Axis 4_Axis_Vel_44,L?y v?t li?u 2_Tr?c Z 4_Tr?c_V?n t?c_44
PLC/取料2_Z轴4_Axis_Vel,取料2_Z轴4_Axis_Vel_45,29590,取料2_Z轴4_Axis_Vel_45,Pickup 2_Z Axis 4_Axis_Vel_45,L?y v?t li?u 2_Tr?c Z 4_Tr?c_V?n t?c_45
PLC/取料2_Z轴4_Axis_Vel,取料2_Z轴4_Axis_Vel_46,29592,取料2_Z轴4_Axis_Vel_46,Pickup 2_Z Axis 4_Axis_Vel_46,L?y v?t li?u 2_Tr?c Z 4_Tr?c_V?n t?c_46
PLC/取料2_Z轴4_Axis_Vel,取料2_Z轴4_Axis_Vel_47,29594,取料2_Z轴4_Axis_Vel_47,Pickup 2_Z Axis 4_Axis_Vel_47,L?y v?t li?u 2_Tr?c Z 4_Tr?c_V?n t?c_47

PLC/取料2_R轴4_Axis_Pos,取料2_R轴4_Axis_Pos_0,29600,取料2_R轴4_Axis_Pos_0,Pickup 2_R Axis 4_Axis_Pos_0,L?y v?t li?u 2_Tr?c R 4_Tr?c_V? trí_0
PLC/取料2_R轴4_Axis_Pos,取料2_R轴4_Axis_Pos_1,29602,取料2_R轴4_Axis_Pos_1,Pickup 2_R Axis 4_Axis_Pos_1,L?y v?t li?u 2_Tr?c R 4_Tr?c_V? trí_1
PLC/取料2_R轴4_Axis_Pos,取料2_R轴4_Axis_Pos_2,29604,取料2_R轴4_Axis_Pos_2,Pickup 2_R Axis 4_Axis_Pos_2,L?y v?t li?u 2_Tr?c R 4_Tr?c_V? trí_2
PLC/取料2_R轴4_Axis_Pos,取料2_R轴4_Axis_Pos_3,29606,取料2_R轴4_Axis_Pos_3,Pickup 2_R Axis 4_Axis_Pos_3,L?y v?t li?u 2_Tr?c R 4_Tr?c_V? trí_3
PLC/取料2_R轴4_Axis_Pos,取料2_R轴4_Axis_Pos_4,29608,取料2_R轴4_Axis_Pos_4,Pickup 2_R Axis 4_Axis_Pos_4,L?y v?t li?u 2_Tr?c R 4_Tr?c_V? trí_4
PLC/取料2_R轴4_Axis_Pos,取料2_R轴4_Axis_Pos_5,29610,取料2_R轴4_Axis_Pos_5,Pickup 2_R Axis 4_Axis_Pos_5,L?y v?t li?u 2_Tr?c R 4_Tr?c_V? trí_5
PLC/取料2_R轴4_Axis_Pos,取料2_R轴4_Axis_Pos_6,29612,取料2_R轴4_Axis_Pos_6,Pickup 2_R Axis 4_Axis_Pos_6,L?y v?t li?u 2_Tr?c R 4_Tr?c_V? trí_6
PLC/取料2_R轴4_Axis_Pos,取料2_R轴4_Axis_Pos_7,29614,取料2_R轴4_Axis_Pos_7,Pickup 2_R Axis 4_Axis_Pos_7,L?y v?t li?u 2_Tr?c R 4_Tr?c_V? trí_7
PLC/取料2_R轴4_Axis_Pos,取料2_R轴4_Axis_Pos_8,29616,取料2_R轴4_Axis_Pos_8,Pickup 2_R Axis 4_Axis_Pos_8,L?y v?t li?u 2_Tr?c R 4_Tr?c_V? trí_8
PLC/取料2_R轴4_Axis_Pos,取料2_R轴4_Axis_Pos_9,29618,取料2_R轴4_Axis_Pos_9,Pickup 2_R Axis 4_Axis_Pos_9,L?y v?t li?u 2_Tr?c R 4_Tr?c_V? trí_9
PLC/取料2_R轴4_Axis_Pos,取料2_R轴4_Axis_Pos_10,29620,取料2_R轴4_Axis_Pos_10,Pickup 2_R Axis 4_Axis_Pos_10,L?y v?t li?u 2_Tr?c R 4_Tr?c_V? trí_10
PLC/取料2_R轴4_Axis_Pos,取料2_R轴4_Axis_Pos_11,29622,取料2_R轴4_Axis_Pos_11,Pickup 2_R Axis 4_Axis_Pos_11,L?y v?t li?u 2_Tr?c R 4_Tr?c_V? trí_11
PLC/取料2_R轴4_Axis_Pos,取料2_R轴4_Axis_Pos_12,29624,取料2_R轴4_Axis_Pos_12,Pickup 2_R Axis 4_Axis_Pos_12,L?y v?t li?u 2_Tr?c R 4_Tr?c_V? trí_12
PLC/取料2_R轴4_Axis_Pos,取料2_R轴4_Axis_Pos_13,29626,取料2_R轴4_Axis_Pos_13,Pickup 2_R Axis 4_Axis_Pos_13,L?y v?t li?u 2_Tr?c R 4_Tr?c_V? trí_13
PLC/取料2_R轴4_Axis_Pos,取料2_R轴4_Axis_Pos_14,29628,取料2_R轴4_Axis_Pos_14,Pickup 2_R Axis 4_Axis_Pos_14,L?y v?t li?u 2_Tr?c R 4_Tr?c_V? trí_14
PLC/取料2_R轴4_Axis_Pos,取料2_R轴4_Axis_Pos_15,29630,取料2_R轴4_Axis_Pos_15,Pickup 2_R Axis 4_Axis_Pos_15,L?y v?t li?u 2_Tr?c R 4_Tr?c_V? trí_15
PLC/取料2_R轴4_Axis_Pos,取料2_R轴4_Axis_Pos_16,29632,取料2_R轴4_Axis_Pos_16,Pickup 2_R Axis 4_Axis_Pos_16,L?y v?t li?u 2_Tr?c R 4_Tr?c_V? trí_16
PLC/取料2_R轴4_Axis_Pos,取料2_R轴4_Axis_Pos_17,29634,取料2_R轴4_Axis_Pos_17,Pickup 2_R Axis 4_Axis_Pos_17,L?y v?t li?u 2_Tr?c R 4_Tr?c_V? trí_17
PLC/取料2_R轴4_Axis_Pos,取料2_R轴4_Axis_Pos_18,29636,取料2_R轴4_Axis_Pos_18,Pickup 2_R Axis 4_Axis_Pos_18,L?y v?t li?u 2_Tr?c R 4_Tr?c_V? trí_18
PLC/取料2_R轴4_Axis_Pos,取料2_R轴4_Axis_Pos_19,29638,取料2_R轴4_Axis_Pos_19,Pickup 2_R Axis 4_Axis_Pos_19,L?y v?t li?u 2_Tr?c R 4_Tr?c_V? trí_19
PLC/取料2_R轴4_Axis_Pos,取料2_R轴4_Axis_Pos_20,29640,取料2_R轴4_Axis_Pos_20,Pickup 2_R Axis 4_Axis_Pos_20,L?y v?t li?u 2_Tr?c R 4_Tr?c_V? trí_20
PLC/取料2_R轴4_Axis_Pos,取料2_R轴4_Axis_Pos_21,29642,取料2_R轴4_Axis_Pos_21,Pickup 2_R Axis 4_Axis_Pos_21,L?y v?t li?u 2_Tr?c R 4_Tr?c_V? trí_21
PLC/取料2_R轴4_Axis_Pos,取料2_R轴4_Axis_Pos_22,29644,取料2_R轴4_Axis_Pos_22,Pickup 2_R Axis 4_Axis_Pos_22,L?y v?t li?u 2_Tr?c R 4_Tr?c_V? trí_22
PLC/取料2_R轴4_Axis_Pos,取料2_R轴4_Axis_Pos_23,29646,取料2_R轴4_Axis_Pos_23,Pickup 2_R Axis 4_Axis_Pos_23,L?y v?t li?u 2_Tr?c R 4_Tr?c_V? trí_23
PLC/取料2_R轴4_Axis_Pos,取料2_R轴4_Axis_Pos_24,29648,取料2_R轴4_Axis_Pos_24,Pickup 2_R Axis 4_Axis_Pos_24,L?y v?t li?u 2_Tr?c R 4_Tr?c_V? trí_24
PLC/取料2_R轴4_Axis_Pos,取料2_R轴4_Axis_Pos_25,29650,取料2_R轴4_Axis_Pos_25,Pickup 2_R Axis 4_Axis_Pos_25,L?y v?t li?u 2_Tr?c R 4_Tr?c_V? trí_25
PLC/取料2_R轴4_Axis_Pos,取料2_R轴4_Axis_Pos_26,29652,取料2_R轴4_Axis_Pos_26,Pickup 2_R Axis 4_Axis_Pos_26,L?y v?t li?u 2_Tr?c R 4_Tr?c_V? trí_26
PLC/取料2_R轴4_Axis_Pos,取料2_R轴4_Axis_Pos_27,29654,取料2_R轴4_Axis_Pos_27,Pickup 2_R Axis 4_Axis_Pos_27,L?y v?t li?u 2_Tr?c R 4_Tr?c_V? trí_27
PLC/取料2_R轴4_Axis_Pos,取料2_R轴4_Axis_Pos_28,29656,取料2_R轴4_Axis_Pos_28,Pickup 2_R Axis 4_Axis_Pos_28,L?y v?t li?u 2_Tr?c R 4_Tr?c_V? trí_28
PLC/取料2_R轴4_Axis_Pos,取料2_R轴4_Axis_Pos_29,29658,取料2_R轴4_Axis_Pos_29,Pickup 2_R Axis 4_Axis_Pos_29,L?y v?t li?u 2_Tr?c R 4_Tr?c_V? trí_29
PLC/取料2_R轴4_Axis_Pos,取料2_R轴4_Axis_Pos_30,29660,取料2_R轴4_Axis_Pos_30,Pickup 2_R Axis 4_Axis_Pos_30,L?y v?t li?u 2_Tr?c R 4_Tr?c_V? trí_30
PLC/取料2_R轴4_Axis_Pos,取料2_R轴4_Axis_Pos_31,29662,取料2_R轴4_Axis_Pos_31,Pickup 2_R Axis 4_Axis_Pos_31,L?y v?t li?u 2_Tr?c R 4_Tr?c_V? trí_31
PLC/取料2_R轴4_Axis_Pos,取料2_R轴4_Axis_Pos_32,29664,取料2_R轴4_Axis_Pos_32,Pickup 2_R Axis 4_Axis_Pos_32,L?y v?t li?u 2_Tr?c R 4_Tr?c_V? trí_32
PLC/取料2_R轴4_Axis_Pos,取料2_R轴4_Axis_Pos_33,29666,取料2_R轴4_Axis_Pos_33,Pickup 2_R Axis 4_Axis_Pos_33,L?y v?t li?u 2_Tr?c R 4_Tr?c_V? trí_33
PLC/取料2_R轴4_Axis_Pos,取料2_R轴4_Axis_Pos_34,29668,取料2_R轴4_Axis_Pos_34,Pickup 2_R Axis 4_Axis_Pos_34,L?y v?t li?u 2_Tr?c R 4_Tr?c_V? trí_34
PLC/取料2_R轴4_Axis_Pos,取料2_R轴4_Axis_Pos_35,29670,取料2_R轴4_Axis_Pos_35,Pickup 2_R Axis 4_Axis_Pos_35,L?y v?t li?u 2_Tr?c R 4_Tr?c_V? trí_35
PLC/取料2_R轴4_Axis_Pos,取料2_R轴4_Axis_Pos_36,29672,取料2_R轴4_Axis_Pos_36,Pickup 2_R Axis 4_Axis_Pos_36,L?y v?t li?u 2_Tr?c R 4_Tr?c_V? trí_36
PLC/取料2_R轴4_Axis_Pos,取料2_R轴4_Axis_Pos_37,29674,取料2_R轴4_Axis_Pos_37,Pickup 2_R Axis 4_Axis_Pos_37,L?y v?t li?u 2_Tr?c R 4_Tr?c_V? trí_37
PLC/取料2_R轴4_Axis_Pos,取料2_R轴4_Axis_Pos_38,29676,取料2_R轴4_Axis_Pos_38,Pickup 2_R Axis 4_Axis_Pos_38,L?y v?t li?u 2_Tr?c R 4_Tr?c_V? trí_38
PLC/取料2_R轴4_Axis_Pos,取料2_R轴4_Axis_Pos_39,29678,取料2_R轴4_Axis_Pos_39,Pickup 2_R Axis 4_Axis_Pos_39,L?y v?t li?u 2_Tr?c R 4_Tr?c_V? trí_39
PLC/取料2_R轴4_Axis_Pos,取料2_R轴4_Axis_Pos_40,29680,取料2_R轴4_Axis_Pos_40,Pickup 2_R Axis 4_Axis_Pos_40,L?y v?t li?u 2_Tr?c R 4_Tr?c_V? trí_40
PLC/取料2_R轴4_Axis_Pos,取料2_R轴4_Axis_Pos_41,29682,取料2_R轴4_Axis_Pos_41,Pickup 2_R Axis 4_Axis_Pos_41,L?y v?t li?u 2_Tr?c R 4_Tr?c_V? trí_41
PLC/取料2_R轴4_Axis_Pos,取料2_R轴4_Axis_Pos_42,29684,取料2_R轴4_Axis_Pos_42,Pickup 2_R Axis 4_Axis_Pos_42,L?y v?t li?u 2_Tr?c R 4_Tr?c_V? trí_42
PLC/取料2_R轴4_Axis_Pos,取料2_R轴4_Axis_Pos_43,29686,取料2_R轴4_Axis_Pos_43,Pickup 2_R Axis 4_Axis_Pos_43,L?y v?t li?u 2_Tr?c R 4_Tr?c_V? trí_43
PLC/取料2_R轴4_Axis_Pos,取料2_R轴4_Axis_Pos_44,29688,取料2_R轴4_Axis_Pos_44,Pickup 2_R Axis 4_Axis_Pos_44,L?y v?t li?u 2_Tr?c R 4_Tr?c_V? trí_44
PLC/取料2_R轴4_Axis_Pos,取料2_R轴4_Axis_Pos_45,29690,取料2_R轴4_Axis_Pos_45,Pickup 2_R Axis 4_Axis_Pos_45,L?y v?t li?u 2_Tr?c R 4_Tr?c_V? trí_45
PLC/取料2_R轴4_Axis_Pos,取料2_R轴4_Axis_Pos_46,29692,取料2_R轴4_Axis_Pos_46,Pickup 2_R Axis 4_Axis_Pos_46,L?y v?t li?u 2_Tr?c R 4_Tr?c_V? trí_46
PLC/取料2_R轴4_Axis_Pos,取料2_R轴4_Axis_Pos_47,29694,取料2_R轴4_Axis_Pos_47,Pickup 2_R Axis 4_Axis_Pos_47,L?y v?t li?u 2_Tr?c R 4_Tr?c_V? trí_47

PLC/取料2_R轴4_Axis_Vel,取料2_R轴4_Axis_Vel_0,29700,取料2_R轴4_Axis_Vel_0,Pickup 2_R Axis 4_Axis_Vel_0,L?y v?t li?u 2_Tr?c R 4_Tr?c_V?n t?c_0
PLC/取料2_R轴4_Axis_Vel,取料2_R轴4_Axis_Vel_1,29702,取料2_R轴4_Axis_Vel_1,Pickup 2_R Axis 4_Axis_Vel_1,L?y v?t li?u 2_Tr?c R 4_Tr?c_V?n t?c_1
PLC/取料2_R轴4_Axis_Vel,取料2_R轴4_Axis_Vel_2,29704,取料2_R轴4_Axis_Vel_2,Pickup 2_R Axis 4_Axis_Vel_2,L?y v?t li?u 2_Tr?c R 4_Tr?c_V?n t?c_2
PLC/取料2_R轴4_Axis_Vel,取料2_R轴4_Axis_Vel_3,29706,取料2_R轴4_Axis_Vel_3,Pickup 2_R Axis 4_Axis_Vel_3,L?y v?t li?u 2_Tr?c R 4_Tr?c_V?n t?c_3
PLC/取料2_R轴4_Axis_Vel,取料2_R轴4_Axis_Vel_4,29708,取料2_R轴4_Axis_Vel_4,Pickup 2_R Axis 4_Axis_Vel_4,L?y v?t li?u 2_Tr?c R 4_Tr?c_V?n t?c_4
PLC/取料2_R轴4_Axis_Vel,取料2_R轴4_Axis_Vel_5,29710,取料2_R轴4_Axis_Vel_5,Pickup 2_R Axis 4_Axis_Vel_5,L?y v?t li?u 2_Tr?c R 4_Tr?c_V?n t?c_5
PLC/取料2_R轴4_Axis_Vel,取料2_R轴4_Axis_Vel_6,29712,取料2_R轴4_Axis_Vel_6,Pickup 2_R Axis 4_Axis_Vel_6,L?y v?t li?u 2_Tr?c R 4_Tr?c_V?n t?c_6
PLC/取料2_R轴4_Axis_Vel,取料2_R轴4_Axis_Vel_7,29714,取料2_R轴4_Axis_Vel_7,Pickup 2_R Axis 4_Axis_Vel_7,L?y v?t li?u 2_Tr?c R 4_Tr?c_V?n t?c_7
PLC/取料2_R轴4_Axis_Vel,取料2_R轴4_Axis_Vel_8,29716,取料2_R轴4_Axis_Vel_8,Pickup 2_R Axis 4_Axis_Vel_8,L?y v?t li?u 2_Tr?c R 4_Tr?c_V?n t?c_8
PLC/取料2_R轴4_Axis_Vel,取料2_R轴4_Axis_Vel_9,29718,取料2_R轴4_Axis_Vel_9,Pickup 2_R Axis 4_Axis_Vel_9,L?y v?t li?u 2_Tr?c R 4_Tr?c_V?n t?c_9
PLC/取料2_R轴4_Axis_Vel,取料2_R轴4_Axis_Vel_10,29720,取料2_R轴4_Axis_Vel_10,Pickup 2_R Axis 4_Axis_Vel_10,L?y v?t li?u 2_Tr?c R 4_Tr?c_V?n t?c_10
PLC/取料2_R轴4_Axis_Vel,取料2_R轴4_Axis_Vel_11,29722,取料2_R轴4_Axis_Vel_11,Pickup 2_R Axis 4_Axis_Vel_11,L?y v?t li?u 2_Tr?c R 4_Tr?c_V?n t?c_11
PLC/取料2_R轴4_Axis_Vel,取料2_R轴4_Axis_Vel_12,29724,取料2_R轴4_Axis_Vel_12,Pickup 2_R Axis 4_Axis_Vel_12,L?y v?t li?u 2_Tr?c R 4_Tr?c_V?n t?c_12
PLC/取料2_R轴4_Axis_Vel,取料2_R轴4_Axis_Vel_13,29726,取料2_R轴4_Axis_Vel_13,Pickup 2_R Axis 4_Axis_Vel_13,L?y v?t li?u 2_Tr?c R 4_Tr?c_V?n t?c_13
PLC/取料2_R轴4_Axis_Vel,取料2_R轴4_Axis_Vel_14,29728,取料2_R轴4_Axis_Vel_14,Pickup 2_R Axis 4_Axis_Vel_14,L?y v?t li?u 2_Tr?c R 4_Tr?c_V?n t?c_14
PLC/取料2_R轴4_Axis_Vel,取料2_R轴4_Axis_Vel_15,29730,取料2_R轴4_Axis_Vel_15,Pickup 2_R Axis 4_Axis_Vel_15,L?y v?t li?u 2_Tr?c R 4_Tr?c_V?n t?c_15
PLC/取料2_R轴4_Axis_Vel,取料2_R轴4_Axis_Vel_16,29732,取料2_R轴4_Axis_Vel_16,Pickup 2_R Axis 4_Axis_Vel_16,L?y v?t li?u 2_Tr?c R 4_Tr?c_V?n t?c_16
PLC/取料2_R轴4_Axis_Vel,取料2_R轴4_Axis_Vel_17,29734,取料2_R轴4_Axis_Vel_17,Pickup 2_R Axis 4_Axis_Vel_17,L?y v?t li?u 2_Tr?c R 4_Tr?c_V?n t?c_17
PLC/取料2_R轴4_Axis_Vel,取料2_R轴4_Axis_Vel_18,29736,取料2_R轴4_Axis_Vel_18,Pickup 2_R Axis 4_Axis_Vel_18,L?y v?t li?u 2_Tr?c R 4_Tr?c_V?n t?c_18
PLC/取料2_R轴4_Axis_Vel,取料2_R轴4_Axis_Vel_19,29738,取料2_R轴4_Axis_Vel_19,Pickup 2_R Axis 4_Axis_Vel_19,L?y v?t li?u 2_Tr?c R 4_Tr?c_V?n t?c_19
PLC/取料2_R轴4_Axis_Vel,取料2_R轴4_Axis_Vel_20,29740,取料2_R轴4_Axis_Vel_20,Pickup 2_R Axis 4_Axis_Vel_20,L?y v?t li?u 2_Tr?c R 4_Tr?c_V?n t?c_20
PLC/取料2_R轴4_Axis_Vel,取料2_R轴4_Axis_Vel_21,29742,取料2_R轴4_Axis_Vel_21,Pickup 2_R Axis 4_Axis_Vel_21,L?y v?t li?u 2_Tr?c R 4_Tr?c_V?n t?c_21
PLC/取料2_R轴4_Axis_Vel,取料2_R轴4_Axis_Vel_22,29744,取料2_R轴4_Axis_Vel_22,Pickup 2_R Axis 4_Axis_Vel_22,L?y v?t li?u 2_Tr?c R 4_Tr?c_V?n t?c_22
PLC/取料2_R轴4_Axis_Vel,取料2_R轴4_Axis_Vel_23,29746,取料2_R轴4_Axis_Vel_23,Pickup 2_R Axis 4_Axis_Vel_23,L?y v?t li?u 2_Tr?c R 4_Tr?c_V?n t?c_23
PLC/取料2_R轴4_Axis_Vel,取料2_R轴4_Axis_Vel_24,29748,取料2_R轴4_Axis_Vel_24,Pickup 2_R Axis 4_Axis_Vel_24,L?y v?t li?u 2_Tr?c R 4_Tr?c_V?n t?c_24
PLC/取料2_R轴4_Axis_Vel,取料2_R轴4_Axis_Vel_25,29750,取料2_R轴4_Axis_Vel_25,Pickup 2_R Axis 4_Axis_Vel_25,L?y v?t li?u 2_Tr?c R 4_Tr?c_V?n t?c_25
PLC/取料2_R轴4_Axis_Vel,取料2_R轴4_Axis_Vel_26,29752,取料2_R轴4_Axis_Vel_26,Pickup 2_R Axis 4_Axis_Vel_26,L?y v?t li?u 2_Tr?c R 4_Tr?c_V?n t?c_26
PLC/取料2_R轴4_Axis_Vel,取料2_R轴4_Axis_Vel_27,29754,取料2_R轴4_Axis_Vel_27,Pickup 2_R Axis 4_Axis_Vel_27,L?y v?t li?u 2_Tr?c R 4_Tr?c_V?n t?c_27
PLC/取料2_R轴4_Axis_Vel,取料2_R轴4_Axis_Vel_28,29756,取料2_R轴4_Axis_Vel_28,Pickup 2_R Axis 4_Axis_Vel_28,L?y v?t li?u 2_Tr?c R 4_Tr?c_V?n t?c_28
PLC/取料2_R轴4_Axis_Vel,取料2_R轴4_Axis_Vel_29,29758,取料2_R轴4_Axis_Vel_29,Pickup 2_R Axis 4_Axis_Vel_29,L?y v?t li?u 2_Tr?c R 4_Tr?c_V?n t?c_29
PLC/取料2_R轴4_Axis_Vel,取料2_R轴4_Axis_Vel_30,29760,取料2_R轴4_Axis_Vel_30,Pickup 2_R Axis 4_Axis_Vel_30,L?y v?t li?u 2_Tr?c R 4_Tr?c_V?n t?c_30
PLC/取料2_R轴4_Axis_Vel,取料2_R轴4_Axis_Vel_31,29762,取料2_R轴4_Axis_Vel_31,Pickup 2_R Axis 4_Axis_Vel_31,L?y v?t li?u 2_Tr?c R 4_Tr?c_V?n t?c_31
PLC/取料2_R轴4_Axis_Vel,取料2_R轴4_Axis_Vel_32,29764,取料2_R轴4_Axis_Vel_32,Pickup 2_R Axis 4_Axis_Vel_32,L?y v?t li?u 2_Tr?c R 4_Tr?c_V?n t?c_32
PLC/取料2_R轴4_Axis_Vel,取料2_R轴4_Axis_Vel_33,29766,取料2_R轴4_Axis_Vel_33,Pickup 2_R Axis 4_Axis_Vel_33,L?y v?t li?u 2_Tr?c R 4_Tr?c_V?n t?c_33
PLC/取料2_R轴4_Axis_Vel,取料2_R轴4_Axis_Vel_34,29768,取料2_R轴4_Axis_Vel_34,Pickup 2_R Axis 4_Axis_Vel_34,L?y v?t li?u 2_Tr?c R 4_Tr?c_V?n t?c_34
PLC/取料2_R轴4_Axis_Vel,取料2_R轴4_Axis_Vel_35,29770,取料2_R轴4_Axis_Vel_35,Pickup 2_R Axis 4_Axis_Vel_35,L?y v?t li?u 2_Tr?c R 4_Tr?c_V?n t?c_35
PLC/取料2_R轴4_Axis_Vel,取料2_R轴4_Axis_Vel_36,29772,取料2_R轴4_Axis_Vel_36,Pickup 2_R Axis 4_Axis_Vel_36,L?y v?t li?u 2_Tr?c R 4_Tr?c_V?n t?c_36
PLC/取料2_R轴4_Axis_Vel,取料2_R轴4_Axis_Vel_37,29774,取料2_R轴4_Axis_Vel_37,Pickup 2_R Axis 4_Axis_Vel_37,L?y v?t li?u 2_Tr?c R 4_Tr?c_V?n t?c_37
PLC/取料2_R轴4_Axis_Vel,取料2_R轴4_Axis_Vel_38,29776,取料2_R轴4_Axis_Vel_38,Pickup 2_R Axis 4_Axis_Vel_38,L?y v?t li?u 2_Tr?c R 4_Tr?c_V?n t?c_38
PLC/取料2_R轴4_Axis_Vel,取料2_R轴4_Axis_Vel_39,29778,取料2_R轴4_Axis_Vel_39,Pickup 2_R Axis 4_Axis_Vel_39,L?y v?t li?u 2_Tr?c R 4_Tr?c_V?n t?c_39
PLC/取料2_R轴4_Axis_Vel,取料2_R轴4_Axis_Vel_40,29780,取料2_R轴4_Axis_Vel_40,Pickup 2_R Axis 4_Axis_Vel_40,L?y v?t li?u 2_Tr?c R 4_Tr?c_V?n t?c_40
PLC/取料2_R轴4_Axis_Vel,取料2_R轴4_Axis_Vel_41,29782,取料2_R轴4_Axis_Vel_41,Pickup 2_R Axis 4_Axis_Vel_41,L?y v?t li?u 2_Tr?c R 4_Tr?c_V?n t?c_41
PLC/取料2_R轴4_Axis_Vel,取料2_R轴4_Axis_Vel_42,29784,取料2_R轴4_Axis_Vel_42,Pickup 2_R Axis 4_Axis_Vel_42,L?y v?t li?u 2_Tr?c R 4_Tr?c_V?n t?c_42
PLC/取料2_R轴4_Axis_Vel,取料2_R轴4_Axis_Vel_43,29786,取料2_R轴4_Axis_Vel_43,Pickup 2_R Axis 4_Axis_Vel_43,L?y v?t li?u 2_Tr?c R 4_Tr?c_V?n t?c_43
PLC/取料2_R轴4_Axis_Vel,取料2_R轴4_Axis_Vel_44,29788,取料2_R轴4_Axis_Vel_44,Pickup 2_R Axis 4_Axis_Vel_44,L?y v?t li?u 2_Tr?c R 4_Tr?c_V?n t?c_44
PLC/取料2_R轴4_Axis_Vel,取料2_R轴4_Axis_Vel_45,29790,取料2_R轴4_Axis_Vel_45,Pickup 2_R Axis 4_Axis_Vel_45,L?y v?t li?u 2_Tr?c R 4_Tr?c_V?n t?c_45
PLC/取料2_R轴4_Axis_Vel,取料2_R轴4_Axis_Vel_46,29792,取料2_R轴4_Axis_Vel_46,Pickup 2_R Axis 4_Axis_Vel_46,L?y v?t li?u 2_Tr?c R 4_Tr?c_V?n t?c_46
PLC/取料2_R轴4_Axis_Vel,取料2_R轴4_Axis_Vel_47,29794,取料2_R轴4_Axis_Vel_47,Pickup 2_R Axis 4_Axis_Vel_47,L?y v?t li?u 2_Tr?c R 4_Tr?c_V?n t?c_47
